linked_list,frame_num,buffer_count,frame_buffer_count,write_buffer_count,dropped_buffer_count,timestamp,write_timestamp,pixel_count,battery_voltage_raw,input_voltage_raw,unix_time
4294967295,4278196448,4278320359,4294967295,16776423,4294967295,4289564328,255,4294965700,4294967295,243,4294967295,243,1770153390.9508238
4294967295,4278196448,4278320359,4294967295,16776423,4294967295,4289564328,255,4294965700,4294967295,243,4294967295,243,1770153390.9563117
4294967292,4278196450,130294,4294967040,16776438,4294967295,4289566920,16777212,4294965700,4294967295,4294967283,4294967295,4294967283,1770153390.9574604
4294967295,4278196448,4278320359,4294967295,16776423,4294967295,4289564328,255,4294965700,4294967295,243,4294967295,243,1770153390.9663222
4294967292,4278196450,130294,4294967040,16776438,4294967295,4289566920,16777212,4294965700,4294967295,4294967283,4294967295,4294967283,1770153390.9675374
4294967293,4294908130,4294966519,4294967295,4278320375,4294967295,11376880,4294967293,4294965700,4294967295,4294967283,4294967295,4294967283,1770153390.9686162
4294967295,4278196448,4278320359,4294967295,16776423,4294967295,4289564328,255,4294965700,4294967295,243,4294967295,243,1770153391.4671462
4294967292,4278196450,130294,4294967040,16776438,4294967295,4289566920,16777212,4294965700,4294967295,4294967283,4294967295,4294967283,1770153391.4683585
4294967293,4294908130,4294966519,4294967295,4278320375,4294967295,11376880,4294967293,4294965700,4294967295,4294967283,4294967295,4294967283,1770153391.4693868
4294967295,4278196450,4278320379,4294967293,16776443,4294967295,4289567632,255,4294965700,4294967295,243,4294967295,243,1770153391.470359
4294967295,4278196448,4278320359,4294967295,16776423,4294967295,4289564328,255,4294965700,4294967295,243,4294967295,243,1770153391.7272792
4294967292,4278196450,130294,4294967040,16776438,4294967295,4289566920,16777212,4294965700,4294967295,4294967283,4294967295,4294967283,1770153391.7284591
4294967293,4294908130,4294966519,4294967295,4278320375,4294967295,11376880,4294967293,4294965700,4294967295,4294967283,4294967295,4294967283,1770153391.729491
4294967295,4278196450,4278320379,4294967293,16776443,4294967295,4289567632,255,4294965700,4294967295,243,4294967295,243,1770153391.730504
4294967295,4278196454,4278320361,4294967295,16776425,4294967295,4289575380,255,4294965700,4294967295,243,4294967295,243,1770153391.7314954
4294967295,4278196448,4278320359,4294967295,16776423,4294967295,4289564328,255,4294965700,4294967295,243,4294967295,243,1770153392.0814838
4294967292,4278196450,130294,4294967040,16776438,4294967295,4289566920,16777212,4294965700,4294967295,4294967283,4294967295,4294967283,1770153392.0825503
4294967293,4294908130,4294966519,4294967295,4278320375,4294967295,11376880,4294967293,4294965700,4294967295,4294967283,4294967295,4294967283,1770153392.0835714
4294967295,4278196450,4278320379,4294967293,16776443,4294967295,4289567632,255,4294965700,4294967295,243,4294967295,243,1770153392.0845697
4294967295,4278196454,4278320361,4294967295,16776425,4294967295,4289575380,255,4294965700,4294967295,243,4294967295,243,1770153392.0855286
4294967295,4294908137,4294966403,4294967295,4278320259,4294967295,4289579761,4294967295,4294904260,4294967295,4294902003,4294967295,4294902003,1770153392.0864713
4294967295,4278196448,4278320359,4294967295,16776423,4294967295,4289564328,255,4294965700,4294967295,243,4294967295,243,1770153392.1392133
4294967292,4278196450,130294,4294967040,16776438,4294967295,4289566920,16777212,4294965700,4294967295,4294967283,4294967295,4294967283,1770153392.1402726
4294967293,4294908130,4294966519,4294967295,4278320375,4294967295,11376880,4294967293,4294965700,4294967295,4294967283,4294967295,4294967283,1770153392.1413407
4294967295,4278196450,4278320379,4294967293,16776443,4294967295,4289567632,255,4294965700,4294967295,243,4294967295,243,1770153392.1423507
4294967295,4278196454,4278320361,4294967295,16776425,4294967295,4289575380,255,4294965700,4294967295,243,4294967295,243,1770153392.1432917
4294967295,4294908137,4294966403,4294967295,4278320259,4294967295,4289579761,4294967295,4294904260,4294967295,4294902003,4294967295,4294902003,1770153392.1444287
4294967294,4278196459,4278258848,4294967295,16776352,4294967295,4289584359,254,4294965700,4294967295,243,4294967295,243,1770153392.1454875
4294967295,4278196448,4278320359,4294967295,16776423,4294967295,4289564328,255,4294965700,4294967295,243,4294967295,243,1770153392.6594472
4294967292,4278196450,130294,4294967040,16776438,4294967295,4289566920,16777212,4294965700,4294967295,4294967283,4294967295,4294967283,1770153392.6606226
4294967293,4294908130,4294966519,4294967295,4278320375,4294967295,11376880,4294967293,4294965700,4294967295,4294967283,4294967295,4294967283,1770153392.6619692
4294967295,4278196450,4278320379,4294967293,16776443,4294967295,4289567632,255,4294965700,4294967295,243,4294967295,243,1770153392.6630392
4294967295,4278196454,4278320361,4294967295,16776425,4294967295,4289575380,255,4294965700,4294967295,243,4294967295,243,1770153392.6640522
4294967295,4294908137,4294966403,4294967295,4278320259,4294967295,4289579761,4294967295,4294904260,4294967295,4294902003,4294967295,4294902003,1770153392.6651177
4294967294,4278196459,4278258848,4294967295,16776352,4294967295,4289584359,254,4294965700,4294967295,243,4294967295,243,1770153392.6660569
4294967295,4294908140,4294966442,4294967294,4278320298,4294967295,11396062,4294967295,4294965700,4294967295,4294902003,4294967295,4294902003,1770153392.6670263
4294967295,4278196448,4278320359,4294967295,16776423,4294967295,4289564328,255,4294965700,4294967295,243,4294967295,243,1770153392.7037737
4294967292,4278196450,130294,4294967040,16776438,4294967295,4289566920,16777212,4294965700,4294967295,4294967283,4294967295,4294967283,1770153392.7046838
4294967293,4294908130,4294966519,4294967295,4278320375,4294967295,11376880,4294967293,4294965700,4294967295,4294967283,4294967295,4294967283,1770153392.7057216
4294967295,4278196450,4278320379,4294967293,16776443,4294967295,4289567632,255,4294965700,4294967295,243,4294967295,243,1770153392.7066104
4294967295,4278196454,4278320361,4294967295,16776425,4294967295,4289575380,255,4294965700,4294967295,243,4294967295,243,1770153392.707602
4294967295,4294908137,4294966403,4294967295,4278320259,4294967295,4289579761,4294967295,4294904260,4294967295,4294902003,4294967295,4294902003,1770153392.7084975
4294967294,4278196459,4278258848,4294967295,16776352,4294967295,4289584359,254,4294965700,4294967295,243,4294967295,243,1770153392.7095315
4294967295,4294908140,4294966442,4294967294,4278320298,4294967295,11396062,4294967295,4294965700,4294967295,4294902003,4294967295,4294902003,1770153392.7105167
4294967295,4278196463,4278320334,4294967289,16776398,4294967295,4289591980,4294967295,4294965700,4294967295,4278190323,4294967295,4278190323,1770153392.711787
4294967295,4278196448,4278320359,4294967295,16776423,4294967295,4289564328,255,4294965700,4294967295,243,4294967295,243,1770153394.838051
4294967292,4278196450,130294,4294967040,16776438,4294967295,4289566920,16777212,4294965700,4294967295,4294967283,4294967295,4294967283,1770153394.8392394
4294967293,4294908130,4294966519,4294967295,4278320375,4294967295,11376880,4294967293,4294965700,4294967295,4294967283,4294967295,4294967283,1770153394.8405101
4294967295,4278196450,4278320379,4294967293,16776443,4294967295,4289567632,255,4294965700,4294967295,243,4294967295,243,1770153394.8416204
4294967295,4278196454,4278320361,4294967295,16776425,4294967295,4289575380,255,4294965700,4294967295,243,4294967295,243,1770153394.8427165
4294967295,4294908137,4294966403,4294967295,4278320259,4294967295,4289579761,4294967295,4294904260,4294967295,4294902003,4294967295,4294902003,1770153394.844218
4294967294,4278196459,4278258848,4294967295,16776352,4294967295,4289584359,254,4294965700,4294967295,243,4294967295,243,1770153394.8452685
4294967295,4294908140,4294966442,4294967294,4278320298,4294967295,11396062,4294967295,4294965700,4294967295,4294902003,4294967295,4294902003,1770153394.846403
4294967295,4278196463,4278320334,4294967289,16776398,4294967295,4289591980,4294967295,4294965700,4294967295,4278190323,4294967295,4278190323,1770153394.8474789
4294967295,4278196464,4278320341,4294967293,16776405,4294967295,4289593320,255,4294965700,4294967295,243,4294967295,243,1770153394.8484392
4294967295,4278196448,4278320359,4294967295,16776423,4294967295,4289564328,255,4294965700,4294967295,243,4294967295,243,1770153395.35664
4294967292,4278196450,130294,4294967040,16776438,4294967295,4289566920,16777212,4294965700,4294967295,4294967283,4294967295,4294967283,1770153395.357724
4294967293,4294908130,4294966519,4294967295,4278320375,4294967295,11376880,4294967293,4294965700,4294967295,4294967283,4294967295,4294967283,1770153395.3588688
4294967295,4278196450,4278320379,4294967293,16776443,4294967295,4289567632,255,4294965700,4294967295,243,4294967295,243,1770153395.3600657
4294967295,4278196454,4278320361,4294967295,16776425,4294967295,4289575380,255,4294965700,4294967295,243,4294967295,243,1770153395.3612523
4294967295,4294908137,4294966403,4294967295,4278320259,4294967295,4289579761,4294967295,4294904260,4294967295,4294902003,4294967295,4294902003,1770153395.362235
4294967294,4278196459,4278258848,4294967295,16776352,4294967295,4289584359,254,4294965700,4294967295,243,4294967295,243,1770153395.3631735
4294967295,4294908140,4294966442,4294967294,4278320298,4294967295,11396062,4294967295,4294965700,4294967295,4294902003,4294967295,4294902003,1770153395.3640735
4294967295,4278196463,4278320334,4294967289,16776398,4294967295,4289591980,4294967295,4294965700,4294967295,4278190323,4294967295,4278190323,1770153395.3651304
4294967295,4278196464,4278320341,4294967293,16776405,4294967295,4289593320,255,4294965700,4294967295,243,4294967295,243,1770153395.36607
4294967295,4294908151,4294966755,4294967294,4278320611,4294967295,11415961,255,4294965700,4294967295,4294902003,4294967295,4294902003,1770153395.3670409
4294967295,4278196448,4278320359,4294967295,16776423,4294967295,4289564328,255,4294965700,4294967295,243,4294967295,243,1770153395.7795572
4294967292,4278196450,130294,4294967040,16776438,4294967295,4289566920,16777212,4294965700,4294967295,4294967283,4294967295,4294967283,1770153395.7809062
4294967293,4294908130,4294966519,4294967295,4278320375,4294967295,11376880,4294967293,4294965700,4294967295,4294967283,4294967295,4294967283,1770153395.7823305
4294967295,4278196450,4278320379,4294967293,16776443,4294967295,4289567632,255,4294965700,4294967295,243,4294967295,243,1770153395.7835996
4294967295,4278196454,4278320361,4294967295,16776425,4294967295,4289575380,255,4294965700,4294967295,243,4294967295,243,1770153395.7847738
4294967295,4294908137,4294966403,4294967295,4278320259,4294967295,4289579761,4294967295,4294904260,4294967295,4294902003,4294967295,4294902003,1770153395.7858167
4294967294,4278196459,4278258848,4294967295,16776352,4294967295,4289584359,254,4294965700,4294967295,243,4294967295,243,1770153395.7869713
4294967295,4294908140,4294966442,4294967294,4278320298,4294967295,11396062,4294967295,4294965700,4294967295,4294902003,4294967295,4294902003,1770153395.7881927
4294967295,4278196463,4278320334,4294967289,16776398,4294967295,4289591980,4294967295,4294965700,4294967295,4278190323,4294967295,4278190323,1770153395.7891898
4294967295,4278196464,4278320341,4294967293,16776405,4294967295,4289593320,255,4294965700,4294967295,243,4294967295,243,1770153395.7901578
4294967295,4294908151,4294966755,4294967294,4278320611,4294967295,11415961,255,4294965700,4294967295,4294902003,4294967295,4294902003,1770153395.7915618
4294967292,4294908154,4294966724,4294967294,4278320580,4294967295,11421419,252,4294965700,4294967295,4294967283,4294967295,4294967283,1770153395.7929883
4294967295,4278196448,4278320359,4294967295,16776423,4294967295,4289564328,255,4294965700,4294967295,243,4294967295,243,1770153395.7964938
4294967292,4278196450,130294,4294967040,16776438,4294967295,4289566920,16777212,4294965700,4294967295,4294967283,4294967295,4294967283,1770153395.797631
4294967293,4294908130,4294966519,4294967295,4278320375,4294967295,11376880,4294967293,4294965700,4294967295,4294967283,4294967295,4294967283,1770153395.7990417
4294967295,4278196450,4278320379,4294967293,16776443,4294967295,4289567632,255,4294965700,4294967295,243,4294967295,243,1770153395.800229
4294967295,4278196454,4278320361,4294967295,16776425,4294967295,4289575380,255,4294965700,4294967295,243,4294967295,243,1770153395.801569
4294967295,4294908137,4294966403,4294967295,4278320259,4294967295,4289579761,4294967295,4294904260,4294967295,4294902003,4294967295,4294902003,1770153395.802851
4294967294,4278196459,4278258848,4294967295,16776352,4294967295,4289584359,254,4294965700,4294967295,243,4294967295,243,1770153395.8040988
4294967295,4294908140,4294966442,4294967294,4278320298,4294967295,11396062,4294967295,4294965700,4294967295,4294902003,4294967295,4294902003,1770153395.8052588
4294967295,4278196463,4278320334,4294967289,16776398,4294967295,4289591980,4294967295,4294965700,4294967295,4278190323,4294967295,4278190323,1770153395.8067687
4294967295,4278196464,4278320341,4294967293,16776405,4294967295,4289593320,255,4294965700,4294967295,243,4294967295,243,1770153395.8081486
4294967295,4294908151,4294966755,4294967294,4278320611,4294967295,11415961,255,4294965700,4294967295,4294902003,4294967295,4294902003,1770153395.809576
4294967292,4294908154,4294966724,4294967294,4278320580,4294967295,11421419,252,4294965700,4294967295,4294967283,4294967295,4294967283,1770153395.8115783
4294967295,4294908157,4294905313,4294967294,4278259169,4294967295,11458977,4294902015,4294904260,4294967295,4294967283,4294967295,4294967283,1770153395.8129094
4294967295,4278196448,4278320359,4294967295,16776423,4294967295,4289564328,255,4294965700,4294967295,243,4294967295,243,1770153395.8181546
4294967292,4278196450,130294,4294967040,16776438,4294967295,4289566920,16777212,4294965700,4294967295,4294967283,4294967295,4294967283,1770153395.819704
4294967293,4294908130,4294966519,4294967295,4278320375,4294967295,11376880,4294967293,4294965700,4294967295,4294967283,4294967295,4294967283,1770153395.8209858
4294967295,4278196450,4278320379,4294967293,16776443,4294967295,4289567632,255,4294965700,4294967295,243,4294967295,243,1770153395.8227196
4294967295,4278196454,4278320361,4294967295,16776425,4294967295,4289575380,255,4294965700,4294967295,243,4294967295,243,1770153395.824129
4294967295,4294908137,4294966403,4294967295,4278320259,4294967295,4289579761,4294967295,4294904260,4294967295,4294902003,4294967295,4294902003,1770153395.8255365
4294967294,4278196459,4278258848,4294967295,16776352,4294967295,4289584359,254,4294965700,4294967295,243,4294967295,243,1770153395.8267214
4294967295,4294908140,4294966442,4294967294,4278320298,4294967295,11396062,4294967295,4294965700,4294967295,4294902003,4294967295,4294902003,1770153395.8279603
4294967295,4278196463,4278320334,4294967289,16776398,4294967295,4289591980,4294967295,4294965700,4294967295,4278190323,4294967295,4278190323,1770153395.8304074
4294967295,4278196464,4278320341,4294967293,16776405,4294967295,4289593320,255,4294965700,4294967295,243,4294967295,243,1770153395.8315356
4294967295,4294908151,4294966755,4294967294,4278320611,4294967295,11415961,255,4294965700,4294967295,4294902003,4294967295,4294902003,1770153395.832598
4294967292,4294908154,4294966724,4294967294,4278320580,4294967295,11421419,252,4294965700,4294967295,4294967283,4294967295,4294967283,1770153395.833716
4294967295,4294908157,4294905313,4294967294,4278259169,4294967295,11458977,4294902015,4294904260,4294967295,4294967283,4294967295,4294967283,1770153395.8347352
4294967292,4294908157,4294966754,4294967295,4278320610,4294967295,11426505,4294967292,4294965700,4294967295,4294967283,4294967295,4294967283,1770153395.835708
4294967295,4278196448,4278320359,4294967295,16776423,4294967295,4289564328,255,4294965700,4294967295,243,4294967295,243,1770153396.254644
4294967292,4278196450,130294,4294967040,16776438,4294967295,4289566920,16777212,4294965700,4294967295,4294967283,4294967295,4294967283,1770153396.2558076
4294967293,4294908130,4294966519,4294967295,4278320375,4294967295,11376880,4294967293,4294965700,4294967295,4294967283,4294967295,4294967283,1770153396.2569788
4294967295,4278196450,4278320379,4294967293,16776443,4294967295,4289567632,255,4294965700,4294967295,243,4294967295,243,1770153396.2584028
4294967295,4278196454,4278320361,4294967295,16776425,4294967295,4289575380,255,4294965700,4294967295,243,4294967295,243,1770153396.259822
4294967295,4294908137,4294966403,4294967295,4278320259,4294967295,4289579761,4294967295,4294904260,4294967295,4294902003,4294967295,4294902003,1770153396.2614095
4294967294,4278196459,4278258848,4294967295,16776352,4294967295,4289584359,254,4294965700,4294967295,243,4294967295,243,1770153396.262664
4294967295,4294908140,4294966442,4294967294,4278320298,4294967295,11396062,4294967295,4294965700,4294967295,4294902003,4294967295,4294902003,1770153396.2637992
4294967295,4278196463,4278320334,4294967289,16776398,4294967295,4289591980,4294967295,4294965700,4294967295,4278190323,4294967295,4278190323,1770153396.2648118
4294967295,4278196464,4278320341,4294967293,16776405,4294967295,4289593320,255,4294965700,4294967295,243,4294967295,243,1770153396.2658405
4294967295,4294908151,4294966755,4294967294,4278320611,4294967295,11415961,255,4294965700,4294967295,4294902003,4294967295,4294902003,1770153396.2668316
4294967292,4294908154,4294966724,4294967294,4278320580,4294967295,11421419,252,4294965700,4294967295,4294967283,4294967295,4294967283,1770153396.2679498
4294967295,4294908157,4294905313,4294967294,4278259169,4294967295,11458977,4294902015,4294904260,4294967295,4294967283,4294967295,4294967283,1770153396.2690675
4294967292,4294908157,4294966754,4294967295,4278320610,4294967295,11426505,4294967292,4294965700,4294967295,4294967283,4294967295,4294967283,1770153396.2700884
4294967294,4278196477,4278320614,4294967295,16776678,4294967295,4289617129,254,4294965700,4294967295,243,4294967295,243,1770153396.271119
4294967295,4278196448,4278320359,4294967295,16776423,4294967295,4289564328,255,4294965700,4294967295,243,4294967295,243,1770153396.2865791
4294967292,4278196450,130294,4294967040,16776438,4294967295,4289566920,16777212,4294965700,4294967295,4294967283,4294967295,4294967283,1770153396.2879004
4294967293,4294908130,4294966519,4294967295,4278320375,4294967295,11376880,4294967293,4294965700,4294967295,4294967283,4294967295,4294967283,1770153396.289286
4294967295,4278196450,4278320379,4294967293,16776443,4294967295,4289567632,255,4294965700,4294967295,243,4294967295,243,1770153396.2910938
4294967295,4278196454,4278320361,4294967295,16776425,4294967295,4289575380,255,4294965700,4294967295,243,4294967295,243,1770153396.292312
4294967295,4294908137,4294966403,4294967295,4278320259,4294967295,4289579761,4294967295,4294904260,4294967295,4294902003,4294967295,4294902003,1770153396.294474
4294967294,4278196459,4278258848,4294967295,16776352,4294967295,4289584359,254,4294965700,4294967295,243,4294967295,243,1770153396.2958105
4294967295,4294908140,4294966442,4294967294,4278320298,4294967295,11396062,4294967295,4294965700,4294967295,4294902003,4294967295,4294902003,1770153396.2970076
4294967295,4278196463,4278320334,4294967289,16776398,4294967295,4289591980,4294967295,4294965700,4294967295,4278190323,4294967295,4278190323,1770153396.2980876
4294967295,4278196464,4278320341,4294967293,16776405,4294967295,4289593320,255,4294965700,4294967295,243,4294967295,243,1770153396.2991483
4294967295,4294908151,4294966755,4294967294,4278320611,4294967295,11415961,255,4294965700,4294967295,4294902003,4294967295,4294902003,1770153396.300305
4294967292,4294908154,4294966724,4294967294,4278320580,4294967295,11421419,252,4294965700,4294967295,4294967283,4294967295,4294967283,1770153396.301284
4294967295,4294908157,4294905313,4294967294,4278259169,4294967295,11458977,4294902015,4294904260,4294967295,4294967283,4294967295,4294967283,1770153396.30235
4294967292,4294908157,4294966754,4294967295,4278320610,4294967295,11426505,4294967292,4294965700,4294967295,4294967283,4294967295,4294967283,1770153396.3035066
4294967294,4278196477,4278320614,4294967295,16776678,4294967295,4289617129,254,4294965700,4294967295,243,4294967295,243,1770153396.30464
4294967295,4294908032,4294966658,4294967294,4278320514,4294967295,11431670,4294967295,4278192580,4294967295,4294967283,4294967295,4294967283,1770153396.3056936
4294967295,4278196448,4278320359,4294967295,16776423,4294967295,4289564328,255,4294965700,4294967295,243,4294967295,243,1770153396.4036236
4294967292,4278196450,130294,4294967040,16776438,4294967295,4289566920,16777212,4294965700,4294967295,4294967283,4294967295,4294967283,1770153396.4049053
4294967293,4294908130,4294966519,4294967295,4278320375,4294967295,11376880,4294967293,4294965700,4294967295,4294967283,4294967295,4294967283,1770153396.4061716
4294967295,4278196450,4278320379,4294967293,16776443,4294967295,4289567632,255,4294965700,4294967295,243,4294967295,243,1770153396.407404
4294967295,4278196454,4278320361,4294967295,16776425,4294967295,4289575380,255,4294965700,4294967295,243,4294967295,243,1770153396.4085684
4294967295,4294908137,4294966403,4294967295,4278320259,4294967295,4289579761,4294967295,4294904260,4294967295,4294902003,4294967295,4294902003,1770153396.4097476
4294967294,4278196459,4278258848,4294967295,16776352,4294967295,4289584359,254,4294965700,4294967295,243,4294967295,243,1770153396.4108512
4294967295,4294908140,4294966442,4294967294,4278320298,4294967295,11396062,4294967295,4294965700,4294967295,4294902003,4294967295,4294902003,1770153396.4119067
4294967295,4278196463,4278320334,4294967289,16776398,4294967295,4289591980,4294967295,4294965700,4294967295,4278190323,4294967295,4278190323,1770153396.412956
4294967295,4278196464,4278320341,4294967293,16776405,4294967295,4289593320,255,4294965700,4294967295,243,4294967295,243,1770153396.4141145
4294967295,4294908151,4294966755,4294967294,4278320611,4294967295,11415961,255,4294965700,4294967295,4294902003,4294967295,4294902003,1770153396.4152045
4294967292,4294908154,4294966724,4294967294,4278320580,4294967295,11421419,252,4294965700,4294967295,4294967283,4294967295,4294967283,1770153396.4163506
4294967295,4294908157,4294905313,4294967294,4278259169,4294967295,11458977,4294902015,4294904260,4294967295,4294967283,4294967295,4294967283,1770153396.4177194
4294967292,4294908157,4294966754,4294967295,4278320610,4294967295,11426505,4294967292,4294965700,4294967295,4294967283,4294967295,4294967283,1770153396.4188614
4294967294,4278196477,4278320614,4294967295,16776678,4294967295,4289617129,254,4294965700,4294967295,243,4294967295,243,1770153396.420072
4294967295,4294908032,4294966658,4294967294,4278320514,4294967295,11431670,4294967295,4278192580,4294967295,4294967283,4294967295,4294967283,1770153396.4211802
4294967292,4278196352,4278320518,4294967294,16776582,4294967295,4289622422,252,4278254020,4294967295,243,4294967295,243,1770153396.42225
4294967295,4278196448,4278320359,4294967295,16776423,4294967295,4289564328,255,4294965700,4294967295,243,4294967295,243,1770153396.6238768
4294967292,4278196450,130294,4294967040,16776438,4294967295,4289566920,16777212,4294965700,4294967295,4294967283,4294967295,4294967283,1770153396.6252642
4294967293,4294908130,4294966519,4294967295,4278320375,4294967295,11376880,4294967293,4294965700,4294967295,4294967283,4294967295,4294967283,1770153396.626841
4294967295,4278196450,4278320379,4294967293,16776443,4294967295,4289567632,255,4294965700,4294967295,243,4294967295,243,1770153396.6282058
4294967295,4278196454,4278320361,4294967295,16776425,4294967295,4289575380,255,4294965700,4294967295,243,4294967295,243,1770153396.6293795
4294967295,4294908137,4294966403,4294967295,4278320259,4294967295,4289579761,4294967295,4294904260,4294967295,4294902003,4294967295,4294902003,1770153396.630753
4294967294,4278196459,4278258848,4294967295,16776352,4294967295,4289584359,254,4294965700,4294967295,243,4294967295,243,1770153396.6319556
4294967295,4294908140,4294966442,4294967294,4278320298,4294967295,11396062,4294967295,4294965700,4294967295,4294902003,4294967295,4294902003,1770153396.6330025
4294967295,4278196463,4278320334,4294967289,16776398,4294967295,4289591980,4294967295,4294965700,4294967295,4278190323,4294967295,4278190323,1770153396.6391966
4294967295,4278196464,4278320341,4294967293,16776405,4294967295,4289593320,255,4294965700,4294967295,243,4294967295,243,1770153396.640432
4294967295,4294908151,4294966755,4294967294,4278320611,4294967295,11415961,255,4294965700,4294967295,4294902003,4294967295,4294902003,1770153396.6414366
4294967292,4294908154,4294966724,4294967294,4278320580,4294967295,11421419,252,4294965700,4294967295,4294967283,4294967295,4294967283,1770153396.6423597
4294967295,4294908157,4294905313,4294967294,4278259169,4294967295,11458977,4294902015,4294904260,4294967295,4294967283,4294967295,4294967283,1770153396.6435611
4294967292,4294908157,4294966754,4294967295,4278320610,4294967295,11426505,4294967292,4294965700,4294967295,4294967283,4294967295,4294967283,1770153396.6446319
4294967294,4278196477,4278320614,4294967295,16776678,4294967295,4289617129,254,4294965700,4294967295,243,4294967295,243,1770153396.646351
4294967295,4294908032,4294966658,4294967294,4278320514,4294967295,11431670,4294967295,4278192580,4294967295,4294967283,4294967295,4294967283,1770153396.647618
4294967292,4278196352,4278320518,4294967294,16776582,4294967295,4289622422,252,4278254020,4294967295,243,4294967295,243,1770153396.648735
4294967294,4278196353,4278320528,4294967293,16776592,4294967295,4289624315,4294967294,4294965700,4294967295,4294902003,4294967295,4294902003,1770153396.6498728
4294967295,4278196448,4278320359,4294967295,16776423,4294967295,4289564328,255,4294965700,4294967295,243,4294967295,243,1770153396.6525555
4294967292,4278196450,130294,4294967040,16776438,4294967295,4289566920,16777212,4294965700,4294967295,4294967283,4294967295,4294967283,1770153396.6535327
4294967293,4294908130,4294966519,4294967295,4278320375,4294967295,11376880,4294967293,4294965700,4294967295,4294967283,4294967295,4294967283,1770153396.6549022
4294967295,4278196450,4278320379,4294967293,16776443,4294967295,4289567632,255,4294965700,4294967295,243,4294967295,243,1770153396.6559815
4294967295,4278196454,4278320361,4294967295,16776425,4294967295,4289575380,255,4294965700,4294967295,243,4294967295,243,1770153396.6569588
4294967295,4294908137,4294966403,4294967295,4278320259,4294967295,4289579761,4294967295,4294904260,4294967295,4294902003,4294967295,4294902003,1770153396.6578043
4294967294,4278196459,4278258848,4294967295,16776352,4294967295,4289584359,254,4294965700,4294967295,243,4294967295,243,1770153396.6587489
4294967295,4294908140,4294966442,4294967294,4278320298,4294967295,11396062,4294967295,4294965700,4294967295,4294902003,4294967295,4294902003,1770153396.6599004
4294967295,4278196463,4278320334,4294967289,16776398,4294967295,4289591980,4294967295,4294965700,4294967295,4278190323,4294967295,4278190323,1770153396.661783
4294967295,4278196464,4278320341,4294967293,16776405,4294967295,4289593320,255,4294965700,4294967295,243,4294967295,243,1770153396.6634417
4294967295,4294908151,4294966755,4294967294,4278320611,4294967295,11415961,255,4294965700,4294967295,4294902003,4294967295,4294902003,1770153396.6648977
4294967292,4294908154,4294966724,4294967294,4278320580,4294967295,11421419,252,4294965700,4294967295,4294967283,4294967295,4294967283,1770153396.6661468
4294967295,4294908157,4294905313,4294967294,4278259169,4294967295,11458977,4294902015,4294904260,4294967295,4294967283,4294967295,4294967283,1770153396.667648
4294967292,4294908157,4294966754,4294967295,4278320610,4294967295,11426505,4294967292,4294965700,4294967295,4294967283,4294967295,4294967283,1770153396.668758
4294967294,4278196477,4278320614,4294967295,16776678,4294967295,4289617129,254,4294965700,4294967295,243,4294967295,243,1770153396.6700337
4294967295,4294908032,4294966658,4294967294,4278320514,4294967295,11431670,4294967295,4278192580,4294967295,4294967283,4294967295,4294967283,1770153396.6712947
4294967292,4278196352,4278320518,4294967294,16776582,4294967295,4289622422,252,4278254020,4294967295,243,4294967295,243,1770153396.6726077
4294967294,4278196353,4278320528,4294967293,16776592,4294967295,4289624315,4294967294,4294965700,4294967295,4294902003,4294967295,4294902003,1770153396.6738434
4294967295,4278196355,4278320545,4294967295,16776609,4294967295,4289626877,4294967295,4294965700,4294967295,4294967283,4294967295,4294967283,1770153396.675146
4294967295,4278196448,4278320359,4294967295,16776423,4294967295,4289564328,255,4294965700,4294967295,243,4294967295,243,1770153396.7974439
4294967292,4278196450,130294,4294967040,16776438,4294967295,4289566920,16777212,4294965700,4294967295,4294967283,4294967295,4294967283,1770153396.7985578
4294967293,4294908130,4294966519,4294967295,4278320375,4294967295,11376880,4294967293,4294965700,4294967295,4294967283,4294967295,4294967283,1770153396.7997475
4294967295,4278196450,4278320379,4294967293,16776443,4294967295,4289567632,255,4294965700,4294967295,243,4294967295,243,1770153396.8010054
4294967295,4278196454,4278320361,4294967295,16776425,4294967295,4289575380,255,4294965700,4294967295,243,4294967295,243,1770153396.8020918
4294967295,4294908137,4294966403,4294967295,4278320259,4294967295,4289579761,4294967295,4294904260,4294967295,4294902003,4294967295,4294902003,1770153396.8030643
4294967294,4278196459,4278258848,4294967295,16776352,4294967295,4289584359,254,4294965700,4294967295,243,4294967295,243,1770153396.8039808
4294967295,4294908140,4294966442,4294967294,4278320298,4294967295,11396062,4294967295,4294965700,4294967295,4294902003,4294967295,4294902003,1770153396.8050632
4294967295,4278196463,4278320334,4294967289,16776398,4294967295,4289591980,4294967295,4294965700,4294967295,4278190323,4294967295,4278190323,1770153396.806026
4294967295,4278196464,4278320341,4294967293,16776405,4294967295,4289593320,255,4294965700,4294967295,243,4294967295,243,1770153396.80802
4294967295,4294908151,4294966755,4294967294,4278320611,4294967295,11415961,255,4294965700,4294967295,4294902003,4294967295,4294902003,1770153396.8089952
4294967292,4294908154,4294966724,4294967294,4278320580,4294967295,11421419,252,4294965700,4294967295,4294967283,4294967295,4294967283,1770153396.8100939
4294967295,4294908157,4294905313,4294967294,4278259169,4294967295,11458977,4294902015,4294904260,4294967295,4294967283,4294967295,4294967283,1770153396.811216
4294967292,4294908157,4294966754,4294967295,4278320610,4294967295,11426505,4294967292,4294965700,4294967295,4294967283,4294967295,4294967283,1770153396.8123388
4294967294,4278196477,4278320614,4294967295,16776678,4294967295,4289617129,254,4294965700,4294967295,243,4294967295,243,1770153396.8134854
4294967295,4294908032,4294966658,4294967294,4278320514,4294967295,11431670,4294967295,4278192580,4294967295,4294967283,4294967295,4294967283,1770153396.8145344
4294967292,4278196352,4278320518,4294967294,16776582,4294967295,4289622422,252,4278254020,4294967295,243,4294967295,243,1770153396.8154957
4294967294,4278196353,4278320528,4294967293,16776592,4294967295,4289624315,4294967294,4294965700,4294967295,4294902003,4294967295,4294902003,1770153396.8168435
4294967295,4278196355,4278320545,4294967295,16776609,4294967295,4289626877,4294967295,4294965700,4294967295,4294967283,4294967295,4294967283,1770153396.8179367
4294967295,4278196355,4278320547,4294967294,16776611,4294967295,4289627341,255,4294965700,4294967040,4294902003,4294967040,4294902003,1770153396.819232
4294967295,4278196448,4278320359,4294967295,16776423,4294967295,4289564328,255,4294965700,4294967295,243,4294967295,243,1770153396.844531
4294967292,4278196450,130294,4294967040,16776438,4294967295,4289566920,16777212,4294965700,4294967295,4294967283,4294967295,4294967283,1770153396.8457983
4294967293,4294908130,4294966519,4294967295,4278320375,4294967295,11376880,4294967293,4294965700,4294967295,4294967283,4294967295,4294967283,1770153396.8469067
4294967295,4278196450,4278320379,4294967293,16776443,4294967295,4289567632,255,4294965700,4294967295,243,4294967295,243,1770153396.8479714
4294967295,4278196454,4278320361,4294967295,16776425,4294967295,4289575380,255,4294965700,4294967295,243,4294967295,243,1770153396.8495805
4294967295,4294908137,4294966403,4294967295,4278320259,4294967295,4289579761,4294967295,4294904260,4294967295,4294902003,4294967295,4294902003,1770153396.8505976
4294967294,4278196459,4278258848,4294967295,16776352,4294967295,4289584359,254,4294965700,4294967295,243,4294967295,243,1770153396.8517513
4294967295,4294908140,4294966442,4294967294,4278320298,4294967295,11396062,4294967295,4294965700,4294967295,4294902003,4294967295,4294902003,1770153396.8528712
4294967295,4278196463,4278320334,4294967289,16776398,4294967295,4289591980,4294967295,4294965700,4294967295,4278190323,4294967295,4278190323,1770153396.8541658
4294967295,4278196464,4278320341,4294967293,16776405,4294967295,4289593320,255,4294965700,4294967295,243,4294967295,243,1770153396.8553867
4294967295,4294908151,4294966755,4294967294,4278320611,4294967295,11415961,255,4294965700,4294967295,4294902003,4294967295,4294902003,1770153396.8565857
4294967292,4294908154,4294966724,4294967294,4278320580,4294967295,11421419,252,4294965700,4294967295,4294967283,4294967295,4294967283,1770153396.8577487
4294967295,4294908157,4294905313,4294967294,4278259169,4294967295,11458977,4294902015,4294904260,4294967295,4294967283,4294967295,4294967283,1770153396.8588207
4294967292,4294908157,4294966754,4294967295,4278320610,4294967295,11426505,4294967292,4294965700,4294967295,4294967283,4294967295,4294967283,1770153396.8598142
4294967294,4278196477,4278320614,4294967295,16776678,4294967295,4289617129,254,4294965700,4294967295,243,4294967295,243,1770153396.8610933
4294967295,4294908032,4294966658,4294967294,4278320514,4294967295,11431670,4294967295,4278192580,4294967295,4294967283,4294967295,4294967283,1770153396.862139
4294967292,4278196352,4278320518,4294967294,16776582,4294967295,4289622422,252,4278254020,4294967295,243,4294967295,243,1770153396.863019
4294967294,4278196353,4278320528,4294967293,16776592,4294967295,4289624315,4294967294,4294965700,4294967295,4294902003,4294967295,4294902003,1770153396.864356
4294967295,4278196355,4278320545,4294967295,16776609,4294967295,4289626877,4294967295,4294965700,4294967295,4294967283,4294967295,4294967283,1770153396.8653946
4294967295,4278196355,4278320547,4294967294,16776611,4294967295,4289627341,255,4294965700,4294967040,4294902003,4294967040,4294902003,1770153396.8665152
4294967295,4294908036,4294966703,4278255615,4278320559,4294967295,11439346,4294967295,4294965700,4294967295,4294967283,4294967295,4294967283,1770153396.8675277
4294967295,4278196448,4278320359,4294967295,16776423,4294967295,4289564328,255,4294965700,4294967295,243,4294967295,243,1770153396.96917
4294967292,4278196450,130294,4294967040,16776438,4294967295,4289566920,16777212,4294965700,4294967295,4294967283,4294967295,4294967283,1770153396.970493
4294967293,4294908130,4294966519,4294967295,4278320375,4294967295,11376880,4294967293,4294965700,4294967295,4294967283,4294967295,4294967283,1770153396.9716814
4294967295,4278196450,4278320379,4294967293,16776443,4294967295,4289567632,255,4294965700,4294967295,243,4294967295,243,1770153396.972814
4294967295,4278196454,4278320361,4294967295,16776425,4294967295,4289575380,255,4294965700,4294967295,243,4294967295,243,1770153396.9741397
4294967295,4294908137,4294966403,4294967295,4278320259,4294967295,4289579761,4294967295,4294904260,4294967295,4294902003,4294967295,4294902003,1770153396.9756658
4294967294,4278196459,4278258848,4294967295,16776352,4294967295,4289584359,254,4294965700,4294967295,243,4294967295,243,1770153396.9769917
4294967295,4294908140,4294966442,4294967294,4278320298,4294967295,11396062,4294967295,4294965700,4294967295,4294902003,4294967295,4294902003,1770153396.978812
4294967295,4278196463,4278320334,4294967289,16776398,4294967295,4289591980,4294967295,4294965700,4294967295,4278190323,4294967295,4278190323,1770153396.9802308
4294967295,4278196464,4278320341,4294967293,16776405,4294967295,4289593320,255,4294965700,4294967295,243,4294967295,243,1770153396.9814203
4294967295,4294908151,4294966755,4294967294,4278320611,4294967295,11415961,255,4294965700,4294967295,4294902003,4294967295,4294902003,1770153396.9823928
4294967292,4294908154,4294966724,4294967294,4278320580,4294967295,11421419,252,4294965700,4294967295,4294967283,4294967295,4294967283,1770153396.9833565
4294967295,4294908157,4294905313,4294967294,4278259169,4294967295,11458977,4294902015,4294904260,4294967295,4294967283,4294967295,4294967283,1770153396.9842844
4294967292,4294908157,4294966754,4294967295,4278320610,4294967295,11426505,4294967292,4294965700,4294967295,4294967283,4294967295,4294967283,1770153396.9852314
4294967294,4278196477,4278320614,4294967295,16776678,4294967295,4289617129,254,4294965700,4294967295,243,4294967295,243,1770153396.986298
4294967295,4294908032,4294966658,4294967294,4278320514,4294967295,11431670,4294967295,4278192580,4294967295,4294967283,4294967295,4294967283,1770153396.987368
4294967292,4278196352,4278320518,4294967294,16776582,4294967295,4289622422,252,4278254020,4294967295,243,4294967295,243,1770153396.9883418
4294967294,4278196353,4278320528,4294967293,16776592,4294967295,4289624315,4294967294,4294965700,4294967295,4294902003,4294967295,4294902003,1770153396.9894762
4294967295,4278196355,4278320545,4294967295,16776609,4294967295,4289626877,4294967295,4294965700,4294967295,4294967283,4294967295,4294967283,1770153396.9905994
4294967295,4278196355,4278320547,4294967294,16776611,4294967295,4289627341,255,4294965700,4294967040,4294902003,4294967040,4294902003,1770153396.9916432
4294967295,4294908036,4294966703,4278255615,4278320559,4294967295,11439346,4294967295,4294965700,4294967295,4294967283,4294967295,4294967283,1770153396.992666
4294967295,4278196356,4278320563,4294967295,16776627,4294967295,4289629874,255,4294965700,4294967295,4278190323,4294967295,4278190323,1770153396.9936287
4294967295,4278196448,4278320359,4294967295,16776423,4294967295,4289564328,255,4294965700,4294967295,243,4294967295,243,1770153397.2326427
4294967292,4278196450,130294,4294967040,16776438,4294967295,4289566920,16777212,4294965700,4294967295,4294967283,4294967295,4294967283,1770153397.2343712
4294967293,4294908130,4294966519,4294967295,4278320375,4294967295,11376880,4294967293,4294965700,4294967295,4294967283,4294967295,4294967283,1770153397.2355857
4294967295,4278196450,4278320379,4294967293,16776443,4294967295,4289567632,255,4294965700,4294967295,243,4294967295,243,1770153397.2365174
4294967295,4278196454,4278320361,4294967295,16776425,4294967295,4289575380,255,4294965700,4294967295,243,4294967295,243,1770153397.237678
4294967295,4294908137,4294966403,4294967295,4278320259,4294967295,4289579761,4294967295,4294904260,4294967295,4294902003,4294967295,4294902003,1770153397.238911
4294967294,4278196459,4278258848,4294967295,16776352,4294967295,4289584359,254,4294965700,4294967295,243,4294967295,243,1770153397.2401013
4294967295,4294908140,4294966442,4294967294,4278320298,4294967295,11396062,4294967295,4294965700,4294967295,4294902003,4294967295,4294902003,1770153397.241247
4294967295,4278196463,4278320334,4294967289,16776398,4294967295,4289591980,4294967295,4294965700,4294967295,4278190323,4294967295,4278190323,1770153397.2423794
4294967295,4278196464,4278320341,4294967293,16776405,4294967295,4289593320,255,4294965700,4294967295,243,4294967295,243,1770153397.2436805
4294967295,4294908151,4294966755,4294967294,4278320611,4294967295,11415961,255,4294965700,4294967295,4294902003,4294967295,4294902003,1770153397.244815
4294967292,4294908154,4294966724,4294967294,4278320580,4294967295,11421419,252,4294965700,4294967295,4294967283,4294967295,4294967283,1770153397.245868
4294967295,4294908157,4294905313,4294967294,4278259169,4294967295,11458977,4294902015,4294904260,4294967295,4294967283,4294967295,4294967283,1770153397.2468958
4294967292,4294908157,4294966754,4294967295,4278320610,4294967295,11426505,4294967292,4294965700,4294967295,4294967283,4294967295,4294967283,1770153397.247911
4294967294,4278196477,4278320614,4294967295,16776678,4294967295,4289617129,254,4294965700,4294967295,243,4294967295,243,1770153397.2489803
4294967295,4294908032,4294966658,4294967294,4278320514,4294967295,11431670,4294967295,4278192580,4294967295,4294967283,4294967295,4294967283,1770153397.2500684
4294967292,4278196352,4278320518,4294967294,16776582,4294967295,4289622422,252,4278254020,4294967295,243,4294967295,243,1770153397.251011
4294967294,4278196353,4278320528,4294967293,16776592,4294967295,4289624315,4294967294,4294965700,4294967295,4294902003,4294967295,4294902003,1770153397.2520537
4294967295,4278196355,4278320545,4294967295,16776609,4294967295,4289626877,4294967295,4294965700,4294967295,4294967283,4294967295,4294967283,1770153397.2531762
4294967295,4278196355,4278320547,4294967294,16776611,4294967295,4289627341,255,4294965700,4294967040,4294902003,4294967040,4294902003,1770153397.2543902
4294967295,4294908036,4294966703,4278255615,4278320559,4294967295,11439346,4294967295,4294965700,4294967295,4294967283,4294967295,4294967283,1770153397.2554252
4294967295,4278196356,4278320563,4294967295,16776627,4294967295,4289629874,255,4294965700,4294967295,4278190323,4294967295,4278190323,1770153397.256516
4294967295,4278196357,4278320574,4294967295,16776638,4294967295,4289631695,4294967295,4294965700,4294902015,243,4294902015,243,1770153397.2574794
4294967295,4278196448,4278320359,4294967295,16776423,4294967295,4289564328,255,4294965700,4294967295,243,4294967295,243,1770153397.5507298
4294967292,4278196450,130294,4294967040,16776438,4294967295,4289566920,16777212,4294965700,4294967295,4294967283,4294967295,4294967283,1770153397.5519614
4294967293,4294908130,4294966519,4294967295,4278320375,4294967295,11376880,4294967293,4294965700,4294967295,4294967283,4294967295,4294967283,1770153397.5530593
4294967295,4278196450,4278320379,4294967293,16776443,4294967295,4289567632,255,4294965700,4294967295,243,4294967295,243,1770153397.554142
4294967295,4278196454,4278320361,4294967295,16776425,4294967295,4289575380,255,4294965700,4294967295,243,4294967295,243,1770153397.5552535
4294967295,4294908137,4294966403,4294967295,4278320259,4294967295,4289579761,4294967295,4294904260,4294967295,4294902003,4294967295,4294902003,1770153397.5562215
4294967294,4278196459,4278258848,4294967295,16776352,4294967295,4289584359,254,4294965700,4294967295,243,4294967295,243,1770153397.5571227
4294967295,4294908140,4294966442,4294967294,4278320298,4294967295,11396062,4294967295,4294965700,4294967295,4294902003,4294967295,4294902003,1770153397.5579872
4294967295,4278196463,4278320334,4294967289,16776398,4294967295,4289591980,4294967295,4294965700,4294967295,4278190323,4294967295,4278190323,1770153397.5591094
4294967295,4278196464,4278320341,4294967293,16776405,4294967295,4289593320,255,4294965700,4294967295,243,4294967295,243,1770153397.5601194
4294967295,4294908151,4294966755,4294967294,4278320611,4294967295,11415961,255,4294965700,4294967295,4294902003,4294967295,4294902003,1770153397.5611475
4294967292,4294908154,4294966724,4294967294,4278320580,4294967295,11421419,252,4294965700,4294967295,4294967283,4294967295,4294967283,1770153397.5621834
4294967295,4294908157,4294905313,4294967294,4278259169,4294967295,11458977,4294902015,4294904260,4294967295,4294967283,4294967295,4294967283,1770153397.5632899
4294967292,4294908157,4294966754,4294967295,4278320610,4294967295,11426505,4294967292,4294965700,4294967295,4294967283,4294967295,4294967283,1770153397.5644023
4294967294,4278196477,4278320614,4294967295,16776678,4294967295,4289617129,254,4294965700,4294967295,243,4294967295,243,1770153397.5654757
4294967295,4294908032,4294966658,4294967294,4278320514,4294967295,11431670,4294967295,4278192580,4294967295,4294967283,4294967295,4294967283,1770153397.5664847
4294967292,4278196352,4278320518,4294967294,16776582,4294967295,4289622422,252,4278254020,4294967295,243,4294967295,243,1770153397.5674732
4294967294,4278196353,4278320528,4294967293,16776592,4294967295,4289624315,4294967294,4294965700,4294967295,4294902003,4294967295,4294902003,1770153397.5686986
4294967295,4278196355,4278320545,4294967295,16776609,4294967295,4289626877,4294967295,4294965700,4294967295,4294967283,4294967295,4294967283,1770153397.5697348
4294967295,4278196355,4278320547,4294967294,16776611,4294967295,4289627341,255,4294965700,4294967040,4294902003,4294967040,4294902003,1770153397.5710096
4294967295,4294908036,4294966703,4278255615,4278320559,4294967295,11439346,4294967295,4294965700,4294967295,4294967283,4294967295,4294967283,1770153397.5721107
4294967295,4278196356,4278320563,4294967295,16776627,4294967295,4289629874,255,4294965700,4294967295,4278190323,4294967295,4278190323,1770153397.573153
4294967295,4278196357,4278320574,4294967295,16776638,4294967295,4289631695,4294967295,4294965700,4294902015,243,4294902015,243,1770153397.5743122
4294967295,4278196359,4278320595,4294967294,16776659,4294967295,4289635299,255,4294965700,4294967295,4278190323,4294967295,4278190323,1770153397.5761914
4294967295,4278196448,4278320359,4294967295,16776423,4294967295,4289564328,255,4294965700,4294967295,243,4294967295,243,1770153398.2287786
4294967292,4278196450,130294,4294967040,16776438,4294967295,4289566920,16777212,4294965700,4294967295,4294967283,4294967295,4294967283,1770153398.2300715
4294967293,4294908130,4294966519,4294967295,4278320375,4294967295,11376880,4294967293,4294965700,4294967295,4294967283,4294967295,4294967283,1770153398.2311685
4294967295,4278196450,4278320379,4294967293,16776443,4294967295,4289567632,255,4294965700,4294967295,243,4294967295,243,1770153398.2322264
4294967295,4278196454,4278320361,4294967295,16776425,4294967295,4289575380,255,4294965700,4294967295,243,4294967295,243,1770153398.2333221
4294967295,4294908137,4294966403,4294967295,4278320259,4294967295,4289579761,4294967295,4294904260,4294967295,4294902003,4294967295,4294902003,1770153398.2343986
4294967294,4278196459,4278258848,4294967295,16776352,4294967295,4289584359,254,4294965700,4294967295,243,4294967295,243,1770153398.2354798
4294967295,4294908140,4294966442,4294967294,4278320298,4294967295,11396062,4294967295,4294965700,4294967295,4294902003,4294967295,4294902003,1770153398.2364182
4294967295,4278196463,4278320334,4294967289,16776398,4294967295,4289591980,4294967295,4294965700,4294967295,4278190323,4294967295,4278190323,1770153398.2374036
4294967295,4278196464,4278320341,4294967293,16776405,4294967295,4289593320,255,4294965700,4294967295,243,4294967295,243,1770153398.238351
4294967295,4294908151,4294966755,4294967294,4278320611,4294967295,11415961,255,4294965700,4294967295,4294902003,4294967295,4294902003,1770153398.2393053
4294967292,4294908154,4294966724,4294967294,4278320580,4294967295,11421419,252,4294965700,4294967295,4294967283,4294967295,4294967283,1770153398.2406566
4294967295,4294908157,4294905313,4294967294,4278259169,4294967295,11458977,4294902015,4294904260,4294967295,4294967283,4294967295,4294967283,1770153398.2416377
4294967292,4294908157,4294966754,4294967295,4278320610,4294967295,11426505,4294967292,4294965700,4294967295,4294967283,4294967295,4294967283,1770153398.242662
4294967294,4278196477,4278320614,4294967295,16776678,4294967295,4289617129,254,4294965700,4294967295,243,4294967295,243,1770153398.2437255
4294967295,4294908032,4294966658,4294967294,4278320514,4294967295,11431670,4294967295,4278192580,4294967295,4294967283,4294967295,4294967283,1770153398.244807
4294967292,4278196352,4278320518,4294967294,16776582,4294967295,4289622422,252,4278254020,4294967295,243,4294967295,243,1770153398.2457974
4294967294,4278196353,4278320528,4294967293,16776592,4294967295,4289624315,4294967294,4294965700,4294967295,4294902003,4294967295,4294902003,1770153398.246769
4294967295,4278196355,4278320545,4294967295,16776609,4294967295,4289626877,4294967295,4294965700,4294967295,4294967283,4294967295,4294967283,1770153398.2477856
4294967295,4278196355,4278320547,4294967294,16776611,4294967295,4289627341,255,4294965700,4294967040,4294902003,4294967040,4294902003,1770153398.2487597
4294967295,4294908036,4294966703,4278255615,4278320559,4294967295,11439346,4294967295,4294965700,4294967295,4294967283,4294967295,4294967283,1770153398.2497625
4294967295,4278196356,4278320563,4294967295,16776627,4294967295,4289629874,255,4294965700,4294967295,4278190323,4294967295,4278190323,1770153398.2508872
4294967295,4278196357,4278320574,4294967295,16776638,4294967295,4289631695,4294967295,4294965700,4294902015,243,4294902015,243,1770153398.2519288
4294967295,4278196359,4278320595,4294967294,16776659,4294967295,4289635299,255,4294965700,4294967295,4278190323,4294967295,4278190323,1770153398.2529118
4294967292,4278196362,4278320626,4294967292,16776690,16777215,4289640426,252,4294965700,4294967295,243,4294967295,243,1770153398.2540011
4294967295,4278196448,4278320359,4294967295,16776423,4294967295,4289564328,255,4294965700,4294967295,243,4294967295,243,1770153398.2633529
4294967292,4278196450,130294,4294967040,16776438,4294967295,4289566920,16777212,4294965700,4294967295,4294967283,4294967295,4294967283,1770153398.2643435
4294967293,4294908130,4294966519,4294967295,4278320375,4294967295,11376880,4294967293,4294965700,4294967295,4294967283,4294967295,4294967283,1770153398.2653608
4294967295,4278196450,4278320379,4294967293,16776443,4294967295,4289567632,255,4294965700,4294967295,243,4294967295,243,1770153398.2664142
4294967295,4278196454,4278320361,4294967295,16776425,4294967295,4289575380,255,4294965700,4294967295,243,4294967295,243,1770153398.2674131
4294967295,4294908137,4294966403,4294967295,4278320259,4294967295,4289579761,4294967295,4294904260,4294967295,4294902003,4294967295,4294902003,1770153398.2682838
4294967294,4278196459,4278258848,4294967295,16776352,4294967295,4289584359,254,4294965700,4294967295,243,4294967295,243,1770153398.269255
4294967295,4294908140,4294966442,4294967294,4278320298,4294967295,11396062,4294967295,4294965700,4294967295,4294902003,4294967295,4294902003,1770153398.2702472
4294967295,4278196463,4278320334,4294967289,16776398,4294967295,4289591980,4294967295,4294965700,4294967295,4278190323,4294967295,4278190323,1770153398.2711942
4294967295,4278196464,4278320341,4294967293,16776405,4294967295,4289593320,255,4294965700,4294967295,243,4294967295,243,1770153398.2721803
4294967295,4294908151,4294966755,4294967294,4278320611,4294967295,11415961,255,4294965700,4294967295,4294902003,4294967295,4294902003,1770153398.273081
4294967292,4294908154,4294966724,4294967294,4278320580,4294967295,11421419,252,4294965700,4294967295,4294967283,4294967295,4294967283,1770153398.2740707
4294967295,4294908157,4294905313,4294967294,4278259169,4294967295,11458977,4294902015,4294904260,4294967295,4294967283,4294967295,4294967283,1770153398.2750123
4294967292,4294908157,4294966754,4294967295,4278320610,4294967295,11426505,4294967292,4294965700,4294967295,4294967283,4294967295,4294967283,1770153398.2759628
4294967294,4278196477,4278320614,4294967295,16776678,4294967295,4289617129,254,4294965700,4294967295,243,4294967295,243,1770153398.276895
4294967295,4294908032,4294966658,4294967294,4278320514,4294967295,11431670,4294967295,4278192580,4294967295,4294967283,4294967295,4294967283,1770153398.2777798
4294967292,4278196352,4278320518,4294967294,16776582,4294967295,4289622422,252,4278254020,4294967295,243,4294967295,243,1770153398.278697
4294967294,4278196353,4278320528,4294967293,16776592,4294967295,4289624315,4294967294,4294965700,4294967295,4294902003,4294967295,4294902003,1770153398.2795715
4294967295,4278196355,4278320545,4294967295,16776609,4294967295,4289626877,4294967295,4294965700,4294967295,4294967283,4294967295,4294967283,1770153398.2804976
4294967295,4278196355,4278320547,4294967294,16776611,4294967295,4289627341,255,4294965700,4294967040,4294902003,4294967040,4294902003,1770153398.281475
4294967295,4294908036,4294966703,4278255615,4278320559,4294967295,11439346,4294967295,4294965700,4294967295,4294967283,4294967295,4294967283,1770153398.2824948
4294967295,4278196356,4278320563,4294967295,16776627,4294967295,4289629874,255,4294965700,4294967295,4278190323,4294967295,4278190323,1770153398.2836075
4294967295,4278196357,4278320574,4294967295,16776638,4294967295,4289631695,4294967295,4294965700,4294902015,243,4294902015,243,1770153398.2845244
4294967295,4278196359,4278320595,4294967294,16776659,4294967295,4289635299,255,4294965700,4294967295,4278190323,4294967295,4278190323,1770153398.2856238
4294967292,4278196362,4278320626,4294967292,16776690,16777215,4289640426,252,4294965700,4294967295,243,4294967295,243,1770153398.286781
4294967295,4278196366,4278320895,4294967293,16776959,4294967295,4289647751,255,4294965700,4294967295,243,4294967295,243,1770153398.2878742
4294967295,4278196448,4278320359,4294967295,16776423,4294967295,4289564328,255,4294965700,4294967295,243,4294967295,243,1770153398.2907083
4294967292,4278196450,130294,4294967040,16776438,4294967295,4289566920,16777212,4294965700,4294967295,4294967283,4294967295,4294967283,1770153398.2916398
4294967293,4294908130,4294966519,4294967295,4278320375,4294967295,11376880,4294967293,4294965700,4294967295,4294967283,4294967295,4294967283,1770153398.292494
4294967295,4278196450,4278320379,4294967293,16776443,4294967295,4289567632,255,4294965700,4294967295,243,4294967295,243,1770153398.2934864
4294967295,4278196454,4278320361,4294967295,16776425,4294967295,4289575380,255,4294965700,4294967295,243,4294967295,243,1770153398.2944605
4294967295,4294908137,4294966403,4294967295,4278320259,4294967295,4289579761,4294967295,4294904260,4294967295,4294902003,4294967295,4294902003,1770153398.2953472
4294967294,4278196459,4278258848,4294967295,16776352,4294967295,4289584359,254,4294965700,4294967295,243,4294967295,243,1770153398.2963402
4294967295,4294908140,4294966442,4294967294,4278320298,4294967295,11396062,4294967295,4294965700,4294967295,4294902003,4294967295,4294902003,1770153398.297326
4294967295,4278196463,4278320334,4294967289,16776398,4294967295,4289591980,4294967295,4294965700,4294967295,4278190323,4294967295,4278190323,1770153398.2984073
4294967295,4278196464,4278320341,4294967293,16776405,4294967295,4289593320,255,4294965700,4294967295,243,4294967295,243,1770153398.2994995
4294967295,4294908151,4294966755,4294967294,4278320611,4294967295,11415961,255,4294965700,4294967295,4294902003,4294967295,4294902003,1770153398.3004642
4294967292,4294908154,4294966724,4294967294,4278320580,4294967295,11421419,252,4294965700,4294967295,4294967283,4294967295,4294967283,1770153398.3014343
4294967295,4294908157,4294905313,4294967294,4278259169,4294967295,11458977,4294902015,4294904260,4294967295,4294967283,4294967295,4294967283,1770153398.3024642
4294967292,4294908157,4294966754,4294967295,4278320610,4294967295,11426505,4294967292,4294965700,4294967295,4294967283,4294967295,4294967283,1770153398.3034575
4294967294,4278196477,4278320614,4294967295,16776678,4294967295,4289617129,254,4294965700,4294967295,243,4294967295,243,1770153398.3044713
4294967295,4294908032,4294966658,4294967294,4278320514,4294967295,11431670,4294967295,4278192580,4294967295,4294967283,4294967295,4294967283,1770153398.305421
4294967292,4278196352,4278320518,4294967294,16776582,4294967295,4289622422,252,4278254020,4294967295,243,4294967295,243,1770153398.3063204
4294967294,4278196353,4278320528,4294967293,16776592,4294967295,4289624315,4294967294,4294965700,4294967295,4294902003,4294967295,4294902003,1770153398.307216
4294967295,4278196355,4278320545,4294967295,16776609,4294967295,4289626877,4294967295,4294965700,4294967295,4294967283,4294967295,4294967283,1770153398.3080845
4294967295,4278196355,4278320547,4294967294,16776611,4294967295,4289627341,255,4294965700,4294967040,4294902003,4294967040,4294902003,1770153398.3089836
4294967295,4294908036,4294966703,4278255615,4278320559,4294967295,11439346,4294967295,4294965700,4294967295,4294967283,4294967295,4294967283,1770153398.3098922
4294967295,4278196356,4278320563,4294967295,16776627,4294967295,4289629874,255,4294965700,4294967295,4278190323,4294967295,4278190323,1770153398.310845
4294967295,4278196357,4278320574,4294967295,16776638,4294967295,4289631695,4294967295,4294965700,4294902015,243,4294902015,243,1770153398.311838
4294967295,4278196359,4278320595,4294967294,16776659,4294967295,4289635299,255,4294965700,4294967295,4278190323,4294967295,4278190323,1770153398.3129227
4294967292,4278196362,4278320626,4294967292,16776690,16777215,4289640426,252,4294965700,4294967295,243,4294967295,243,1770153398.3138702
4294967295,4278196366,4278320895,4294967293,16776959,4294967295,4289647751,255,4294965700,4294967295,243,4294967295,243,1770153398.3148413
4294967293,4278196367,4278320873,4294967292,16776937,4294967295,4289649404,253,4294965700,4294967295,4294902003,4294967295,4294902003,1770153398.3157465
4294967295,4278196448,4278320359,4294967295,16776423,4294967295,4289564328,255,4294965700,4294967295,243,4294967295,243,1770153398.3203297
4294967292,4278196450,130294,4294967040,16776438,4294967295,4289566920,16777212,4294965700,4294967295,4294967283,4294967295,4294967283,1770153398.3213212
4294967293,4294908130,4294966519,4294967295,4278320375,4294967295,11376880,4294967293,4294965700,4294967295,4294967283,4294967295,4294967283,1770153398.3222103
4294967295,4278196450,4278320379,4294967293,16776443,4294967295,4289567632,255,4294965700,4294967295,243,4294967295,243,1770153398.3232207
4294967295,4278196454,4278320361,4294967295,16776425,4294967295,4289575380,255,4294965700,4294967295,243,4294967295,243,1770153398.324212
4294967295,4294908137,4294966403,4294967295,4278320259,4294967295,4289579761,4294967295,4294904260,4294967295,4294902003,4294967295,4294902003,1770153398.3251255
4294967294,4278196459,4278258848,4294967295,16776352,4294967295,4289584359,254,4294965700,4294967295,243,4294967295,243,1770153398.325982
4294967295,4294908140,4294966442,4294967294,4278320298,4294967295,11396062,4294967295,4294965700,4294967295,4294902003,4294967295,4294902003,1770153398.3270783
4294967295,4278196463,4278320334,4294967289,16776398,4294967295,4289591980,4294967295,4294965700,4294967295,4278190323,4294967295,4278190323,1770153398.328068
4294967295,4278196464,4278320341,4294967293,16776405,4294967295,4289593320,255,4294965700,4294967295,243,4294967295,243,1770153398.3292723
4294967295,4294908151,4294966755,4294967294,4278320611,4294967295,11415961,255,4294965700,4294967295,4294902003,4294967295,4294902003,1770153398.3302228
4294967292,4294908154,4294966724,4294967294,4278320580,4294967295,11421419,252,4294965700,4294967295,4294967283,4294967295,4294967283,1770153398.3312566
4294967295,4294908157,4294905313,4294967294,4278259169,4294967295,11458977,4294902015,4294904260,4294967295,4294967283,4294967295,4294967283,1770153398.3321903
4294967292,4294908157,4294966754,4294967295,4278320610,4294967295,11426505,4294967292,4294965700,4294967295,4294967283,4294967295,4294967283,1770153398.3331342
4294967294,4278196477,4278320614,4294967295,16776678,4294967295,4289617129,254,4294965700,4294967295,243,4294967295,243,1770153398.3341572
4294967295,4294908032,4294966658,4294967294,4278320514,4294967295,11431670,4294967295,4278192580,4294967295,4294967283,4294967295,4294967283,1770153398.335115
4294967292,4278196352,4278320518,4294967294,16776582,4294967295,4289622422,252,4278254020,4294967295,243,4294967295,243,1770153398.3360095
4294967294,4278196353,4278320528,4294967293,16776592,4294967295,4289624315,4294967294,4294965700,4294967295,4294902003,4294967295,4294902003,1770153398.3369544
4294967295,4278196355,4278320545,4294967295,16776609,4294967295,4289626877,4294967295,4294965700,4294967295,4294967283,4294967295,4294967283,1770153398.337831
4294967295,4278196355,4278320547,4294967294,16776611,4294967295,4289627341,255,4294965700,4294967040,4294902003,4294967040,4294902003,1770153398.3387737
4294967295,4294908036,4294966703,4278255615,4278320559,4294967295,11439346,4294967295,4294965700,4294967295,4294967283,4294967295,4294967283,1770153398.3397279
4294967295,4278196356,4278320563,4294967295,16776627,4294967295,4289629874,255,4294965700,4294967295,4278190323,4294967295,4278190323,1770153398.3415666
4294967295,4278196357,4278320574,4294967295,16776638,4294967295,4289631695,4294967295,4294965700,4294902015,243,4294902015,243,1770153398.3424559
4294967295,4278196359,4278320595,4294967294,16776659,4294967295,4289635299,255,4294965700,4294967295,4278190323,4294967295,4278190323,1770153398.3435488
4294967292,4278196362,4278320626,4294967292,16776690,16777215,4289640426,252,4294965700,4294967295,243,4294967295,243,1770153398.3447957
4294967295,4278196366,4278320895,4294967293,16776959,4294967295,4289647751,255,4294965700,4294967295,243,4294967295,243,1770153398.3457527
4294967293,4278196367,4278320873,4294967292,16776937,4294967295,4289649404,253,4294965700,4294967295,4294902003,4294967295,4294902003,1770153398.346687
4294967295,4278196367,4278320875,4294967294,16776939,4294967295,4289649868,255,4294965700,4294967295,4278190323,4294967295,4278190323,1770153398.3478441
4294967295,4278196448,4278320359,4294967295,16776423,4294967295,4289564328,255,4294965700,4294967295,243,4294967295,243,1770153398.3530807
4294967292,4278196450,130294,4294967040,16776438,4294967295,4289566920,16777212,4294965700,4294967295,4294967283,4294967295,4294967283,1770153398.354422
4294967293,4294908130,4294966519,4294967295,4278320375,4294967295,11376880,4294967293,4294965700,4294967295,4294967283,4294967295,4294967283,1770153398.3555503
4294967295,4278196450,4278320379,4294967293,16776443,4294967295,4289567632,255,4294965700,4294967295,243,4294967295,243,1770153398.3564615
4294967295,4278196454,4278320361,4294967295,16776425,4294967295,4289575380,255,4294965700,4294967295,243,4294967295,243,1770153398.3574283
4294967295,4294908137,4294966403,4294967295,4278320259,4294967295,4289579761,4294967295,4294904260,4294967295,4294902003,4294967295,4294902003,1770153398.3584073
4294967294,4278196459,4278258848,4294967295,16776352,4294967295,4289584359,254,4294965700,4294967295,243,4294967295,243,1770153398.3594487
4294967295,4294908140,4294966442,4294967294,4278320298,4294967295,11396062,4294967295,4294965700,4294967295,4294902003,4294967295,4294902003,1770153398.3604443
4294967295,4278196463,4278320334,4294967289,16776398,4294967295,4289591980,4294967295,4294965700,4294967295,4278190323,4294967295,4278190323,1770153398.361525
4294967295,4278196464,4278320341,4294967293,16776405,4294967295,4289593320,255,4294965700,4294967295,243,4294967295,243,1770153398.3625457
4294967295,4294908151,4294966755,4294967294,4278320611,4294967295,11415961,255,4294965700,4294967295,4294902003,4294967295,4294902003,1770153398.3636458
4294967292,4294908154,4294966724,4294967294,4278320580,4294967295,11421419,252,4294965700,4294967295,4294967283,4294967295,4294967283,1770153398.364623
4294967295,4294908157,4294905313,4294967294,4278259169,4294967295,11458977,4294902015,4294904260,4294967295,4294967283,4294967295,4294967283,1770153398.3656204
4294967292,4294908157,4294966754,4294967295,4278320610,4294967295,11426505,4294967292,4294965700,4294967295,4294967283,4294967295,4294967283,1770153398.3666604
4294967294,4278196477,4278320614,4294967295,16776678,4294967295,4289617129,254,4294965700,4294967295,243,4294967295,243,1770153398.3675473
4294967295,4294908032,4294966658,4294967294,4278320514,4294967295,11431670,4294967295,4278192580,4294967295,4294967283,4294967295,4294967283,1770153398.3684387
4294967292,4278196352,4278320518,4294967294,16776582,4294967295,4289622422,252,4278254020,4294967295,243,4294967295,243,1770153398.3693326
4294967294,4278196353,4278320528,4294967293,16776592,4294967295,4289624315,4294967294,4294965700,4294967295,4294902003,4294967295,4294902003,1770153398.3702855
4294967295,4278196355,4278320545,4294967295,16776609,4294967295,4289626877,4294967295,4294965700,4294967295,4294967283,4294967295,4294967283,1770153398.371242
4294967295,4278196355,4278320547,4294967294,16776611,4294967295,4289627341,255,4294965700,4294967040,4294902003,4294967040,4294902003,1770153398.372235
4294967295,4294908036,4294966703,4278255615,4278320559,4294967295,11439346,4294967295,4294965700,4294967295,4294967283,4294967295,4294967283,1770153398.373277
4294967295,4278196356,4278320563,4294967295,16776627,4294967295,4289629874,255,4294965700,4294967295,4278190323,4294967295,4278190323,1770153398.3743694
4294967295,4278196357,4278320574,4294967295,16776638,4294967295,4289631695,4294967295,4294965700,4294902015,243,4294902015,243,1770153398.3753345
4294967295,4278196359,4278320595,4294967294,16776659,4294967295,4289635299,255,4294965700,4294967295,4278190323,4294967295,4278190323,1770153398.3765624
4294967292,4278196362,4278320626,4294967292,16776690,16777215,4289640426,252,4294965700,4294967295,243,4294967295,243,1770153398.3775716
4294967295,4278196366,4278320895,4294967293,16776959,4294967295,4289647751,255,4294965700,4294967295,243,4294967295,243,1770153398.3786304
4294967293,4278196367,4278320873,4294967292,16776937,4294967295,4289649404,253,4294965700,4294967295,4294902003,4294967295,4294902003,1770153398.3795838
4294967295,4278196367,4278320875,4294967294,16776939,4294967295,4289649868,255,4294965700,4294967295,4278190323,4294967295,4278190323,1770153398.3805537
4294967295,4294908048,4294967030,4294967294,4278320886,4294967295,11461609,4294967295,4294965700,4294967295,4294967283,4294967295,4294967283,1770153398.3815567
4294967295,4278196448,4278320359,4294967295,16776423,4294967295,4289564328,255,4294965700,4294967295,243,4294967295,243,1770153398.3843513
4294967292,4278196450,130294,4294967040,16776438,4294967295,4289566920,16777212,4294965700,4294967295,4294967283,4294967295,4294967283,1770153398.3852956
4294967293,4294908130,4294966519,4294967295,4278320375,4294967295,11376880,4294967293,4294965700,4294967295,4294967283,4294967295,4294967283,1770153398.3863137
4294967295,4278196450,4278320379,4294967293,16776443,4294967295,4289567632,255,4294965700,4294967295,243,4294967295,243,1770153398.3872359
4294967295,4278196454,4278320361,4294967295,16776425,4294967295,4289575380,255,4294965700,4294967295,243,4294967295,243,1770153398.3881366
4294967295,4294908137,4294966403,4294967295,4278320259,4294967295,4289579761,4294967295,4294904260,4294967295,4294902003,4294967295,4294902003,1770153398.3890164
4294967294,4278196459,4278258848,4294967295,16776352,4294967295,4289584359,254,4294965700,4294967295,243,4294967295,243,1770153398.39002
4294967295,4294908140,4294966442,4294967294,4278320298,4294967295,11396062,4294967295,4294965700,4294967295,4294902003,4294967295,4294902003,1770153398.3909304
4294967295,4278196463,4278320334,4294967289,16776398,4294967295,4289591980,4294967295,4294965700,4294967295,4278190323,4294967295,4278190323,1770153398.3919172
4294967295,4278196464,4278320341,4294967293,16776405,4294967295,4289593320,255,4294965700,4294967295,243,4294967295,243,1770153398.3927844
4294967295,4294908151,4294966755,4294967294,4278320611,4294967295,11415961,255,4294965700,4294967295,4294902003,4294967295,4294902003,1770153398.3937514
4294967292,4294908154,4294966724,4294967294,4278320580,4294967295,11421419,252,4294965700,4294967295,4294967283,4294967295,4294967283,1770153398.394676
4294967295,4294908157,4294905313,4294967294,4278259169,4294967295,11458977,4294902015,4294904260,4294967295,4294967283,4294967295,4294967283,1770153398.395658
4294967292,4294908157,4294966754,4294967295,4278320610,4294967295,11426505,4294967292,4294965700,4294967295,4294967283,4294967295,4294967283,1770153398.396654
4294967294,4278196477,4278320614,4294967295,16776678,4294967295,4289617129,254,4294965700,4294967295,243,4294967295,243,1770153398.3976197
4294967295,4294908032,4294966658,4294967294,4278320514,4294967295,11431670,4294967295,4278192580,4294967295,4294967283,4294967295,4294967283,1770153398.3985643
4294967292,4278196352,4278320518,4294967294,16776582,4294967295,4289622422,252,4278254020,4294967295,243,4294967295,243,1770153398.3995597
4294967294,4278196353,4278320528,4294967293,16776592,4294967295,4289624315,4294967294,4294965700,4294967295,4294902003,4294967295,4294902003,1770153398.400452
4294967295,4278196355,4278320545,4294967295,16776609,4294967295,4289626877,4294967295,4294965700,4294967295,4294967283,4294967295,4294967283,1770153398.4013178
4294967295,4278196355,4278320547,4294967294,16776611,4294967295,4289627341,255,4294965700,4294967040,4294902003,4294967040,4294902003,1770153398.402244
4294967295,4294908036,4294966703,4278255615,4278320559,4294967295,11439346,4294967295,4294965700,4294967295,4294967283,4294967295,4294967283,1770153398.4032068
4294967295,4278196356,4278320563,4294967295,16776627,4294967295,4289629874,255,4294965700,4294967295,4278190323,4294967295,4278190323,1770153398.4041212
4294967295,4278196357,4278320574,4294967295,16776638,4294967295,4289631695,4294967295,4294965700,4294902015,243,4294902015,243,1770153398.405194
4294967295,4278196359,4278320595,4294967294,16776659,4294967295,4289635299,255,4294965700,4294967295,4278190323,4294967295,4278190323,1770153398.40619
4294967292,4278196362,4278320626,4294967292,16776690,16777215,4289640426,252,4294965700,4294967295,243,4294967295,243,1770153398.4074173
4294967295,4278196366,4278320895,4294967293,16776959,4294967295,4289647751,255,4294965700,4294967295,243,4294967295,243,1770153398.408465
4294967293,4278196367,4278320873,4294967292,16776937,4294967295,4289649404,253,4294965700,4294967295,4294902003,4294967295,4294902003,1770153398.4101813
4294967295,4278196367,4278320875,4294967294,16776939,4294967295,4289649868,255,4294965700,4294967295,4278190323,4294967295,4278190323,1770153398.4112988
4294967295,4294908048,4294967030,4294967294,4278320886,4294967295,11461609,4294967295,4294965700,4294967295,4294967283,4294967295,4294967283,1770153398.412349
4294967295,4294908049,4294967039,4294967292,130815,4294967295,11463157,4294902015,4294965700,4294967295,243,4294967295,243,1770153398.4132676
4294967295,4278196448,4278320359,4294967295,16776423,4294967295,4289564328,255,4294965700,4294967295,243,4294967295,243,1770153398.5003042
4294967292,4278196450,130294,4294967040,16776438,4294967295,4289566920,16777212,4294965700,4294967295,4294967283,4294967295,4294967283,1770153398.5015614
4294967293,4294908130,4294966519,4294967295,4278320375,4294967295,11376880,4294967293,4294965700,4294967295,4294967283,4294967295,4294967283,1770153398.5025988
4294967295,4278196450,4278320379,4294967293,16776443,4294967295,4289567632,255,4294965700,4294967295,243,4294967295,243,1770153398.5036316
4294967295,4278196454,4278320361,4294967295,16776425,4294967295,4289575380,255,4294965700,4294967295,243,4294967295,243,1770153398.5046806
4294967295,4294908137,4294966403,4294967295,4278320259,4294967295,4289579761,4294967295,4294904260,4294967295,4294902003,4294967295,4294902003,1770153398.5058274
4294967294,4278196459,4278258848,4294967295,16776352,4294967295,4289584359,254,4294965700,4294967295,243,4294967295,243,1770153398.50742
4294967295,4294908140,4294966442,4294967294,4278320298,4294967295,11396062,4294967295,4294965700,4294967295,4294902003,4294967295,4294902003,1770153398.5084665
4294967295,4278196463,4278320334,4294967289,16776398,4294967295,4289591980,4294967295,4294965700,4294967295,4278190323,4294967295,4278190323,1770153398.5094543
4294967295,4278196464,4278320341,4294967293,16776405,4294967295,4289593320,255,4294965700,4294967295,243,4294967295,243,1770153398.5106158
4294967295,4294908151,4294966755,4294967294,4278320611,4294967295,11415961,255,4294965700,4294967295,4294902003,4294967295,4294902003,1770153398.5116057
4294967292,4294908154,4294966724,4294967294,4278320580,4294967295,11421419,252,4294965700,4294967295,4294967283,4294967295,4294967283,1770153398.5126092
4294967295,4294908157,4294905313,4294967294,4278259169,4294967295,11458977,4294902015,4294904260,4294967295,4294967283,4294967295,4294967283,1770153398.51351
4294967292,4294908157,4294966754,4294967295,4278320610,4294967295,11426505,4294967292,4294965700,4294967295,4294967283,4294967295,4294967283,1770153398.5144856
4294967294,4278196477,4278320614,4294967295,16776678,4294967295,4289617129,254,4294965700,4294967295,243,4294967295,243,1770153398.51558
4294967295,4294908032,4294966658,4294967294,4278320514,4294967295,11431670,4294967295,4278192580,4294967295,4294967283,4294967295,4294967283,1770153398.5165133
4294967292,4278196352,4278320518,4294967294,16776582,4294967295,4289622422,252,4278254020,4294967295,243,4294967295,243,1770153398.517548
4294967294,4278196353,4278320528,4294967293,16776592,4294967295,4289624315,4294967294,4294965700,4294967295,4294902003,4294967295,4294902003,1770153398.518518
4294967295,4278196355,4278320545,4294967295,16776609,4294967295,4289626877,4294967295,4294965700,4294967295,4294967283,4294967295,4294967283,1770153398.5196226
4294967295,4278196355,4278320547,4294967294,16776611,4294967295,4289627341,255,4294965700,4294967040,4294902003,4294967040,4294902003,1770153398.520597
4294967295,4294908036,4294966703,4278255615,4278320559,4294967295,11439346,4294967295,4294965700,4294967295,4294967283,4294967295,4294967283,1770153398.521632
4294967295,4278196356,4278320563,4294967295,16776627,4294967295,4289629874,255,4294965700,4294967295,4278190323,4294967295,4278190323,1770153398.522582
4294967295,4278196357,4278320574,4294967295,16776638,4294967295,4289631695,4294967295,4294965700,4294902015,243,4294902015,243,1770153398.5235288
4294967295,4278196359,4278320595,4294967294,16776659,4294967295,4289635299,255,4294965700,4294967295,4278190323,4294967295,4278190323,1770153398.5244882
4294967292,4278196362,4278320626,4294967292,16776690,16777215,4289640426,252,4294965700,4294967295,243,4294967295,243,1770153398.5255105
4294967295,4278196366,4278320895,4294967293,16776959,4294967295,4289647751,255,4294965700,4294967295,243,4294967295,243,1770153398.5265322
4294967293,4278196367,4278320873,4294967292,16776937,4294967295,4289649404,253,4294965700,4294967295,4294902003,4294967295,4294902003,1770153398.5276034
4294967295,4278196367,4278320875,4294967294,16776939,4294967295,4289649868,255,4294965700,4294967295,4278190323,4294967295,4278190323,1770153398.528676
4294967295,4294908048,4294967030,4294967294,4278320886,4294967295,11461609,4294967295,4294965700,4294967295,4294967283,4294967295,4294967283,1770153398.529632
4294967295,4294908049,4294967039,4294967292,130815,4294967295,11463157,4294902015,4294965700,4294967295,243,4294967295,243,1770153398.5309916
4294967292,4294908049,4294966976,4294967293,4278320832,4294967295,11463133,4294967292,4278192580,4294967295,4294902003,4294967295,4294902003,1770153398.5319803
4294967295,4278196448,4278320359,4294967295,16776423,4294967295,4289564328,255,4294965700,4294967295,243,4294967295,243,1770153398.5349622
4294967292,4278196450,130294,4294967040,16776438,4294967295,4289566920,16777212,4294965700,4294967295,4294967283,4294967295,4294967283,1770153398.536907
4294967293,4294908130,4294966519,4294967295,4278320375,4294967295,11376880,4294967293,4294965700,4294967295,4294967283,4294967295,4294967283,1770153398.5382926
4294967295,4278196450,4278320379,4294967293,16776443,4294967295,4289567632,255,4294965700,4294967295,243,4294967295,243,1770153398.540278
4294967295,4278196454,4278320361,4294967295,16776425,4294967295,4289575380,255,4294965700,4294967295,243,4294967295,243,1770153398.5413322
4294967295,4294908137,4294966403,4294967295,4278320259,4294967295,4289579761,4294967295,4294904260,4294967295,4294902003,4294967295,4294902003,1770153398.5422904
4294967294,4278196459,4278258848,4294967295,16776352,4294967295,4289584359,254,4294965700,4294967295,243,4294967295,243,1770153398.5432038
4294967295,4294908140,4294966442,4294967294,4278320298,4294967295,11396062,4294967295,4294965700,4294967295,4294902003,4294967295,4294902003,1770153398.5446901
4294967295,4278196463,4278320334,4294967289,16776398,4294967295,4289591980,4294967295,4294965700,4294967295,4278190323,4294967295,4278190323,1770153398.54614
4294967295,4278196464,4278320341,4294967293,16776405,4294967295,4289593320,255,4294965700,4294967295,243,4294967295,243,1770153398.5471363
4294967295,4294908151,4294966755,4294967294,4278320611,4294967295,11415961,255,4294965700,4294967295,4294902003,4294967295,4294902003,1770153398.5482168
4294967292,4294908154,4294966724,4294967294,4278320580,4294967295,11421419,252,4294965700,4294967295,4294967283,4294967295,4294967283,1770153398.5492177
4294967295,4294908157,4294905313,4294967294,4278259169,4294967295,11458977,4294902015,4294904260,4294967295,4294967283,4294967295,4294967283,1770153398.5503285
4294967292,4294908157,4294966754,4294967295,4278320610,4294967295,11426505,4294967292,4294965700,4294967295,4294967283,4294967295,4294967283,1770153398.5512955
4294967294,4278196477,4278320614,4294967295,16776678,4294967295,4289617129,254,4294965700,4294967295,243,4294967295,243,1770153398.5522885
4294967295,4294908032,4294966658,4294967294,4278320514,4294967295,11431670,4294967295,4278192580,4294967295,4294967283,4294967295,4294967283,1770153398.553231
4294967292,4278196352,4278320518,4294967294,16776582,4294967295,4289622422,252,4278254020,4294967295,243,4294967295,243,1770153398.5541575
4294967294,4278196353,4278320528,4294967293,16776592,4294967295,4289624315,4294967294,4294965700,4294967295,4294902003,4294967295,4294902003,1770153398.5550547
4294967295,4278196355,4278320545,4294967295,16776609,4294967295,4289626877,4294967295,4294965700,4294967295,4294967283,4294967295,4294967283,1770153398.5559928
4294967295,4278196355,4278320547,4294967294,16776611,4294967295,4289627341,255,4294965700,4294967040,4294902003,4294967040,4294902003,1770153398.556922
4294967295,4294908036,4294966703,4278255615,4278320559,4294967295,11439346,4294967295,4294965700,4294967295,4294967283,4294967295,4294967283,1770153398.5578716
4294967295,4278196356,4278320563,4294967295,16776627,4294967295,4289629874,255,4294965700,4294967295,4278190323,4294967295,4278190323,1770153398.5587425
4294967295,4278196357,4278320574,4294967295,16776638,4294967295,4289631695,4294967295,4294965700,4294902015,243,4294902015,243,1770153398.5600128
4294967295,4278196359,4278320595,4294967294,16776659,4294967295,4289635299,255,4294965700,4294967295,4278190323,4294967295,4278190323,1770153398.5613277
4294967292,4278196362,4278320626,4294967292,16776690,16777215,4289640426,252,4294965700,4294967295,243,4294967295,243,1770153398.5623784
4294967295,4278196366,4278320895,4294967293,16776959,4294967295,4289647751,255,4294965700,4294967295,243,4294967295,243,1770153398.563327
4294967293,4278196367,4278320873,4294967292,16776937,4294967295,4289649404,253,4294965700,4294967295,4294902003,4294967295,4294902003,1770153398.564252
4294967295,4278196367,4278320875,4294967294,16776939,4294967295,4289649868,255,4294965700,4294967295,4278190323,4294967295,4278190323,1770153398.5651324
4294967295,4294908048,4294967030,4294967294,4278320886,4294967295,11461609,4294967295,4294965700,4294967295,4294967283,4294967295,4294967283,1770153398.5665033
4294967295,4294908049,4294967039,4294967292,130815,4294967295,11463157,4294902015,4294965700,4294967295,243,4294967295,243,1770153398.5674932
4294967292,4294908049,4294966976,4294967293,4278320832,4294967295,11463133,4294967292,4278192580,4294967295,4294902003,4294967295,4294902003,1770153398.5685248
4294967293,4294908051,4294966995,4294967294,4278320851,4294967295,11466495,4294902013,4294904260,4294967295,4294967283,4294967295,4294967283,1770153398.5695384
4294967295,4278196448,4278320359,4294967295,16776423,4294967295,4289564328,255,4294965700,4294967295,243,4294967295,243,1770153398.5724177
4294967292,4278196450,130294,4294967040,16776438,4294967295,4289566920,16777212,4294965700,4294967295,4294967283,4294967295,4294967283,1770153398.5733373
4294967293,4294908130,4294966519,4294967295,4278320375,4294967295,11376880,4294967293,4294965700,4294967295,4294967283,4294967295,4294967283,1770153398.5742152
4294967295,4278196450,4278320379,4294967293,16776443,4294967295,4289567632,255,4294965700,4294967295,243,4294967295,243,1770153398.575112
4294967295,4278196454,4278320361,4294967295,16776425,4294967295,4289575380,255,4294965700,4294967295,243,4294967295,243,1770153398.5759523
4294967295,4294908137,4294966403,4294967295,4278320259,4294967295,4289579761,4294967295,4294904260,4294967295,4294902003,4294967295,4294902003,1770153398.5773845
4294967294,4278196459,4278258848,4294967295,16776352,4294967295,4289584359,254,4294965700,4294967295,243,4294967295,243,1770153398.5784485
4294967295,4294908140,4294966442,4294967294,4278320298,4294967295,11396062,4294967295,4294965700,4294967295,4294902003,4294967295,4294902003,1770153398.5795856
4294967295,4278196463,4278320334,4294967289,16776398,4294967295,4289591980,4294967295,4294965700,4294967295,4278190323,4294967295,4278190323,1770153398.5805597
4294967295,4278196464,4278320341,4294967293,16776405,4294967295,4289593320,255,4294965700,4294967295,243,4294967295,243,1770153398.581545
4294967295,4294908151,4294966755,4294967294,4278320611,4294967295,11415961,255,4294965700,4294967295,4294902003,4294967295,4294902003,1770153398.5824857
4294967292,4294908154,4294966724,4294967294,4278320580,4294967295,11421419,252,4294965700,4294967295,4294967283,4294967295,4294967283,1770153398.5835037
4294967295,4294908157,4294905313,4294967294,4278259169,4294967295,11458977,4294902015,4294904260,4294967295,4294967283,4294967295,4294967283,1770153398.584463
4294967292,4294908157,4294966754,4294967295,4278320610,4294967295,11426505,4294967292,4294965700,4294967295,4294967283,4294967295,4294967283,1770153398.5854762
4294967294,4278196477,4278320614,4294967295,16776678,4294967295,4289617129,254,4294965700,4294967295,243,4294967295,243,1770153398.5864332
4294967295,4294908032,4294966658,4294967294,4278320514,4294967295,11431670,4294967295,4278192580,4294967295,4294967283,4294967295,4294967283,1770153398.5873563
4294967292,4278196352,4278320518,4294967294,16776582,4294967295,4289622422,252,4278254020,4294967295,243,4294967295,243,1770153398.5882885
4294967294,4278196353,4278320528,4294967293,16776592,4294967295,4289624315,4294967294,4294965700,4294967295,4294902003,4294967295,4294902003,1770153398.5891745
4294967295,4278196355,4278320545,4294967295,16776609,4294967295,4289626877,4294967295,4294965700,4294967295,4294967283,4294967295,4294967283,1770153398.5900345
4294967295,4278196355,4278320547,4294967294,16776611,4294967295,4289627341,255,4294965700,4294967040,4294902003,4294967040,4294902003,1770153398.5909111
4294967295,4294908036,4294966703,4278255615,4278320559,4294967295,11439346,4294967295,4294965700,4294967295,4294967283,4294967295,4294967283,1770153398.5919015
4294967295,4278196356,4278320563,4294967295,16776627,4294967295,4289629874,255,4294965700,4294967295,4278190323,4294967295,4278190323,1770153398.5930705
4294967295,4278196357,4278320574,4294967295,16776638,4294967295,4289631695,4294967295,4294965700,4294902015,243,4294902015,243,1770153398.594105
4294967295,4278196359,4278320595,4294967294,16776659,4294967295,4289635299,255,4294965700,4294967295,4278190323,4294967295,4278190323,1770153398.5951476
4294967292,4278196362,4278320626,4294967292,16776690,16777215,4289640426,252,4294965700,4294967295,243,4294967295,243,1770153398.596215
4294967295,4278196366,4278320895,4294967293,16776959,4294967295,4289647751,255,4294965700,4294967295,243,4294967295,243,1770153398.5971735
4294967293,4278196367,4278320873,4294967292,16776937,4294967295,4289649404,253,4294965700,4294967295,4294902003,4294967295,4294902003,1770153398.5982947
4294967295,4278196367,4278320875,4294967294,16776939,4294967295,4289649868,255,4294965700,4294967295,4278190323,4294967295,4278190323,1770153398.5993197
4294967295,4294908048,4294967030,4294967294,4278320886,4294967295,11461609,4294967295,4294965700,4294967295,4294967283,4294967295,4294967283,1770153398.6002574
4294967295,4294908049,4294967039,4294967292,130815,4294967295,11463157,4294902015,4294965700,4294967295,243,4294967295,243,1770153398.6012862
4294967292,4294908049,4294966976,4294967293,4278320832,4294967295,11463133,4294967292,4278192580,4294967295,4294902003,4294967295,4294902003,1770153398.6023085
4294967293,4294908051,4294966995,4294967294,4278320851,4294967295,11466495,4294902013,4294904260,4294967295,4294967283,4294967295,4294967283,1770153398.6032805
4294967295,4294908051,4294966996,4294967295,4278320852,4294967295,11466439,4294967295,4294965700,4294967295,4294967283,4294967295,4294967283,1770153398.604178
4294967295,4278196448,4278320359,4294967295,16776423,4294967295,4289564328,255,4294965700,4294967295,243,4294967295,243,1770153398.6070697
4294967292,4278196450,130294,4294967040,16776438,4294967295,4289566920,16777212,4294965700,4294967295,4294967283,4294967295,4294967283,1770153398.6080444
4294967293,4294908130,4294966519,4294967295,4278320375,4294967295,11376880,4294967293,4294965700,4294967295,4294967283,4294967295,4294967283,1770153398.6090946
4294967295,4278196450,4278320379,4294967293,16776443,4294967295,4289567632,255,4294965700,4294967295,243,4294967295,243,1770153398.6100564
4294967295,4278196454,4278320361,4294967295,16776425,4294967295,4289575380,255,4294965700,4294967295,243,4294967295,243,1770153398.6110806
4294967295,4294908137,4294966403,4294967295,4278320259,4294967295,4289579761,4294967295,4294904260,4294967295,4294902003,4294967295,4294902003,1770153398.6121686
4294967294,4278196459,4278258848,4294967295,16776352,4294967295,4289584359,254,4294965700,4294967295,243,4294967295,243,1770153398.6131337
4294967295,4294908140,4294966442,4294967294,4278320298,4294967295,11396062,4294967295,4294965700,4294967295,4294902003,4294967295,4294902003,1770153398.6140108
4294967295,4278196463,4278320334,4294967289,16776398,4294967295,4289591980,4294967295,4294965700,4294967295,4278190323,4294967295,4278190323,1770153398.6150582
4294967295,4278196464,4278320341,4294967293,16776405,4294967295,4289593320,255,4294965700,4294967295,243,4294967295,243,1770153398.6160412
4294967295,4294908151,4294966755,4294967294,4278320611,4294967295,11415961,255,4294965700,4294967295,4294902003,4294967295,4294902003,1770153398.616917
4294967292,4294908154,4294966724,4294967294,4278320580,4294967295,11421419,252,4294965700,4294967295,4294967283,4294967295,4294967283,1770153398.6177707
4294967295,4294908157,4294905313,4294967294,4278259169,4294967295,11458977,4294902015,4294904260,4294967295,4294967283,4294967295,4294967283,1770153398.618802
4294967292,4294908157,4294966754,4294967295,4278320610,4294967295,11426505,4294967292,4294965700,4294967295,4294967283,4294967295,4294967283,1770153398.619772
4294967294,4278196477,4278320614,4294967295,16776678,4294967295,4289617129,254,4294965700,4294967295,243,4294967295,243,1770153398.6207182
4294967295,4294908032,4294966658,4294967294,4278320514,4294967295,11431670,4294967295,4278192580,4294967295,4294967283,4294967295,4294967283,1770153398.62171
4294967292,4278196352,4278320518,4294967294,16776582,4294967295,4289622422,252,4278254020,4294967295,243,4294967295,243,1770153398.6227882
4294967294,4278196353,4278320528,4294967293,16776592,4294967295,4289624315,4294967294,4294965700,4294967295,4294902003,4294967295,4294902003,1770153398.623903
4294967295,4278196355,4278320545,4294967295,16776609,4294967295,4289626877,4294967295,4294965700,4294967295,4294967283,4294967295,4294967283,1770153398.6248562
4294967295,4278196355,4278320547,4294967294,16776611,4294967295,4289627341,255,4294965700,4294967040,4294902003,4294967040,4294902003,1770153398.6260161
4294967295,4294908036,4294966703,4278255615,4278320559,4294967295,11439346,4294967295,4294965700,4294967295,4294967283,4294967295,4294967283,1770153398.6273847
4294967295,4278196356,4278320563,4294967295,16776627,4294967295,4289629874,255,4294965700,4294967295,4278190323,4294967295,4278190323,1770153398.628548
4294967295,4278196357,4278320574,4294967295,16776638,4294967295,4289631695,4294967295,4294965700,4294902015,243,4294902015,243,1770153398.6295257
4294967295,4278196359,4278320595,4294967294,16776659,4294967295,4289635299,255,4294965700,4294967295,4278190323,4294967295,4278190323,1770153398.6304774
4294967292,4278196362,4278320626,4294967292,16776690,16777215,4289640426,252,4294965700,4294967295,243,4294967295,243,1770153398.6313899
4294967295,4278196366,4278320895,4294967293,16776959,4294967295,4289647751,255,4294965700,4294967295,243,4294967295,243,1770153398.6323357
4294967293,4278196367,4278320873,4294967292,16776937,4294967295,4289649404,253,4294965700,4294967295,4294902003,4294967295,4294902003,1770153398.6332421
4294967295,4278196367,4278320875,4294967294,16776939,4294967295,4289649868,255,4294965700,4294967295,4278190323,4294967295,4278190323,1770153398.6341717
4294967295,4294908048,4294967030,4294967294,4278320886,4294967295,11461609,4294967295,4294965700,4294967295,4294967283,4294967295,4294967283,1770153398.6350179
4294967295,4294908049,4294967039,4294967292,130815,4294967295,11463157,4294902015,4294965700,4294967295,243,4294967295,243,1770153398.638923
4294967292,4294908049,4294966976,4294967293,4278320832,4294967295,11463133,4294967292,4278192580,4294967295,4294902003,4294967295,4294902003,1770153398.6404734
4294967293,4294908051,4294966995,4294967294,4278320851,4294967295,11466495,4294902013,4294904260,4294967295,4294967283,4294967295,4294967283,1770153398.6416576
4294967295,4294908051,4294966996,4294967295,4278320852,4294967295,11466439,4294967295,4294965700,4294967295,4294967283,4294967295,4294967283,1770153398.6426587
4294967294,4278196371,4278320854,4294967293,16776918,4294967295,4289657079,254,4294965700,4294967295,4294967283,4294967295,4294967283,1770153398.6435742
4294967295,4278196448,4278320359,4294967295,16776423,4294967295,4289564328,255,4294965700,4294967295,243,4294967295,243,1770153398.6979291
4294967292,4278196450,130294,4294967040,16776438,4294967295,4289566920,16777212,4294965700,4294967295,4294967283,4294967295,4294967283,1770153398.6996503
4294967293,4294908130,4294966519,4294967295,4278320375,4294967295,11376880,4294967293,4294965700,4294967295,4294967283,4294967295,4294967283,1770153398.7007873
4294967295,4278196450,4278320379,4294967293,16776443,4294967295,4289567632,255,4294965700,4294967295,243,4294967295,243,1770153398.701894
4294967295,4278196454,4278320361,4294967295,16776425,4294967295,4289575380,255,4294965700,4294967295,243,4294967295,243,1770153398.703962
4294967295,4294908137,4294966403,4294967295,4278320259,4294967295,4289579761,4294967295,4294904260,4294967295,4294902003,4294967295,4294902003,1770153398.705201
4294967294,4278196459,4278258848,4294967295,16776352,4294967295,4289584359,254,4294965700,4294967295,243,4294967295,243,1770153398.7062664
4294967295,4294908140,4294966442,4294967294,4278320298,4294967295,11396062,4294967295,4294965700,4294967295,4294902003,4294967295,4294902003,1770153398.7072966
4294967295,4278196463,4278320334,4294967289,16776398,4294967295,4289591980,4294967295,4294965700,4294967295,4278190323,4294967295,4278190323,1770153398.70838
4294967295,4278196464,4278320341,4294967293,16776405,4294967295,4289593320,255,4294965700,4294967295,243,4294967295,243,1770153398.70943
4294967295,4294908151,4294966755,4294967294,4278320611,4294967295,11415961,255,4294965700,4294967295,4294902003,4294967295,4294902003,1770153398.7105591
4294967292,4294908154,4294966724,4294967294,4278320580,4294967295,11421419,252,4294965700,4294967295,4294967283,4294967295,4294967283,1770153398.7118185
4294967295,4294908157,4294905313,4294967294,4278259169,4294967295,11458977,4294902015,4294904260,4294967295,4294967283,4294967295,4294967283,1770153398.7131023
4294967292,4294908157,4294966754,4294967295,4278320610,4294967295,11426505,4294967292,4294965700,4294967295,4294967283,4294967295,4294967283,1770153398.714073
4294967294,4278196477,4278320614,4294967295,16776678,4294967295,4289617129,254,4294965700,4294967295,243,4294967295,243,1770153398.7150965
4294967295,4294908032,4294966658,4294967294,4278320514,4294967295,11431670,4294967295,4278192580,4294967295,4294967283,4294967295,4294967283,1770153398.7161934
4294967292,4278196352,4278320518,4294967294,16776582,4294967295,4289622422,252,4278254020,4294967295,243,4294967295,243,1770153398.7172265
4294967294,4278196353,4278320528,4294967293,16776592,4294967295,4289624315,4294967294,4294965700,4294967295,4294902003,4294967295,4294902003,1770153398.718162
4294967295,4278196355,4278320545,4294967295,16776609,4294967295,4289626877,4294967295,4294965700,4294967295,4294967283,4294967295,4294967283,1770153398.7191591
4294967295,4278196355,4278320547,4294967294,16776611,4294967295,4289627341,255,4294965700,4294967040,4294902003,4294967040,4294902003,1770153398.720096
4294967295,4294908036,4294966703,4278255615,4278320559,4294967295,11439346,4294967295,4294965700,4294967295,4294967283,4294967295,4294967283,1770153398.722278
4294967295,4278196356,4278320563,4294967295,16776627,4294967295,4289629874,255,4294965700,4294967295,4278190323,4294967295,4278190323,1770153398.7232633
4294967295,4278196357,4278320574,4294967295,16776638,4294967295,4289631695,4294967295,4294965700,4294902015,243,4294902015,243,1770153398.7243109
4294967295,4278196359,4278320595,4294967294,16776659,4294967295,4289635299,255,4294965700,4294967295,4278190323,4294967295,4278190323,1770153398.7252982
4294967292,4278196362,4278320626,4294967292,16776690,16777215,4289640426,252,4294965700,4294967295,243,4294967295,243,1770153398.7264564
4294967295,4278196366,4278320895,4294967293,16776959,4294967295,4289647751,255,4294965700,4294967295,243,4294967295,243,1770153398.7274654
4294967293,4278196367,4278320873,4294967292,16776937,4294967295,4289649404,253,4294965700,4294967295,4294902003,4294967295,4294902003,1770153398.7286701
4294967295,4278196367,4278320875,4294967294,16776939,4294967295,4289649868,255,4294965700,4294967295,4278190323,4294967295,4278190323,1770153398.7296588
4294967295,4294908048,4294967030,4294967294,4278320886,4294967295,11461609,4294967295,4294965700,4294967295,4294967283,4294967295,4294967283,1770153398.7305753
4294967295,4294908049,4294967039,4294967292,130815,4294967295,11463157,4294902015,4294965700,4294967295,243,4294967295,243,1770153398.7316062
4294967292,4294908049,4294966976,4294967293,4278320832,4294967295,11463133,4294967292,4278192580,4294967295,4294902003,4294967295,4294902003,1770153398.7327416
4294967293,4294908051,4294966995,4294967294,4278320851,4294967295,11466495,4294902013,4294904260,4294967295,4294967283,4294967295,4294967283,1770153398.7337763
4294967295,4294908051,4294966996,4294967295,4278320852,4294967295,11466439,4294967295,4294965700,4294967295,4294967283,4294967295,4294967283,1770153398.7348213
4294967294,4278196371,4278320854,4294967293,16776918,4294967295,4289657079,254,4294965700,4294967295,4294967283,4294967295,4294967283,1770153398.7359538
4294967293,4278196372,4278320863,4294967295,16776927,4294967295,4289658339,4294967293,4294965700,4294967295,4294902003,4294967295,4294902003,1770153398.7368581
4294967295,4278196448,4278320359,4294967295,16776423,4294967295,4289564328,255,4294965700,4294967295,243,4294967295,243,1770153398.7397494
4294967292,4278196450,130294,4294967040,16776438,4294967295,4289566920,16777212,4294965700,4294967295,4294967283,4294967295,4294967283,1770153398.7407227
4294967293,4294908130,4294966519,4294967295,4278320375,4294967295,11376880,4294967293,4294965700,4294967295,4294967283,4294967295,4294967283,1770153398.7416697
4294967295,4278196450,4278320379,4294967293,16776443,4294967295,4289567632,255,4294965700,4294967295,243,4294967295,243,1770153398.742802
4294967295,4278196454,4278320361,4294967295,16776425,4294967295,4289575380,255,4294965700,4294967295,243,4294967295,243,1770153398.7441769
4294967295,4294908137,4294966403,4294967295,4278320259,4294967295,4289579761,4294967295,4294904260,4294967295,4294902003,4294967295,4294902003,1770153398.7453842
4294967294,4278196459,4278258848,4294967295,16776352,4294967295,4289584359,254,4294965700,4294967295,243,4294967295,243,1770153398.746757
4294967295,4294908140,4294966442,4294967294,4278320298,4294967295,11396062,4294967295,4294965700,4294967295,4294902003,4294967295,4294902003,1770153398.7480314
4294967295,4278196463,4278320334,4294967289,16776398,4294967295,4289591980,4294967295,4294965700,4294967295,4278190323,4294967295,4278190323,1770153398.749399
4294967295,4278196464,4278320341,4294967293,16776405,4294967295,4289593320,255,4294965700,4294967295,243,4294967295,243,1770153398.7503614
4294967295,4294908151,4294966755,4294967294,4278320611,4294967295,11415961,255,4294965700,4294967295,4294902003,4294967295,4294902003,1770153398.751293
4294967292,4294908154,4294966724,4294967294,4278320580,4294967295,11421419,252,4294965700,4294967295,4294967283,4294967295,4294967283,1770153398.7523823
4294967295,4294908157,4294905313,4294967294,4278259169,4294967295,11458977,4294902015,4294904260,4294967295,4294967283,4294967295,4294967283,1770153398.753301
4294967292,4294908157,4294966754,4294967295,4278320610,4294967295,11426505,4294967292,4294965700,4294967295,4294967283,4294967295,4294967283,1770153398.7542195
4294967294,4278196477,4278320614,4294967295,16776678,4294967295,4289617129,254,4294965700,4294967295,243,4294967295,243,1770153398.7551434
4294967295,4294908032,4294966658,4294967294,4278320514,4294967295,11431670,4294967295,4278192580,4294967295,4294967283,4294967295,4294967283,1770153398.7560897
4294967292,4278196352,4278320518,4294967294,16776582,4294967295,4289622422,252,4278254020,4294967295,243,4294967295,243,1770153398.7570035
4294967294,4278196353,4278320528,4294967293,16776592,4294967295,4289624315,4294967294,4294965700,4294967295,4294902003,4294967295,4294902003,1770153398.757962
4294967295,4278196355,4278320545,4294967295,16776609,4294967295,4289626877,4294967295,4294965700,4294967295,4294967283,4294967295,4294967283,1770153398.7588475
4294967295,4278196355,4278320547,4294967294,16776611,4294967295,4289627341,255,4294965700,4294967040,4294902003,4294967040,4294902003,1770153398.75978
4294967295,4294908036,4294966703,4278255615,4278320559,4294967295,11439346,4294967295,4294965700,4294967295,4294967283,4294967295,4294967283,1770153398.7607808
4294967295,4278196356,4278320563,4294967295,16776627,4294967295,4289629874,255,4294965700,4294967295,4278190323,4294967295,4278190323,1770153398.7618327
4294967295,4278196357,4278320574,4294967295,16776638,4294967295,4289631695,4294967295,4294965700,4294902015,243,4294902015,243,1770153398.762806
4294967295,4278196359,4278320595,4294967294,16776659,4294967295,4289635299,255,4294965700,4294967295,4278190323,4294967295,4278190323,1770153398.7639132
4294967292,4278196362,4278320626,4294967292,16776690,16777215,4289640426,252,4294965700,4294967295,243,4294967295,243,1770153398.7648067
4294967295,4278196366,4278320895,4294967293,16776959,4294967295,4289647751,255,4294965700,4294967295,243,4294967295,243,1770153398.765809
4294967293,4278196367,4278320873,4294967292,16776937,4294967295,4289649404,253,4294965700,4294967295,4294902003,4294967295,4294902003,1770153398.766728
4294967295,4278196367,4278320875,4294967294,16776939,4294967295,4289649868,255,4294965700,4294967295,4278190323,4294967295,4278190323,1770153398.7676606
4294967295,4294908048,4294967030,4294967294,4278320886,4294967295,11461609,4294967295,4294965700,4294967295,4294967283,4294967295,4294967283,1770153398.7686098
4294967295,4294908049,4294967039,4294967292,130815,4294967295,11463157,4294902015,4294965700,4294967295,243,4294967295,243,1770153398.7695973
4294967292,4294908049,4294966976,4294967293,4278320832,4294967295,11463133,4294967292,4278192580,4294967295,4294902003,4294967295,4294902003,1770153398.7705774
4294967293,4294908051,4294966995,4294967294,4278320851,4294967295,11466495,4294902013,4294904260,4294967295,4294967283,4294967295,4294967283,1770153398.771506
4294967295,4294908051,4294966996,4294967295,4278320852,4294967295,11466439,4294967295,4294965700,4294967295,4294967283,4294967295,4294967283,1770153398.7723894
4294967294,4278196371,4278320854,4294967293,16776918,4294967295,4289657079,254,4294965700,4294967295,4294967283,4294967295,4294967283,1770153398.7732816
4294967293,4278196372,4278320863,4294967295,16776927,4294967295,4289658339,4294967293,4294965700,4294967295,4294902003,4294967295,4294902003,1770153398.7741542
4294967294,4294908054,4294967028,4294967294,4278320884,4294967295,11471859,4294902014,4294965700,4294967295,243,4294967295,243,1770153398.775056
4294967295,4278196448,4278320359,4294967295,16776423,4294967295,4289564328,255,4294965700,4294967295,243,4294967295,243,1770153398.7782319
4294967292,4278196450,130294,4294967040,16776438,4294967295,4289566920,16777212,4294965700,4294967295,4294967283,4294967295,4294967283,1770153398.7793045
4294967293,4294908130,4294966519,4294967295,4278320375,4294967295,11376880,4294967293,4294965700,4294967295,4294967283,4294967295,4294967283,1770153398.7804227
4294967295,4278196450,4278320379,4294967293,16776443,4294967295,4289567632,255,4294965700,4294967295,243,4294967295,243,1770153398.7813866
4294967295,4278196454,4278320361,4294967295,16776425,4294967295,4289575380,255,4294965700,4294967295,243,4294967295,243,1770153398.7824605
4294967295,4294908137,4294966403,4294967295,4278320259,4294967295,4289579761,4294967295,4294904260,4294967295,4294902003,4294967295,4294902003,1770153398.7835906
4294967294,4278196459,4278258848,4294967295,16776352,4294967295,4289584359,254,4294965700,4294967295,243,4294967295,243,1770153398.7845972
4294967295,4294908140,4294966442,4294967294,4278320298,4294967295,11396062,4294967295,4294965700,4294967295,4294902003,4294967295,4294902003,1770153398.7856116
4294967295,4278196463,4278320334,4294967289,16776398,4294967295,4289591980,4294967295,4294965700,4294967295,4278190323,4294967295,4278190323,1770153398.7865005
4294967295,4278196464,4278320341,4294967293,16776405,4294967295,4289593320,255,4294965700,4294967295,243,4294967295,243,1770153398.7875297
4294967295,4294908151,4294966755,4294967294,4278320611,4294967295,11415961,255,4294965700,4294967295,4294902003,4294967295,4294902003,1770153398.7885227
4294967292,4294908154,4294966724,4294967294,4278320580,4294967295,11421419,252,4294965700,4294967295,4294967283,4294967295,4294967283,1770153398.7894645
4294967295,4294908157,4294905313,4294967294,4278259169,4294967295,11458977,4294902015,4294904260,4294967295,4294967283,4294967295,4294967283,1770153398.790404
4294967292,4294908157,4294966754,4294967295,4278320610,4294967295,11426505,4294967292,4294965700,4294967295,4294967283,4294967295,4294967283,1770153398.7913558
4294967294,4278196477,4278320614,4294967295,16776678,4294967295,4289617129,254,4294965700,4294967295,243,4294967295,243,1770153398.7923188
4294967295,4294908032,4294966658,4294967294,4278320514,4294967295,11431670,4294967295,4278192580,4294967295,4294967283,4294967295,4294967283,1770153398.7933059
4294967292,4278196352,4278320518,4294967294,16776582,4294967295,4289622422,252,4278254020,4294967295,243,4294967295,243,1770153398.7943885
4294967294,4278196353,4278320528,4294967293,16776592,4294967295,4289624315,4294967294,4294965700,4294967295,4294902003,4294967295,4294902003,1770153398.7954164
4294967295,4278196355,4278320545,4294967295,16776609,4294967295,4289626877,4294967295,4294965700,4294967295,4294967283,4294967295,4294967283,1770153398.796512
4294967295,4278196355,4278320547,4294967294,16776611,4294967295,4289627341,255,4294965700,4294967040,4294902003,4294967040,4294902003,1770153398.7977045
4294967295,4294908036,4294966703,4278255615,4278320559,4294967295,11439346,4294967295,4294965700,4294967295,4294967283,4294967295,4294967283,1770153398.7988148
4294967295,4278196356,4278320563,4294967295,16776627,4294967295,4289629874,255,4294965700,4294967295,4278190323,4294967295,4278190323,1770153398.7998478
4294967295,4278196357,4278320574,4294967295,16776638,4294967295,4289631695,4294967295,4294965700,4294902015,243,4294902015,243,1770153398.8008296
4294967295,4278196359,4278320595,4294967294,16776659,4294967295,4289635299,255,4294965700,4294967295,4278190323,4294967295,4278190323,1770153398.8017533
4294967292,4278196362,4278320626,4294967292,16776690,16777215,4289640426,252,4294965700,4294967295,243,4294967295,243,1770153398.8026762
4294967295,4278196366,4278320895,4294967293,16776959,4294967295,4289647751,255,4294965700,4294967295,243,4294967295,243,1770153398.8035676
4294967293,4278196367,4278320873,4294967292,16776937,4294967295,4289649404,253,4294965700,4294967295,4294902003,4294967295,4294902003,1770153398.8044734
4294967295,4278196367,4278320875,4294967294,16776939,4294967295,4289649868,255,4294965700,4294967295,4278190323,4294967295,4278190323,1770153398.8053455
4294967295,4294908048,4294967030,4294967294,4278320886,4294967295,11461609,4294967295,4294965700,4294967295,4294967283,4294967295,4294967283,1770153398.8062348
4294967295,4294908049,4294967039,4294967292,130815,4294967295,11463157,4294902015,4294965700,4294967295,243,4294967295,243,1770153398.8070755
4294967292,4294908049,4294966976,4294967293,4278320832,4294967295,11463133,4294967292,4278192580,4294967295,4294902003,4294967295,4294902003,1770153398.8081405
4294967293,4294908051,4294966995,4294967294,4278320851,4294967295,11466495,4294902013,4294904260,4294967295,4294967283,4294967295,4294967283,1770153398.8092508
4294967295,4294908051,4294966996,4294967295,4278320852,4294967295,11466439,4294967295,4294965700,4294967295,4294967283,4294967295,4294967283,1770153398.810537
4294967294,4278196371,4278320854,4294967293,16776918,4294967295,4289657079,254,4294965700,4294967295,4294967283,4294967295,4294967283,1770153398.813164
4294967293,4278196372,4278320863,4294967295,16776927,4294967295,4289658339,4294967293,4294965700,4294967295,4294902003,4294967295,4294902003,1770153398.8148766
4294967294,4294908054,4294967028,4294967294,4278320884,4294967295,11471859,4294902014,4294965700,4294967295,243,4294967295,243,1770153398.8160915
4294967293,4294908055,4294967037,4294967295,4278320893,4294967295,11530751,4294902013,4278254020,4294967295,4294967283,4294967295,4294967283,1770153398.8172634
4294967295,4278196448,4278320359,4294967295,16776423,4294967295,4289564328,255,4294965700,4294967295,243,4294967295,243,1770153398.8275244
4294967292,4278196450,130294,4294967040,16776438,4294967295,4289566920,16777212,4294965700,4294967295,4294967283,4294967295,4294967283,1770153398.828899
4294967293,4294908130,4294966519,4294967295,4278320375,4294967295,11376880,4294967293,4294965700,4294967295,4294967283,4294967295,4294967283,1770153398.8299932
4294967295,4278196450,4278320379,4294967293,16776443,4294967295,4289567632,255,4294965700,4294967295,243,4294967295,243,1770153398.8310602
4294967295,4278196454,4278320361,4294967295,16776425,4294967295,4289575380,255,4294965700,4294967295,243,4294967295,243,1770153398.8320322
4294967295,4294908137,4294966403,4294967295,4278320259,4294967295,4289579761,4294967295,4294904260,4294967295,4294902003,4294967295,4294902003,1770153398.8330832
4294967294,4278196459,4278258848,4294967295,16776352,4294967295,4289584359,254,4294965700,4294967295,243,4294967295,243,1770153398.834069
4294967295,4294908140,4294966442,4294967294,4278320298,4294967295,11396062,4294967295,4294965700,4294967295,4294902003,4294967295,4294902003,1770153398.8351066
4294967295,4278196463,4278320334,4294967289,16776398,4294967295,4289591980,4294967295,4294965700,4294967295,4278190323,4294967295,4278190323,1770153398.8360896
4294967295,4278196464,4278320341,4294967293,16776405,4294967295,4289593320,255,4294965700,4294967295,243,4294967295,243,1770153398.8368938
4294967295,4294908151,4294966755,4294967294,4278320611,4294967295,11415961,255,4294965700,4294967295,4294902003,4294967295,4294902003,1770153398.8378031
4294967292,4294908154,4294966724,4294967294,4278320580,4294967295,11421419,252,4294965700,4294967295,4294967283,4294967295,4294967283,1770153398.8388252
4294967295,4294908157,4294905313,4294967294,4278259169,4294967295,11458977,4294902015,4294904260,4294967295,4294967283,4294967295,4294967283,1770153398.8400154
4294967292,4294908157,4294966754,4294967295,4278320610,4294967295,11426505,4294967292,4294965700,4294967295,4294967283,4294967295,4294967283,1770153398.8409839
4294967294,4278196477,4278320614,4294967295,16776678,4294967295,4289617129,254,4294965700,4294967295,243,4294967295,243,1770153398.8419259
4294967295,4294908032,4294966658,4294967294,4278320514,4294967295,11431670,4294967295,4278192580,4294967295,4294967283,4294967295,4294967283,1770153398.8428805
4294967292,4278196352,4278320518,4294967294,16776582,4294967295,4289622422,252,4278254020,4294967295,243,4294967295,243,1770153398.8438883
4294967294,4278196353,4278320528,4294967293,16776592,4294967295,4289624315,4294967294,4294965700,4294967295,4294902003,4294967295,4294902003,1770153398.8452165
4294967295,4278196355,4278320545,4294967295,16776609,4294967295,4289626877,4294967295,4294965700,4294967295,4294967283,4294967295,4294967283,1770153398.8461866
4294967295,4278196355,4278320547,4294967294,16776611,4294967295,4289627341,255,4294965700,4294967040,4294902003,4294967040,4294902003,1770153398.8471308
4294967295,4294908036,4294966703,4278255615,4278320559,4294967295,11439346,4294967295,4294965700,4294967295,4294967283,4294967295,4294967283,1770153398.8480215
4294967295,4278196356,4278320563,4294967295,16776627,4294967295,4289629874,255,4294965700,4294967295,4278190323,4294967295,4278190323,1770153398.848906
4294967295,4278196357,4278320574,4294967295,16776638,4294967295,4289631695,4294967295,4294965700,4294902015,243,4294902015,243,1770153398.8497887
4294967295,4278196359,4278320595,4294967294,16776659,4294967295,4289635299,255,4294965700,4294967295,4278190323,4294967295,4278190323,1770153398.8506145
4294967292,4278196362,4278320626,4294967292,16776690,16777215,4289640426,252,4294965700,4294967295,243,4294967295,243,1770153398.8515475
4294967295,4278196366,4278320895,4294967293,16776959,4294967295,4289647751,255,4294965700,4294967295,243,4294967295,243,1770153398.8525229
4294967293,4278196367,4278320873,4294967292,16776937,4294967295,4289649404,253,4294965700,4294967295,4294902003,4294967295,4294902003,1770153398.8534288
4294967295,4278196367,4278320875,4294967294,16776939,4294967295,4289649868,255,4294965700,4294967295,4278190323,4294967295,4278190323,1770153398.8544621
4294967295,4294908048,4294967030,4294967294,4278320886,4294967295,11461609,4294967295,4294965700,4294967295,4294967283,4294967295,4294967283,1770153398.8555136
4294967295,4294908049,4294967039,4294967292,130815,4294967295,11463157,4294902015,4294965700,4294967295,243,4294967295,243,1770153398.8564713
4294967292,4294908049,4294966976,4294967293,4278320832,4294967295,11463133,4294967292,4278192580,4294967295,4294902003,4294967295,4294902003,1770153398.8573978
4294967293,4294908051,4294966995,4294967294,4278320851,4294967295,11466495,4294902013,4294904260,4294967295,4294967283,4294967295,4294967283,1770153398.858377
4294967295,4294908051,4294966996,4294967295,4278320852,4294967295,11466439,4294967295,4294965700,4294967295,4294967283,4294967295,4294967283,1770153398.859375
4294967294,4278196371,4278320854,4294967293,16776918,4294967295,4289657079,254,4294965700,4294967295,4294967283,4294967295,4294967283,1770153398.8605566
4294967293,4278196372,4278320863,4294967295,16776927,4294967295,4289658339,4294967293,4294965700,4294967295,4294902003,4294967295,4294902003,1770153398.8615282
4294967294,4294908054,4294967028,4294967294,4278320884,4294967295,11471859,4294902014,4294965700,4294967295,243,4294967295,243,1770153398.8627717
4294967293,4294908055,4294967037,4294967295,4278320893,4294967295,11530751,4294902013,4278254020,4294967295,4294967283,4294967295,4294967283,1770153398.8638303
4294967293,4294908055,4294966915,4294967294,4278320771,4294967295,11474418,4294967293,4294965700,4294967295,4294967283,4294967295,4294967283,1770153398.864864
4294967295,4278196448,4278320359,4294967295,16776423,4294967295,4289564328,255,4294965700,4294967295,243,4294967295,243,1770153398.9758317
4294967292,4278196450,130294,4294967040,16776438,4294967295,4289566920,16777212,4294965700,4294967295,4294967283,4294967295,4294967283,1770153398.977651
4294967293,4294908130,4294966519,4294967295,4278320375,4294967295,11376880,4294967293,4294965700,4294967295,4294967283,4294967295,4294967283,1770153398.9790313
4294967295,4278196450,4278320379,4294967293,16776443,4294967295,4289567632,255,4294965700,4294967295,243,4294967295,243,1770153398.9802513
4294967295,4278196454,4278320361,4294967295,16776425,4294967295,4289575380,255,4294965700,4294967295,243,4294967295,243,1770153398.981225
4294967295,4294908137,4294966403,4294967295,4278320259,4294967295,4289579761,4294967295,4294904260,4294967295,4294902003,4294967295,4294902003,1770153398.9824004
4294967294,4278196459,4278258848,4294967295,16776352,4294967295,4289584359,254,4294965700,4294967295,243,4294967295,243,1770153398.9834566
4294967295,4294908140,4294966442,4294967294,4278320298,4294967295,11396062,4294967295,4294965700,4294967295,4294902003,4294967295,4294902003,1770153398.9844646
4294967295,4278196463,4278320334,4294967289,16776398,4294967295,4289591980,4294967295,4294965700,4294967295,4278190323,4294967295,4278190323,1770153398.9854136
4294967295,4278196464,4278320341,4294967293,16776405,4294967295,4289593320,255,4294965700,4294967295,243,4294967295,243,1770153398.9863598
4294967295,4294908151,4294966755,4294967294,4278320611,4294967295,11415961,255,4294965700,4294967295,4294902003,4294967295,4294902003,1770153398.987856
4294967292,4294908154,4294966724,4294967294,4278320580,4294967295,11421419,252,4294965700,4294967295,4294967283,4294967295,4294967283,1770153398.9889147
4294967295,4294908157,4294905313,4294967294,4278259169,4294967295,11458977,4294902015,4294904260,4294967295,4294967283,4294967295,4294967283,1770153398.990594
4294967292,4294908157,4294966754,4294967295,4278320610,4294967295,11426505,4294967292,4294965700,4294967295,4294967283,4294967295,4294967283,1770153398.9916756
4294967294,4278196477,4278320614,4294967295,16776678,4294967295,4289617129,254,4294965700,4294967295,243,4294967295,243,1770153398.9935
4294967295,4294908032,4294966658,4294967294,4278320514,4294967295,11431670,4294967295,4278192580,4294967295,4294967283,4294967295,4294967283,1770153398.995536
4294967292,4278196352,4278320518,4294967294,16776582,4294967295,4289622422,252,4278254020,4294967295,243,4294967295,243,1770153398.9965825
4294967294,4278196353,4278320528,4294967293,16776592,4294967295,4289624315,4294967294,4294965700,4294967295,4294902003,4294967295,4294902003,1770153398.99811
4294967295,4278196355,4278320545,4294967295,16776609,4294967295,4289626877,4294967295,4294965700,4294967295,4294967283,4294967295,4294967283,1770153398.9997685
4294967295,4278196355,4278320547,4294967294,16776611,4294967295,4289627341,255,4294965700,4294967040,4294902003,4294967040,4294902003,1770153399.0008357
4294967295,4294908036,4294966703,4278255615,4278320559,4294967295,11439346,4294967295,4294965700,4294967295,4294967283,4294967295,4294967283,1770153399.0019102
4294967295,4278196356,4278320563,4294967295,16776627,4294967295,4289629874,255,4294965700,4294967295,4278190323,4294967295,4278190323,1770153399.0028636
4294967295,4278196357,4278320574,4294967295,16776638,4294967295,4289631695,4294967295,4294965700,4294902015,243,4294902015,243,1770153399.0038164
4294967295,4278196359,4278320595,4294967294,16776659,4294967295,4289635299,255,4294965700,4294967295,4278190323,4294967295,4278190323,1770153399.0048459
4294967292,4278196362,4278320626,4294967292,16776690,16777215,4289640426,252,4294965700,4294967295,243,4294967295,243,1770153399.0057883
4294967295,4278196366,4278320895,4294967293,16776959,4294967295,4289647751,255,4294965700,4294967295,243,4294967295,243,1770153399.0066998
4294967293,4278196367,4278320873,4294967292,16776937,4294967295,4289649404,253,4294965700,4294967295,4294902003,4294967295,4294902003,1770153399.0076354
4294967295,4278196367,4278320875,4294967294,16776939,4294967295,4289649868,255,4294965700,4294967295,4278190323,4294967295,4278190323,1770153399.0086198
4294967295,4294908048,4294967030,4294967294,4278320886,4294967295,11461609,4294967295,4294965700,4294967295,4294967283,4294967295,4294967283,1770153399.009763
4294967295,4294908049,4294967039,4294967292,130815,4294967295,11463157,4294902015,4294965700,4294967295,243,4294967295,243,1770153399.010934
4294967292,4294908049,4294966976,4294967293,4278320832,4294967295,11463133,4294967292,4278192580,4294967295,4294902003,4294967295,4294902003,1770153399.0120797
4294967293,4294908051,4294966995,4294967294,4278320851,4294967295,11466495,4294902013,4294904260,4294967295,4294967283,4294967295,4294967283,1770153399.013067
4294967295,4294908051,4294966996,4294967295,4278320852,4294967295,11466439,4294967295,4294965700,4294967295,4294967283,4294967295,4294967283,1770153399.014074
4294967294,4278196371,4278320854,4294967293,16776918,4294967295,4289657079,254,4294965700,4294967295,4294967283,4294967295,4294967283,1770153399.0150392
4294967293,4278196372,4278320863,4294967295,16776927,4294967295,4289658339,4294967293,4294965700,4294967295,4294902003,4294967295,4294902003,1770153399.0159943
4294967294,4294908054,4294967028,4294967294,4278320884,4294967295,11471859,4294902014,4294965700,4294967295,243,4294967295,243,1770153399.0170581
4294967293,4294908055,4294967037,4294967295,4278320893,4294967295,11530751,4294902013,4278254020,4294967295,4294967283,4294967295,4294967283,1770153399.0179846
4294967293,4294908055,4294966915,4294967294,4278320771,4294967295,11474418,4294967293,4294965700,4294967295,4294967283,4294967295,4294967283,1770153399.0189133
4294967295,4278196376,4278320784,4294967288,16776848,4294967295,4289666462,4294967295,4294965700,4294967295,243,4294967295,243,1770153399.0197902
4294967295,4278196448,4278320359,4294967295,16776423,4294967295,4289564328,255,4294965700,4294967295,243,4294967295,243,1770153399.0227559
4294967292,4278196450,130294,4294967040,16776438,4294967295,4289566920,16777212,4294965700,4294967295,4294967283,4294967295,4294967283,1770153399.0237134
4294967293,4294908130,4294966519,4294967295,4278320375,4294967295,11376880,4294967293,4294965700,4294967295,4294967283,4294967295,4294967283,1770153399.0250268
4294967295,4278196450,4278320379,4294967293,16776443,4294967295,4289567632,255,4294965700,4294967295,243,4294967295,243,1770153399.0262928
4294967295,4278196454,4278320361,4294967295,16776425,4294967295,4289575380,255,4294965700,4294967295,243,4294967295,243,1770153399.0277162
4294967295,4294908137,4294966403,4294967295,4278320259,4294967295,4289579761,4294967295,4294904260,4294967295,4294902003,4294967295,4294902003,1770153399.028937
4294967294,4278196459,4278258848,4294967295,16776352,4294967295,4289584359,254,4294965700,4294967295,243,4294967295,243,1770153399.0299997
4294967295,4294908140,4294966442,4294967294,4278320298,4294967295,11396062,4294967295,4294965700,4294967295,4294902003,4294967295,4294902003,1770153399.0310857
4294967295,4278196463,4278320334,4294967289,16776398,4294967295,4289591980,4294967295,4294965700,4294967295,4278190323,4294967295,4278190323,1770153399.0322862
4294967295,4278196464,4278320341,4294967293,16776405,4294967295,4289593320,255,4294965700,4294967295,243,4294967295,243,1770153399.0332966
4294967295,4294908151,4294966755,4294967294,4278320611,4294967295,11415961,255,4294965700,4294967295,4294902003,4294967295,4294902003,1770153399.0343075
4294967292,4294908154,4294966724,4294967294,4278320580,4294967295,11421419,252,4294965700,4294967295,4294967283,4294967295,4294967283,1770153399.0352454
4294967295,4294908157,4294905313,4294967294,4278259169,4294967295,11458977,4294902015,4294904260,4294967295,4294967283,4294967295,4294967283,1770153399.036314
4294967292,4294908157,4294966754,4294967295,4278320610,4294967295,11426505,4294967292,4294965700,4294967295,4294967283,4294967295,4294967283,1770153399.0372427
4294967294,4278196477,4278320614,4294967295,16776678,4294967295,4289617129,254,4294965700,4294967295,243,4294967295,243,1770153399.0382535
4294967295,4294908032,4294966658,4294967294,4278320514,4294967295,11431670,4294967295,4278192580,4294967295,4294967283,4294967295,4294967283,1770153399.039204
4294967292,4278196352,4278320518,4294967294,16776582,4294967295,4289622422,252,4278254020,4294967295,243,4294967295,243,1770153399.0402865
4294967294,4278196353,4278320528,4294967293,16776592,4294967295,4289624315,4294967294,4294965700,4294967295,4294902003,4294967295,4294902003,1770153399.0412612
4294967295,4278196355,4278320545,4294967295,16776609,4294967295,4289626877,4294967295,4294965700,4294967295,4294967283,4294967295,4294967283,1770153399.0422668
4294967295,4278196355,4278320547,4294967294,16776611,4294967295,4289627341,255,4294965700,4294967040,4294902003,4294967040,4294902003,1770153399.0446348
4294967295,4294908036,4294966703,4278255615,4278320559,4294967295,11439346,4294967295,4294965700,4294967295,4294967283,4294967295,4294967283,1770153399.0457625
4294967295,4278196356,4278320563,4294967295,16776627,4294967295,4289629874,255,4294965700,4294967295,4278190323,4294967295,4278190323,1770153399.046922
4294967295,4278196357,4278320574,4294967295,16776638,4294967295,4289631695,4294967295,4294965700,4294902015,243,4294902015,243,1770153399.0480375
4294967295,4278196359,4278320595,4294967294,16776659,4294967295,4289635299,255,4294965700,4294967295,4278190323,4294967295,4278190323,1770153399.0490687
4294967292,4278196362,4278320626,4294967292,16776690,16777215,4289640426,252,4294965700,4294967295,243,4294967295,243,1770153399.0500195
4294967295,4278196366,4278320895,4294967293,16776959,4294967295,4289647751,255,4294965700,4294967295,243,4294967295,243,1770153399.051123
4294967293,4278196367,4278320873,4294967292,16776937,4294967295,4289649404,253,4294965700,4294967295,4294902003,4294967295,4294902003,1770153399.0520601
4294967295,4278196367,4278320875,4294967294,16776939,4294967295,4289649868,255,4294965700,4294967295,4278190323,4294967295,4278190323,1770153399.0529468
4294967295,4294908048,4294967030,4294967294,4278320886,4294967295,11461609,4294967295,4294965700,4294967295,4294967283,4294967295,4294967283,1770153399.053911
4294967295,4294908049,4294967039,4294967292,130815,4294967295,11463157,4294902015,4294965700,4294967295,243,4294967295,243,1770153399.0548847
4294967292,4294908049,4294966976,4294967293,4278320832,4294967295,11463133,4294967292,4278192580,4294967295,4294902003,4294967295,4294902003,1770153399.0561533
4294967293,4294908051,4294966995,4294967294,4278320851,4294967295,11466495,4294902013,4294904260,4294967295,4294967283,4294967295,4294967283,1770153399.0572712
4294967295,4294908051,4294966996,4294967295,4278320852,4294967295,11466439,4294967295,4294965700,4294967295,4294967283,4294967295,4294967283,1770153399.0582464
4294967294,4278196371,4278320854,4294967293,16776918,4294967295,4289657079,254,4294965700,4294967295,4294967283,4294967295,4294967283,1770153399.0594137
4294967293,4278196372,4278320863,4294967295,16776927,4294967295,4289658339,4294967293,4294965700,4294967295,4294902003,4294967295,4294902003,1770153399.0607824
4294967294,4294908054,4294967028,4294967294,4278320884,4294967295,11471859,4294902014,4294965700,4294967295,243,4294967295,243,1770153399.0618856
4294967293,4294908055,4294967037,4294967295,4278320893,4294967295,11530751,4294902013,4278254020,4294967295,4294967283,4294967295,4294967283,1770153399.062954
4294967293,4294908055,4294966915,4294967294,4278320771,4294967295,11474418,4294967293,4294965700,4294967295,4294967283,4294967295,4294967283,1770153399.0639925
4294967295,4278196376,4278320784,4294967288,16776848,4294967295,4289666462,4294967295,4294965700,4294967295,243,4294967295,243,1770153399.0648973
4294967294,4278196378,4278320804,4294967294,16776868,4294967295,4289669767,254,4294965700,4294967295,243,4294967295,243,1770153399.0658357
4294967295,4278196448,4278320359,4294967295,16776423,4294967295,4289564328,255,4294965700,4294967295,243,4294967295,243,1770153399.068886
4294967292,4278196450,130294,4294967040,16776438,4294967295,4289566920,16777212,4294965700,4294967295,4294967283,4294967295,4294967283,1770153399.0699637
4294967293,4294908130,4294966519,4294967295,4278320375,4294967295,11376880,4294967293,4294965700,4294967295,4294967283,4294967295,4294967283,1770153399.0709407
4294967295,4278196450,4278320379,4294967293,16776443,4294967295,4289567632,255,4294965700,4294967295,243,4294967295,243,1770153399.0720942
4294967295,4278196454,4278320361,4294967295,16776425,4294967295,4289575380,255,4294965700,4294967295,243,4294967295,243,1770153399.0729897
4294967295,4294908137,4294966403,4294967295,4278320259,4294967295,4289579761,4294967295,4294904260,4294967295,4294902003,4294967295,4294902003,1770153399.0740273
4294967294,4278196459,4278258848,4294967295,16776352,4294967295,4289584359,254,4294965700,4294967295,243,4294967295,243,1770153399.0751152
4294967295,4294908140,4294966442,4294967294,4278320298,4294967295,11396062,4294967295,4294965700,4294967295,4294902003,4294967295,4294902003,1770153399.0760407
4294967295,4278196463,4278320334,4294967289,16776398,4294967295,4289591980,4294967295,4294965700,4294967295,4278190323,4294967295,4278190323,1770153399.0772185
4294967295,4278196464,4278320341,4294967293,16776405,4294967295,4289593320,255,4294965700,4294967295,243,4294967295,243,1770153399.078316
4294967295,4294908151,4294966755,4294967294,4278320611,4294967295,11415961,255,4294965700,4294967295,4294902003,4294967295,4294902003,1770153399.079373
4294967292,4294908154,4294966724,4294967294,4278320580,4294967295,11421419,252,4294965700,4294967295,4294967283,4294967295,4294967283,1770153399.0803735
4294967295,4294908157,4294905313,4294967294,4278259169,4294967295,11458977,4294902015,4294904260,4294967295,4294967283,4294967295,4294967283,1770153399.0812752
4294967292,4294908157,4294966754,4294967295,4278320610,4294967295,11426505,4294967292,4294965700,4294967295,4294967283,4294967295,4294967283,1770153399.082432
4294967294,4278196477,4278320614,4294967295,16776678,4294967295,4289617129,254,4294965700,4294967295,243,4294967295,243,1770153399.084011
4294967295,4294908032,4294966658,4294967294,4278320514,4294967295,11431670,4294967295,4278192580,4294967295,4294967283,4294967295,4294967283,1770153399.085203
4294967292,4278196352,4278320518,4294967294,16776582,4294967295,4289622422,252,4278254020,4294967295,243,4294967295,243,1770153399.086285
4294967294,4278196353,4278320528,4294967293,16776592,4294967295,4289624315,4294967294,4294965700,4294967295,4294902003,4294967295,4294902003,1770153399.0876184
4294967295,4278196355,4278320545,4294967295,16776609,4294967295,4289626877,4294967295,4294965700,4294967295,4294967283,4294967295,4294967283,1770153399.0888584
4294967295,4278196355,4278320547,4294967294,16776611,4294967295,4289627341,255,4294965700,4294967040,4294902003,4294967040,4294902003,1770153399.0897782
4294967295,4294908036,4294966703,4278255615,4278320559,4294967295,11439346,4294967295,4294965700,4294967295,4294967283,4294967295,4294967283,1770153399.0907557
4294967295,4278196356,4278320563,4294967295,16776627,4294967295,4289629874,255,4294965700,4294967295,4278190323,4294967295,4278190323,1770153399.0917218
4294967295,4278196357,4278320574,4294967295,16776638,4294967295,4289631695,4294967295,4294965700,4294902015,243,4294902015,243,1770153399.0926504
4294967295,4278196359,4278320595,4294967294,16776659,4294967295,4289635299,255,4294965700,4294967295,4278190323,4294967295,4278190323,1770153399.0939157
4294967292,4278196362,4278320626,4294967292,16776690,16777215,4289640426,252,4294965700,4294967295,243,4294967295,243,1770153399.0950131
4294967295,4278196366,4278320895,4294967293,16776959,4294967295,4289647751,255,4294965700,4294967295,243,4294967295,243,1770153399.0960436
4294967293,4278196367,4278320873,4294967292,16776937,4294967295,4289649404,253,4294965700,4294967295,4294902003,4294967295,4294902003,1770153399.0970073
4294967295,4278196367,4278320875,4294967294,16776939,4294967295,4289649868,255,4294965700,4294967295,4278190323,4294967295,4278190323,1770153399.098053
4294967295,4294908048,4294967030,4294967294,4278320886,4294967295,11461609,4294967295,4294965700,4294967295,4294967283,4294967295,4294967283,1770153399.099124
4294967295,4294908049,4294967039,4294967292,130815,4294967295,11463157,4294902015,4294965700,4294967295,243,4294967295,243,1770153399.1002028
4294967292,4294908049,4294966976,4294967293,4278320832,4294967295,11463133,4294967292,4278192580,4294967295,4294902003,4294967295,4294902003,1770153399.1012204
4294967293,4294908051,4294966995,4294967294,4278320851,4294967295,11466495,4294902013,4294904260,4294967295,4294967283,4294967295,4294967283,1770153399.1022503
4294967295,4294908051,4294966996,4294967295,4278320852,4294967295,11466439,4294967295,4294965700,4294967295,4294967283,4294967295,4294967283,1770153399.103159
4294967294,4278196371,4278320854,4294967293,16776918,4294967295,4289657079,254,4294965700,4294967295,4294967283,4294967295,4294967283,1770153399.1042235
4294967293,4278196372,4278320863,4294967295,16776927,4294967295,4289658339,4294967293,4294965700,4294967295,4294902003,4294967295,4294902003,1770153399.105237
4294967294,4294908054,4294967028,4294967294,4278320884,4294967295,11471859,4294902014,4294965700,4294967295,243,4294967295,243,1770153399.106175
4294967293,4294908055,4294967037,4294967295,4278320893,4294967295,11530751,4294902013,4278254020,4294967295,4294967283,4294967295,4294967283,1770153399.1072412
4294967293,4294908055,4294966915,4294967294,4278320771,4294967295,11474418,4294967293,4294965700,4294967295,4294967283,4294967295,4294967283,1770153399.1083899
4294967295,4278196376,4278320784,4294967288,16776848,4294967295,4289666462,4294967295,4294965700,4294967295,243,4294967295,243,1770153399.1093073
4294967294,4278196378,4278320804,4294967294,16776868,4294967295,4289669767,254,4294965700,4294967295,243,4294967295,243,1770153399.110336
4294967292,4278196379,4278320812,4294967295,16776876,4294967295,4289671083,4294967292,16775620,4294967295,4294902003,4294967295,4294902003,1770153399.1118188
4294967295,4278196448,4278320359,4294967295,16776423,4294967295,4289564328,255,4294965700,4294967295,243,4294967295,243,1770153399.1150515
4294967292,4278196450,130294,4294967040,16776438,4294967295,4289566920,16777212,4294965700,4294967295,4294967283,4294967295,4294967283,1770153399.1160069
4294967293,4294908130,4294966519,4294967295,4278320375,4294967295,11376880,4294967293,4294965700,4294967295,4294967283,4294967295,4294967283,1770153399.1170313
4294967295,4278196450,4278320379,4294967293,16776443,4294967295,4289567632,255,4294965700,4294967295,243,4294967295,243,1770153399.118307
4294967295,4278196454,4278320361,4294967295,16776425,4294967295,4289575380,255,4294965700,4294967295,243,4294967295,243,1770153399.1194363
4294967295,4294908137,4294966403,4294967295,4278320259,4294967295,4289579761,4294967295,4294904260,4294967295,4294902003,4294967295,4294902003,1770153399.1204207
4294967294,4278196459,4278258848,4294967295,16776352,4294967295,4289584359,254,4294965700,4294967295,243,4294967295,243,1770153399.1215813
4294967295,4294908140,4294966442,4294967294,4278320298,4294967295,11396062,4294967295,4294965700,4294967295,4294902003,4294967295,4294902003,1770153399.1232185
4294967295,4278196463,4278320334,4294967289,16776398,4294967295,4289591980,4294967295,4294965700,4294967295,4278190323,4294967295,4278190323,1770153399.1243322
4294967295,4278196464,4278320341,4294967293,16776405,4294967295,4289593320,255,4294965700,4294967295,243,4294967295,243,1770153399.1253252
4294967295,4294908151,4294966755,4294967294,4278320611,4294967295,11415961,255,4294965700,4294967295,4294902003,4294967295,4294902003,1770153399.1262445
4294967292,4294908154,4294966724,4294967294,4278320580,4294967295,11421419,252,4294965700,4294967295,4294967283,4294967295,4294967283,1770153399.1277401
4294967295,4294908157,4294905313,4294967294,4278259169,4294967295,11458977,4294902015,4294904260,4294967295,4294967283,4294967295,4294967283,1770153399.1288571
4294967292,4294908157,4294966754,4294967295,4278320610,4294967295,11426505,4294967292,4294965700,4294967295,4294967283,4294967295,4294967283,1770153399.1299818
4294967294,4278196477,4278320614,4294967295,16776678,4294967295,4289617129,254,4294965700,4294967295,243,4294967295,243,1770153399.131078
4294967295,4294908032,4294966658,4294967294,4278320514,4294967295,11431670,4294967295,4278192580,4294967295,4294967283,4294967295,4294967283,1770153399.1322126
4294967292,4278196352,4278320518,4294967294,16776582,4294967295,4289622422,252,4278254020,4294967295,243,4294967295,243,1770153399.133351
4294967294,4278196353,4278320528,4294967293,16776592,4294967295,4289624315,4294967294,4294965700,4294967295,4294902003,4294967295,4294902003,1770153399.1344988
4294967295,4278196355,4278320545,4294967295,16776609,4294967295,4289626877,4294967295,4294965700,4294967295,4294967283,4294967295,4294967283,1770153399.1355553
4294967295,4278196355,4278320547,4294967294,16776611,4294967295,4289627341,255,4294965700,4294967040,4294902003,4294967040,4294902003,1770153399.1364696
4294967295,4294908036,4294966703,4278255615,4278320559,4294967295,11439346,4294967295,4294965700,4294967295,4294967283,4294967295,4294967283,1770153399.137568
4294967295,4278196356,4278320563,4294967295,16776627,4294967295,4289629874,255,4294965700,4294967295,4278190323,4294967295,4278190323,1770153399.138561
4294967295,4278196357,4278320574,4294967295,16776638,4294967295,4289631695,4294967295,4294965700,4294902015,243,4294902015,243,1770153399.13961
4294967295,4278196359,4278320595,4294967294,16776659,4294967295,4289635299,255,4294965700,4294967295,4278190323,4294967295,4278190323,1770153399.1405838
4294967292,4278196362,4278320626,4294967292,16776690,16777215,4289640426,252,4294965700,4294967295,243,4294967295,243,1770153399.1415684
4294967295,4278196366,4278320895,4294967293,16776959,4294967295,4289647751,255,4294965700,4294967295,243,4294967295,243,1770153399.1424968
4294967293,4278196367,4278320873,4294967292,16776937,4294967295,4289649404,253,4294965700,4294967295,4294902003,4294967295,4294902003,1770153399.143464
4294967295,4278196367,4278320875,4294967294,16776939,4294967295,4289649868,255,4294965700,4294967295,4278190323,4294967295,4278190323,1770153399.1445134
4294967295,4294908048,4294967030,4294967294,4278320886,4294967295,11461609,4294967295,4294965700,4294967295,4294967283,4294967295,4294967283,1770153399.1454978
4294967295,4294908049,4294967039,4294967292,130815,4294967295,11463157,4294902015,4294965700,4294967295,243,4294967295,243,1770153399.1464334
4294967292,4294908049,4294966976,4294967293,4278320832,4294967295,11463133,4294967292,4278192580,4294967295,4294902003,4294967295,4294902003,1770153399.1490104
4294967293,4294908051,4294966995,4294967294,4278320851,4294967295,11466495,4294902013,4294904260,4294967295,4294967283,4294967295,4294967283,1770153399.1501231
4294967295,4294908051,4294966996,4294967295,4278320852,4294967295,11466439,4294967295,4294965700,4294967295,4294967283,4294967295,4294967283,1770153399.1511848
4294967294,4278196371,4278320854,4294967293,16776918,4294967295,4289657079,254,4294965700,4294967295,4294967283,4294967295,4294967283,1770153399.1521235
4294967293,4278196372,4278320863,4294967295,16776927,4294967295,4289658339,4294967293,4294965700,4294967295,4294902003,4294967295,4294902003,1770153399.1537058
4294967294,4294908054,4294967028,4294967294,4278320884,4294967295,11471859,4294902014,4294965700,4294967295,243,4294967295,243,1770153399.1548488
4294967293,4294908055,4294967037,4294967295,4278320893,4294967295,11530751,4294902013,4278254020,4294967295,4294967283,4294967295,4294967283,1770153399.1560068
4294967293,4294908055,4294966915,4294967294,4278320771,4294967295,11474418,4294967293,4294965700,4294967295,4294967283,4294967295,4294967283,1770153399.1570444
4294967295,4278196376,4278320784,4294967288,16776848,4294967295,4289666462,4294967295,4294965700,4294967295,243,4294967295,243,1770153399.1591854
4294967294,4278196378,4278320804,4294967294,16776868,4294967295,4289669767,254,4294965700,4294967295,243,4294967295,243,1770153399.1601717
4294967292,4278196379,4278320812,4294967295,16776876,4294967295,4289671083,4294967292,16775620,4294967295,4294902003,4294967295,4294902003,1770153399.1612415
4294967293,4294908059,16776883,4294967290,130739,4294901760,11482073,4294967293,4294966488,4294967295,4294902010,4294967295,4294902010,1770153399.1623583
4294967295,4278196448,4278320359,4294967295,16776423,4294967295,4289564328,255,4294965700,4294967295,243,4294967295,243,1770153399.1655877
4294967292,4278196450,130294,4294967040,16776438,4294967295,4289566920,16777212,4294965700,4294967295,4294967283,4294967295,4294967283,1770153399.1666462
4294967293,4294908130,4294966519,4294967295,4278320375,4294967295,11376880,4294967293,4294965700,4294967295,4294967283,4294967295,4294967283,1770153399.1677058
4294967295,4278196450,4278320379,4294967293,16776443,4294967295,4289567632,255,4294965700,4294967295,243,4294967295,243,1770153399.1688175
4294967295,4278196454,4278320361,4294967295,16776425,4294967295,4289575380,255,4294965700,4294967295,243,4294967295,243,1770153399.169909
4294967295,4294908137,4294966403,4294967295,4278320259,4294967295,4289579761,4294967295,4294904260,4294967295,4294902003,4294967295,4294902003,1770153399.1708612
4294967294,4278196459,4278258848,4294967295,16776352,4294967295,4289584359,254,4294965700,4294967295,243,4294967295,243,1770153399.1718502
4294967295,4294908140,4294966442,4294967294,4278320298,4294967295,11396062,4294967295,4294965700,4294967295,4294902003,4294967295,4294902003,1770153399.17279
4294967295,4278196463,4278320334,4294967289,16776398,4294967295,4289591980,4294967295,4294965700,4294967295,4278190323,4294967295,4278190323,1770153399.1736982
4294967295,4278196464,4278320341,4294967293,16776405,4294967295,4289593320,255,4294965700,4294967295,243,4294967295,243,1770153399.1746123
4294967295,4294908151,4294966755,4294967294,4278320611,4294967295,11415961,255,4294965700,4294967295,4294902003,4294967295,4294902003,1770153399.1756132
4294967292,4294908154,4294966724,4294967294,4278320580,4294967295,11421419,252,4294965700,4294967295,4294967283,4294967295,4294967283,1770153399.1765258
4294967295,4294908157,4294905313,4294967294,4278259169,4294967295,11458977,4294902015,4294904260,4294967295,4294967283,4294967295,4294967283,1770153399.1774461
4294967292,4294908157,4294966754,4294967295,4278320610,4294967295,11426505,4294967292,4294965700,4294967295,4294967283,4294967295,4294967283,1770153399.1784616
4294967294,4278196477,4278320614,4294967295,16776678,4294967295,4289617129,254,4294965700,4294967295,243,4294967295,243,1770153399.179488
4294967295,4294908032,4294966658,4294967294,4278320514,4294967295,11431670,4294967295,4278192580,4294967295,4294967283,4294967295,4294967283,1770153399.1807559
4294967292,4278196352,4278320518,4294967294,16776582,4294967295,4289622422,252,4278254020,4294967295,243,4294967295,243,1770153399.181862
4294967294,4278196353,4278320528,4294967293,16776592,4294967295,4289624315,4294967294,4294965700,4294967295,4294902003,4294967295,4294902003,1770153399.182822
4294967295,4278196355,4278320545,4294967295,16776609,4294967295,4289626877,4294967295,4294965700,4294967295,4294967283,4294967295,4294967283,1770153399.1840398
4294967295,4278196355,4278320547,4294967294,16776611,4294967295,4289627341,255,4294965700,4294967040,4294902003,4294967040,4294902003,1770153399.185036
4294967295,4294908036,4294966703,4278255615,4278320559,4294967295,11439346,4294967295,4294965700,4294967295,4294967283,4294967295,4294967283,1770153399.1859498
4294967295,4278196356,4278320563,4294967295,16776627,4294967295,4289629874,255,4294965700,4294967295,4278190323,4294967295,4278190323,1770153399.1868644
4294967295,4278196357,4278320574,4294967295,16776638,4294967295,4289631695,4294967295,4294965700,4294902015,243,4294902015,243,1770153399.1877637
4294967295,4278196359,4278320595,4294967294,16776659,4294967295,4289635299,255,4294965700,4294967295,4278190323,4294967295,4278190323,1770153399.188719
4294967292,4278196362,4278320626,4294967292,16776690,16777215,4289640426,252,4294965700,4294967295,243,4294967295,243,1770153399.189699
4294967295,4278196366,4278320895,4294967293,16776959,4294967295,4289647751,255,4294965700,4294967295,243,4294967295,243,1770153399.1906343
4294967293,4278196367,4278320873,4294967292,16776937,4294967295,4289649404,253,4294965700,4294967295,4294902003,4294967295,4294902003,1770153399.1915252
4294967295,4278196367,4278320875,4294967294,16776939,4294967295,4289649868,255,4294965700,4294967295,4278190323,4294967295,4278190323,1770153399.1924658
4294967295,4294908048,4294967030,4294967294,4278320886,4294967295,11461609,4294967295,4294965700,4294967295,4294967283,4294967295,4294967283,1770153399.1935265
4294967295,4294908049,4294967039,4294967292,130815,4294967295,11463157,4294902015,4294965700,4294967295,243,4294967295,243,1770153399.1944952
4294967292,4294908049,4294966976,4294967293,4278320832,4294967295,11463133,4294967292,4278192580,4294967295,4294902003,4294967295,4294902003,1770153399.1955476
4294967293,4294908051,4294966995,4294967294,4278320851,4294967295,11466495,4294902013,4294904260,4294967295,4294967283,4294967295,4294967283,1770153399.196794
4294967295,4294908051,4294966996,4294967295,4278320852,4294967295,11466439,4294967295,4294965700,4294967295,4294967283,4294967295,4294967283,1770153399.198088
4294967294,4278196371,4278320854,4294967293,16776918,4294967295,4289657079,254,4294965700,4294967295,4294967283,4294967295,4294967283,1770153399.1991706
4294967293,4278196372,4278320863,4294967295,16776927,4294967295,4289658339,4294967293,4294965700,4294967295,4294902003,4294967295,4294902003,1770153399.2002017
4294967294,4294908054,4294967028,4294967294,4278320884,4294967295,11471859,4294902014,4294965700,4294967295,243,4294967295,243,1770153399.2011716
4294967293,4294908055,4294967037,4294967295,4278320893,4294967295,11530751,4294902013,4278254020,4294967295,4294967283,4294967295,4294967283,1770153399.2021294
4294967293,4294908055,4294966915,4294967294,4278320771,4294967295,11474418,4294967293,4294965700,4294967295,4294967283,4294967295,4294967283,1770153399.2030773
4294967295,4278196376,4278320784,4294967288,16776848,4294967295,4289666462,4294967295,4294965700,4294967295,243,4294967295,243,1770153399.2040074
4294967294,4278196378,4278320804,4294967294,16776868,4294967295,4289669767,254,4294965700,4294967295,243,4294967295,243,1770153399.204973
4294967292,4278196379,4278320812,4294967295,16776876,4294967295,4289671083,4294967292,16775620,4294967295,4294902003,4294967295,4294902003,1770153399.2058718
4294967293,4294908059,16776883,4294967290,130739,4294901760,11482073,4294967293,4294966488,4294967295,4294902010,4294967295,4294902010,1770153399.2067382
4294967293,4294908061,4294966975,4294967295,4278320831,4294967295,11533290,4294902013,4278254020,4294967295,4294967283,4294967295,4294967283,1770153399.207587
4294967295,4278196448,4278320359,4294967295,16776423,4294967295,4289564328,255,4294965700,4294967295,243,4294967295,243,1770153399.4128134
4294967292,4278196450,130294,4294967040,16776438,4294967295,4289566920,16777212,4294965700,4294967295,4294967283,4294967295,4294967283,1770153399.4141166
4294967293,4294908130,4294966519,4294967295,4278320375,4294967295,11376880,4294967293,4294965700,4294967295,4294967283,4294967295,4294967283,1770153399.4152842
4294967295,4278196450,4278320379,4294967293,16776443,4294967295,4289567632,255,4294965700,4294967295,243,4294967295,243,1770153399.4163482
4294967295,4278196454,4278320361,4294967295,16776425,4294967295,4289575380,255,4294965700,4294967295,243,4294967295,243,1770153399.4174938
4294967295,4294908137,4294966403,4294967295,4278320259,4294967295,4289579761,4294967295,4294904260,4294967295,4294902003,4294967295,4294902003,1770153399.4186192
4294967294,4278196459,4278258848,4294967295,16776352,4294967295,4289584359,254,4294965700,4294967295,243,4294967295,243,1770153399.4196901
4294967295,4294908140,4294966442,4294967294,4278320298,4294967295,11396062,4294967295,4294965700,4294967295,4294902003,4294967295,4294902003,1770153399.4207418
4294967295,4278196463,4278320334,4294967289,16776398,4294967295,4289591980,4294967295,4294965700,4294967295,4278190323,4294967295,4278190323,1770153399.4217775
4294967295,4278196464,4278320341,4294967293,16776405,4294967295,4289593320,255,4294965700,4294967295,243,4294967295,243,1770153399.4228299
4294967295,4294908151,4294966755,4294967294,4278320611,4294967295,11415961,255,4294965700,4294967295,4294902003,4294967295,4294902003,1770153399.4240544
4294967292,4294908154,4294966724,4294967294,4278320580,4294967295,11421419,252,4294965700,4294967295,4294967283,4294967295,4294967283,1770153399.4253414
4294967295,4294908157,4294905313,4294967294,4278259169,4294967295,11458977,4294902015,4294904260,4294967295,4294967283,4294967295,4294967283,1770153399.426644
4294967292,4294908157,4294966754,4294967295,4278320610,4294967295,11426505,4294967292,4294965700,4294967295,4294967283,4294967295,4294967283,1770153399.427903
4294967294,4278196477,4278320614,4294967295,16776678,4294967295,4289617129,254,4294965700,4294967295,243,4294967295,243,1770153399.42948
4294967295,4294908032,4294966658,4294967294,4278320514,4294967295,11431670,4294967295,4278192580,4294967295,4294967283,4294967295,4294967283,1770153399.4309523
4294967292,4278196352,4278320518,4294967294,16776582,4294967295,4289622422,252,4278254020,4294967295,243,4294967295,243,1770153399.4323158
4294967294,4278196353,4278320528,4294967293,16776592,4294967295,4289624315,4294967294,4294965700,4294967295,4294902003,4294967295,4294902003,1770153399.4336941
4294967295,4278196355,4278320545,4294967295,16776609,4294967295,4289626877,4294967295,4294965700,4294967295,4294967283,4294967295,4294967283,1770153399.4346845
4294967295,4278196355,4278320547,4294967294,16776611,4294967295,4289627341,255,4294965700,4294967040,4294902003,4294967040,4294902003,1770153399.435622
4294967295,4294908036,4294966703,4278255615,4278320559,4294967295,11439346,4294967295,4294965700,4294967295,4294967283,4294967295,4294967283,1770153399.4365873
4294967295,4278196356,4278320563,4294967295,16776627,4294967295,4289629874,255,4294965700,4294967295,4278190323,4294967295,4278190323,1770153399.437563
4294967295,4278196357,4278320574,4294967295,16776638,4294967295,4289631695,4294967295,4294965700,4294902015,243,4294902015,243,1770153399.4384413
4294967295,4278196359,4278320595,4294967294,16776659,4294967295,4289635299,255,4294965700,4294967295,4278190323,4294967295,4278190323,1770153399.4393435
4294967292,4278196362,4278320626,4294967292,16776690,16777215,4289640426,252,4294965700,4294967295,243,4294967295,243,1770153399.4402163
4294967295,4278196366,4278320895,4294967293,16776959,4294967295,4289647751,255,4294965700,4294967295,243,4294967295,243,1770153399.4423683
4294967293,4278196367,4278320873,4294967292,16776937,4294967295,4289649404,253,4294965700,4294967295,4294902003,4294967295,4294902003,1770153399.4447384
4294967295,4278196367,4278320875,4294967294,16776939,4294967295,4289649868,255,4294965700,4294967295,4278190323,4294967295,4278190323,1770153399.4466138
4294967295,4294908048,4294967030,4294967294,4278320886,4294967295,11461609,4294967295,4294965700,4294967295,4294967283,4294967295,4294967283,1770153399.4482641
4294967295,4294908049,4294967039,4294967292,130815,4294967295,11463157,4294902015,4294965700,4294967295,243,4294967295,243,1770153399.44982
4294967292,4294908049,4294966976,4294967293,4278320832,4294967295,11463133,4294967292,4278192580,4294967295,4294902003,4294967295,4294902003,1770153399.4510477
4294967293,4294908051,4294966995,4294967294,4278320851,4294967295,11466495,4294902013,4294904260,4294967295,4294967283,4294967295,4294967283,1770153399.4522185
4294967295,4294908051,4294966996,4294967295,4278320852,4294967295,11466439,4294967295,4294965700,4294967295,4294967283,4294967295,4294967283,1770153399.4532523
4294967294,4278196371,4278320854,4294967293,16776918,4294967295,4289657079,254,4294965700,4294967295,4294967283,4294967295,4294967283,1770153399.4541993
4294967293,4278196372,4278320863,4294967295,16776927,4294967295,4289658339,4294967293,4294965700,4294967295,4294902003,4294967295,4294902003,1770153399.4551923
4294967294,4294908054,4294967028,4294967294,4278320884,4294967295,11471859,4294902014,4294965700,4294967295,243,4294967295,243,1770153399.456203
4294967293,4294908055,4294967037,4294967295,4278320893,4294967295,11530751,4294902013,4278254020,4294967295,4294967283,4294967295,4294967283,1770153399.4571927
4294967293,4294908055,4294966915,4294967294,4278320771,4294967295,11474418,4294967293,4294965700,4294967295,4294967283,4294967295,4294967283,1770153399.4582732
4294967295,4278196376,4278320784,4294967288,16776848,4294967295,4289666462,4294967295,4294965700,4294967295,243,4294967295,243,1770153399.459496
4294967294,4278196378,4278320804,4294967294,16776868,4294967295,4289669767,254,4294965700,4294967295,243,4294967295,243,1770153399.4608555
4294967292,4278196379,4278320812,4294967295,16776876,4294967295,4289671083,4294967292,16775620,4294967295,4294902003,4294967295,4294902003,1770153399.4619923
4294967293,4294908059,16776883,4294967290,130739,4294901760,11482073,4294967293,4294966488,4294967295,4294902010,4294967295,4294902010,1770153399.4631004
4294967293,4294908061,4294966975,4294967295,4278320831,4294967295,11533290,4294902013,4278254020,4294967295,4294967283,4294967295,4294967283,1770153399.46417
4294967295,4294908062,4294966988,4294967294,4278320844,4294967295,11486426,4294967295,4278192580,4294967295,4294967283,4294967295,4294967283,1770153399.4651453
4294967295,4278196448,4278320359,4294967295,16776423,4294967295,4289564328,255,4294965700,4294967295,243,4294967295,243,1770153399.468368
4294967292,4278196450,130294,4294967040,16776438,4294967295,4289566920,16777212,4294965700,4294967295,4294967283,4294967295,4294967283,1770153399.4693623
4294967293,4294908130,4294966519,4294967295,4278320375,4294967295,11376880,4294967293,4294965700,4294967295,4294967283,4294967295,4294967283,1770153399.4702728
4294967295,4278196450,4278320379,4294967293,16776443,4294967295,4289567632,255,4294965700,4294967295,243,4294967295,243,1770153399.471139
4294967295,4278196454,4278320361,4294967295,16776425,4294967295,4289575380,255,4294965700,4294967295,243,4294967295,243,1770153399.4726074
4294967295,4294908137,4294966403,4294967295,4278320259,4294967295,4289579761,4294967295,4294904260,4294967295,4294902003,4294967295,4294902003,1770153399.473793
4294967294,4278196459,4278258848,4294967295,16776352,4294967295,4289584359,254,4294965700,4294967295,243,4294967295,243,1770153399.4747787
4294967295,4294908140,4294966442,4294967294,4278320298,4294967295,11396062,4294967295,4294965700,4294967295,4294902003,4294967295,4294902003,1770153399.475755
4294967295,4278196463,4278320334,4294967289,16776398,4294967295,4289591980,4294967295,4294965700,4294967295,4278190323,4294967295,4278190323,1770153399.4767764
4294967295,4278196464,4278320341,4294967293,16776405,4294967295,4289593320,255,4294965700,4294967295,243,4294967295,243,1770153399.4792807
4294967295,4294908151,4294966755,4294967294,4278320611,4294967295,11415961,255,4294965700,4294967295,4294902003,4294967295,4294902003,1770153399.4803338
4294967292,4294908154,4294966724,4294967294,4278320580,4294967295,11421419,252,4294965700,4294967295,4294967283,4294967295,4294967283,1770153399.481547
4294967295,4294908157,4294905313,4294967294,4278259169,4294967295,11458977,4294902015,4294904260,4294967295,4294967283,4294967295,4294967283,1770153399.482627
4294967292,4294908157,4294966754,4294967295,4278320610,4294967295,11426505,4294967292,4294965700,4294967295,4294967283,4294967295,4294967283,1770153399.4835868
4294967294,4278196477,4278320614,4294967295,16776678,4294967295,4289617129,254,4294965700,4294967295,243,4294967295,243,1770153399.4845016
4294967295,4294908032,4294966658,4294967294,4278320514,4294967295,11431670,4294967295,4278192580,4294967295,4294967283,4294967295,4294967283,1770153399.4854066
4294967292,4278196352,4278320518,4294967294,16776582,4294967295,4289622422,252,4278254020,4294967295,243,4294967295,243,1770153399.486318
4294967294,4278196353,4278320528,4294967293,16776592,4294967295,4289624315,4294967294,4294965700,4294967295,4294902003,4294967295,4294902003,1770153399.487239
4294967295,4278196355,4278320545,4294967295,16776609,4294967295,4289626877,4294967295,4294965700,4294967295,4294967283,4294967295,4294967283,1770153399.488243
4294967295,4278196355,4278320547,4294967294,16776611,4294967295,4289627341,255,4294965700,4294967040,4294902003,4294967040,4294902003,1770153399.489597
4294967295,4294908036,4294966703,4278255615,4278320559,4294967295,11439346,4294967295,4294965700,4294967295,4294967283,4294967295,4294967283,1770153399.490652
4294967295,4278196356,4278320563,4294967295,16776627,4294967295,4289629874,255,4294965700,4294967295,4278190323,4294967295,4278190323,1770153399.4916003
4294967295,4278196357,4278320574,4294967295,16776638,4294967295,4289631695,4294967295,4294965700,4294902015,243,4294902015,243,1770153399.4927757
4294967295,4278196359,4278320595,4294967294,16776659,4294967295,4289635299,255,4294965700,4294967295,4278190323,4294967295,4278190323,1770153399.49424
4294967292,4278196362,4278320626,4294967292,16776690,16777215,4289640426,252,4294965700,4294967295,243,4294967295,243,1770153399.4957879
4294967295,4278196366,4278320895,4294967293,16776959,4294967295,4289647751,255,4294965700,4294967295,243,4294967295,243,1770153399.4968581
4294967293,4278196367,4278320873,4294967292,16776937,4294967295,4289649404,253,4294965700,4294967295,4294902003,4294967295,4294902003,1770153399.4978032
4294967295,4278196367,4278320875,4294967294,16776939,4294967295,4289649868,255,4294965700,4294967295,4278190323,4294967295,4278190323,1770153399.498867
4294967295,4294908048,4294967030,4294967294,4278320886,4294967295,11461609,4294967295,4294965700,4294967295,4294967283,4294967295,4294967283,1770153399.5000181
4294967295,4294908049,4294967039,4294967292,130815,4294967295,11463157,4294902015,4294965700,4294967295,243,4294967295,243,1770153399.5009913
4294967292,4294908049,4294966976,4294967293,4278320832,4294967295,11463133,4294967292,4278192580,4294967295,4294902003,4294967295,4294902003,1770153399.5018506
4294967293,4294908051,4294966995,4294967294,4278320851,4294967295,11466495,4294902013,4294904260,4294967295,4294967283,4294967295,4294967283,1770153399.5055997
4294967295,4294908051,4294966996,4294967295,4278320852,4294967295,11466439,4294967295,4294965700,4294967295,4294967283,4294967295,4294967283,1770153399.5070372
4294967294,4278196371,4278320854,4294967293,16776918,4294967295,4289657079,254,4294965700,4294967295,4294967283,4294967295,4294967283,1770153399.5081441
4294967293,4278196372,4278320863,4294967295,16776927,4294967295,4289658339,4294967293,4294965700,4294967295,4294902003,4294967295,4294902003,1770153399.509467
4294967294,4294908054,4294967028,4294967294,4278320884,4294967295,11471859,4294902014,4294965700,4294967295,243,4294967295,243,1770153399.5111182
4294967293,4294908055,4294967037,4294967295,4278320893,4294967295,11530751,4294902013,4278254020,4294967295,4294967283,4294967295,4294967283,1770153399.5122871
4294967293,4294908055,4294966915,4294967294,4278320771,4294967295,11474418,4294967293,4294965700,4294967295,4294967283,4294967295,4294967283,1770153399.5133238
4294967295,4278196376,4278320784,4294967288,16776848,4294967295,4289666462,4294967295,4294965700,4294967295,243,4294967295,243,1770153399.5142732
4294967294,4278196378,4278320804,4294967294,16776868,4294967295,4289669767,254,4294965700,4294967295,243,4294967295,243,1770153399.515253
4294967292,4278196379,4278320812,4294967295,16776876,4294967295,4289671083,4294967292,16775620,4294967295,4294902003,4294967295,4294902003,1770153399.5161788
4294967293,4294908059,16776883,4294967290,130739,4294901760,11482073,4294967293,4294966488,4294967295,4294902010,4294967295,4294902010,1770153399.5170186
4294967293,4294908061,4294966975,4294967295,4278320831,4294967295,11533290,4294902013,4278254020,4294967295,4294967283,4294967295,4294967283,1770153399.5179043
4294967295,4294908062,4294966988,4294967294,4278320844,4294967295,11486426,4294967295,4278192580,4294967295,4294967283,4294967295,4294967283,1770153399.5187638
4294967294,4278196384,4278320870,4294967294,16776934,4294967295,4289680882,254,4294965700,4294967295,243,4294967295,243,1770153399.5198646
4294967295,4278196448,4278320359,4294967295,16776423,4294967295,4289564328,255,4294965700,4294967295,243,4294967295,243,1770153399.5232096
4294967292,4278196450,130294,4294967040,16776438,4294967295,4289566920,16777212,4294965700,4294967295,4294967283,4294967295,4294967283,1770153399.5243073
4294967293,4294908130,4294966519,4294967295,4278320375,4294967295,11376880,4294967293,4294965700,4294967295,4294967283,4294967295,4294967283,1770153399.525375
4294967295,4278196450,4278320379,4294967293,16776443,4294967295,4289567632,255,4294965700,4294967295,243,4294967295,243,1770153399.5265703
4294967295,4278196454,4278320361,4294967295,16776425,4294967295,4289575380,255,4294965700,4294967295,243,4294967295,243,1770153399.527728
4294967295,4294908137,4294966403,4294967295,4278320259,4294967295,4289579761,4294967295,4294904260,4294967295,4294902003,4294967295,4294902003,1770153399.5287883
4294967294,4278196459,4278258848,4294967295,16776352,4294967295,4289584359,254,4294965700,4294967295,243,4294967295,243,1770153399.5297842
4294967295,4294908140,4294966442,4294967294,4278320298,4294967295,11396062,4294967295,4294965700,4294967295,4294902003,4294967295,4294902003,1770153399.5307035
4294967295,4278196463,4278320334,4294967289,16776398,4294967295,4289591980,4294967295,4294965700,4294967295,4278190323,4294967295,4278190323,1770153399.531611
4294967295,4278196464,4278320341,4294967293,16776405,4294967295,4289593320,255,4294965700,4294967295,243,4294967295,243,1770153399.5325272
4294967295,4294908151,4294966755,4294967294,4278320611,4294967295,11415961,255,4294965700,4294967295,4294902003,4294967295,4294902003,1770153399.5335424
4294967292,4294908154,4294966724,4294967294,4278320580,4294967295,11421419,252,4294965700,4294967295,4294967283,4294967295,4294967283,1770153399.534511
4294967295,4294908157,4294905313,4294967294,4278259169,4294967295,11458977,4294902015,4294904260,4294967295,4294967283,4294967295,4294967283,1770153399.5354548
4294967292,4294908157,4294966754,4294967295,4278320610,4294967295,11426505,4294967292,4294965700,4294967295,4294967283,4294967295,4294967283,1770153399.5363684
4294967294,4278196477,4278320614,4294967295,16776678,4294967295,4289617129,254,4294965700,4294967295,243,4294967295,243,1770153399.5373824
4294967295,4294908032,4294966658,4294967294,4278320514,4294967295,11431670,4294967295,4278192580,4294967295,4294967283,4294967295,4294967283,1770153399.5383754
4294967292,4278196352,4278320518,4294967294,16776582,4294967295,4289622422,252,4278254020,4294967295,243,4294967295,243,1770153399.5392709
4294967294,4278196353,4278320528,4294967293,16776592,4294967295,4289624315,4294967294,4294965700,4294967295,4294902003,4294967295,4294902003,1770153399.5402102
4294967295,4278196355,4278320545,4294967295,16776609,4294967295,4289626877,4294967295,4294965700,4294967295,4294967283,4294967295,4294967283,1770153399.54111
4294967295,4278196355,4278320547,4294967294,16776611,4294967295,4289627341,255,4294965700,4294967040,4294902003,4294967040,4294902003,1770153399.5420203
4294967295,4294908036,4294966703,4278255615,4278320559,4294967295,11439346,4294967295,4294965700,4294967295,4294967283,4294967295,4294967283,1770153399.5430405
4294967295,4278196356,4278320563,4294967295,16776627,4294967295,4289629874,255,4294965700,4294967295,4278190323,4294967295,4278190323,1770153399.5443535
4294967295,4278196357,4278320574,4294967295,16776638,4294967295,4289631695,4294967295,4294965700,4294902015,243,4294902015,243,1770153399.5455723
4294967295,4278196359,4278320595,4294967294,16776659,4294967295,4289635299,255,4294965700,4294967295,4278190323,4294967295,4278190323,1770153399.5465574
4294967292,4278196362,4278320626,4294967292,16776690,16777215,4289640426,252,4294965700,4294967295,243,4294967295,243,1770153399.5477226
4294967295,4278196366,4278320895,4294967293,16776959,4294967295,4289647751,255,4294965700,4294967295,243,4294967295,243,1770153399.5488844
4294967293,4278196367,4278320873,4294967292,16776937,4294967295,4289649404,253,4294965700,4294967295,4294902003,4294967295,4294902003,1770153399.5499258
4294967295,4278196367,4278320875,4294967294,16776939,4294967295,4289649868,255,4294965700,4294967295,4278190323,4294967295,4278190323,1770153399.5510144
4294967295,4294908048,4294967030,4294967294,4278320886,4294967295,11461609,4294967295,4294965700,4294967295,4294967283,4294967295,4294967283,1770153399.5522623
4294967295,4294908049,4294967039,4294967292,130815,4294967295,11463157,4294902015,4294965700,4294967295,243,4294967295,243,1770153399.5533187
4294967292,4294908049,4294966976,4294967293,4278320832,4294967295,11463133,4294967292,4278192580,4294967295,4294902003,4294967295,4294902003,1770153399.5542414
4294967293,4294908051,4294966995,4294967294,4278320851,4294967295,11466495,4294902013,4294904260,4294967295,4294967283,4294967295,4294967283,1770153399.555395
4294967295,4294908051,4294966996,4294967295,4278320852,4294967295,11466439,4294967295,4294965700,4294967295,4294967283,4294967295,4294967283,1770153399.5565636
4294967294,4278196371,4278320854,4294967293,16776918,4294967295,4289657079,254,4294965700,4294967295,4294967283,4294967295,4294967283,1770153399.557693
4294967293,4278196372,4278320863,4294967295,16776927,4294967295,4289658339,4294967293,4294965700,4294967295,4294902003,4294967295,4294902003,1770153399.558657
4294967294,4294908054,4294967028,4294967294,4278320884,4294967295,11471859,4294902014,4294965700,4294967295,243,4294967295,243,1770153399.559702
4294967293,4294908055,4294967037,4294967295,4278320893,4294967295,11530751,4294902013,4278254020,4294967295,4294967283,4294967295,4294967283,1770153399.5607147
4294967293,4294908055,4294966915,4294967294,4278320771,4294967295,11474418,4294967293,4294965700,4294967295,4294967283,4294967295,4294967283,1770153399.56162
4294967295,4278196376,4278320784,4294967288,16776848,4294967295,4289666462,4294967295,4294965700,4294967295,243,4294967295,243,1770153399.562635
4294967294,4278196378,4278320804,4294967294,16776868,4294967295,4289669767,254,4294965700,4294967295,243,4294967295,243,1770153399.5637302
4294967292,4278196379,4278320812,4294967295,16776876,4294967295,4289671083,4294967292,16775620,4294967295,4294902003,4294967295,4294902003,1770153399.5647106
4294967293,4294908059,16776883,4294967290,130739,4294901760,11482073,4294967293,4294966488,4294967295,4294902010,4294967295,4294902010,1770153399.5656023
4294967293,4294908061,4294966975,4294967295,4278320831,4294967295,11533290,4294902013,4278254020,4294967295,4294967283,4294967295,4294967283,1770153399.5665922
4294967295,4294908062,4294966988,4294967294,4278320844,4294967295,11486426,4294967295,4278192580,4294967295,4294967283,4294967295,4294967283,1770153399.5675652
4294967294,4278196384,4278320870,4294967294,16776934,4294967295,4289680882,254,4294965700,4294967295,243,4294967295,243,1770153399.5686147
4294967293,4278196385,4278320879,4294967292,16776943,4294967295,4289682174,253,4294965700,4294967295,4294902003,4294967295,4294902003,1770153399.5695703
4294967295,4278196448,4278320359,4294967295,16776423,4294967295,4289564328,255,4294965700,4294967295,243,4294967295,243,1770153399.5728168
4294967292,4278196450,130294,4294967040,16776438,4294967295,4289566920,16777212,4294965700,4294967295,4294967283,4294967295,4294967283,1770153399.573862
4294967293,4294908130,4294966519,4294967295,4278320375,4294967295,11376880,4294967293,4294965700,4294967295,4294967283,4294967295,4294967283,1770153399.5748005
4294967295,4278196450,4278320379,4294967293,16776443,4294967295,4289567632,255,4294965700,4294967295,243,4294967295,243,1770153399.5757365
4294967295,4278196454,4278320361,4294967295,16776425,4294967295,4289575380,255,4294965700,4294967295,243,4294967295,243,1770153399.576957
4294967295,4294908137,4294966403,4294967295,4278320259,4294967295,4289579761,4294967295,4294904260,4294967295,4294902003,4294967295,4294902003,1770153399.578143
4294967294,4278196459,4278258848,4294967295,16776352,4294967295,4289584359,254,4294965700,4294967295,243,4294967295,243,1770153399.5791836
4294967295,4294908140,4294966442,4294967294,4278320298,4294967295,11396062,4294967295,4294965700,4294967295,4294902003,4294967295,4294902003,1770153399.5801752
4294967295,4278196463,4278320334,4294967289,16776398,4294967295,4289591980,4294967295,4294965700,4294967295,4278190323,4294967295,4278190323,1770153399.5810688
4294967295,4278196464,4278320341,4294967293,16776405,4294967295,4289593320,255,4294965700,4294967295,243,4294967295,243,1770153399.5820262
4294967295,4294908151,4294966755,4294967294,4278320611,4294967295,11415961,255,4294965700,4294967295,4294902003,4294967295,4294902003,1770153399.5831888
4294967292,4294908154,4294966724,4294967294,4278320580,4294967295,11421419,252,4294965700,4294967295,4294967283,4294967295,4294967283,1770153399.5844421
4294967295,4294908157,4294905313,4294967294,4278259169,4294967295,11458977,4294902015,4294904260,4294967295,4294967283,4294967295,4294967283,1770153399.5854034
4294967292,4294908157,4294966754,4294967295,4278320610,4294967295,11426505,4294967292,4294965700,4294967295,4294967283,4294967295,4294967283,1770153399.5863183
4294967294,4278196477,4278320614,4294967295,16776678,4294967295,4289617129,254,4294965700,4294967295,243,4294967295,243,1770153399.587294
4294967295,4294908032,4294966658,4294967294,4278320514,4294967295,11431670,4294967295,4278192580,4294967295,4294967283,4294967295,4294967283,1770153399.5885108
4294967292,4278196352,4278320518,4294967294,16776582,4294967295,4289622422,252,4278254020,4294967295,243,4294967295,243,1770153399.5895357
4294967294,4278196353,4278320528,4294967293,16776592,4294967295,4289624315,4294967294,4294965700,4294967295,4294902003,4294967295,4294902003,1770153399.59065
4294967295,4278196355,4278320545,4294967295,16776609,4294967295,4289626877,4294967295,4294965700,4294967295,4294967283,4294967295,4294967283,1770153399.5930023
4294967295,4278196355,4278320547,4294967294,16776611,4294967295,4289627341,255,4294965700,4294967040,4294902003,4294967040,4294902003,1770153399.5942767
4294967295,4294908036,4294966703,4278255615,4278320559,4294967295,11439346,4294967295,4294965700,4294967295,4294967283,4294967295,4294967283,1770153399.5954237
4294967295,4278196356,4278320563,4294967295,16776627,4294967295,4289629874,255,4294965700,4294967295,4278190323,4294967295,4278190323,1770153399.5964174
4294967295,4278196357,4278320574,4294967295,16776638,4294967295,4289631695,4294967295,4294965700,4294902015,243,4294902015,243,1770153399.597373
4294967295,4278196359,4278320595,4294967294,16776659,4294967295,4289635299,255,4294965700,4294967295,4278190323,4294967295,4278190323,1770153399.5987165
4294967292,4278196362,4278320626,4294967292,16776690,16777215,4289640426,252,4294965700,4294967295,243,4294967295,243,1770153399.6000166
4294967295,4278196366,4278320895,4294967293,16776959,4294967295,4289647751,255,4294965700,4294967295,243,4294967295,243,1770153399.6012304
4294967293,4278196367,4278320873,4294967292,16776937,4294967295,4289649404,253,4294965700,4294967295,4294902003,4294967295,4294902003,1770153399.6023026
4294967295,4278196367,4278320875,4294967294,16776939,4294967295,4289649868,255,4294965700,4294967295,4278190323,4294967295,4278190323,1770153399.6032648
4294967295,4294908048,4294967030,4294967294,4278320886,4294967295,11461609,4294967295,4294965700,4294967295,4294967283,4294967295,4294967283,1770153399.6042352
4294967295,4294908049,4294967039,4294967292,130815,4294967295,11463157,4294902015,4294965700,4294967295,243,4294967295,243,1770153399.6052048
4294967292,4294908049,4294966976,4294967293,4278320832,4294967295,11463133,4294967292,4278192580,4294967295,4294902003,4294967295,4294902003,1770153399.6061907
4294967293,4294908051,4294966995,4294967294,4278320851,4294967295,11466495,4294902013,4294904260,4294967295,4294967283,4294967295,4294967283,1770153399.607168
4294967295,4294908051,4294966996,4294967295,4278320852,4294967295,11466439,4294967295,4294965700,4294967295,4294967283,4294967295,4294967283,1770153399.608127
4294967294,4278196371,4278320854,4294967293,16776918,4294967295,4289657079,254,4294965700,4294967295,4294967283,4294967295,4294967283,1770153399.6091115
4294967293,4278196372,4278320863,4294967295,16776927,4294967295,4289658339,4294967293,4294965700,4294967295,4294902003,4294967295,4294902003,1770153399.6102028
4294967294,4294908054,4294967028,4294967294,4278320884,4294967295,11471859,4294902014,4294965700,4294967295,243,4294967295,243,1770153399.6113248
4294967293,4294908055,4294967037,4294967295,4278320893,4294967295,11530751,4294902013,4278254020,4294967295,4294967283,4294967295,4294967283,1770153399.6123812
4294967293,4294908055,4294966915,4294967294,4278320771,4294967295,11474418,4294967293,4294965700,4294967295,4294967283,4294967295,4294967283,1770153399.613581
4294967295,4278196376,4278320784,4294967288,16776848,4294967295,4289666462,4294967295,4294965700,4294967295,243,4294967295,243,1770153399.614661
4294967294,4278196378,4278320804,4294967294,16776868,4294967295,4289669767,254,4294965700,4294967295,243,4294967295,243,1770153399.6156557
4294967292,4278196379,4278320812,4294967295,16776876,4294967295,4289671083,4294967292,16775620,4294967295,4294902003,4294967295,4294902003,1770153399.6166759
4294967293,4294908059,16776883,4294967290,130739,4294901760,11482073,4294967293,4294966488,4294967295,4294902010,4294967295,4294902010,1770153399.617977
4294967293,4294908061,4294966975,4294967295,4278320831,4294967295,11533290,4294902013,4278254020,4294967295,4294967283,4294967295,4294967283,1770153399.6191006
4294967295,4294908062,4294966988,4294967294,4278320844,4294967295,11486426,4294967295,4278192580,4294967295,4294967283,4294967295,4294967283,1770153399.620089
4294967294,4278196384,4278320870,4294967294,16776934,4294967295,4289680882,254,4294965700,4294967295,243,4294967295,243,1770153399.6210122
4294967293,4278196385,4278320879,4294967292,16776943,4294967295,4289682174,253,4294965700,4294967295,4294902003,4294967295,4294902003,1770153399.6220758
4294967295,4294908066,4294967033,4294967295,4278320889,4294967295,4289716724,4294967295,4278254020,4294967295,4294967283,4294967295,4294967283,1770153399.6230571
4294967295,4278196448,4278320359,4294967295,16776423,4294967295,4289564328,255,4294965700,4294967295,243,4294967295,243,1770153399.6408906
4294967292,4278196450,130294,4294967040,16776438,4294967295,4289566920,16777212,4294965700,4294967295,4294967283,4294967295,4294967283,1770153399.6422458
4294967293,4294908130,4294966519,4294967295,4278320375,4294967295,11376880,4294967293,4294965700,4294967295,4294967283,4294967295,4294967283,1770153399.6443276
4294967295,4278196450,4278320379,4294967293,16776443,4294967295,4289567632,255,4294965700,4294967295,243,4294967295,243,1770153399.646074
4294967295,4278196454,4278320361,4294967295,16776425,4294967295,4289575380,255,4294965700,4294967295,243,4294967295,243,1770153399.6473625
4294967295,4294908137,4294966403,4294967295,4278320259,4294967295,4289579761,4294967295,4294904260,4294967295,4294902003,4294967295,4294902003,1770153399.648675
4294967294,4278196459,4278258848,4294967295,16776352,4294967295,4289584359,254,4294965700,4294967295,243,4294967295,243,1770153399.6506913
4294967295,4294908140,4294966442,4294967294,4278320298,4294967295,11396062,4294967295,4294965700,4294967295,4294902003,4294967295,4294902003,1770153399.6519897
4294967295,4278196463,4278320334,4294967289,16776398,4294967295,4289591980,4294967295,4294965700,4294967295,4278190323,4294967295,4278190323,1770153399.6530955
4294967295,4278196464,4278320341,4294967293,16776405,4294967295,4289593320,255,4294965700,4294967295,243,4294967295,243,1770153399.6542323
4294967295,4294908151,4294966755,4294967294,4278320611,4294967295,11415961,255,4294965700,4294967295,4294902003,4294967295,4294902003,1770153399.6553671
4294967292,4294908154,4294966724,4294967294,4278320580,4294967295,11421419,252,4294965700,4294967295,4294967283,4294967295,4294967283,1770153399.6563811
4294967295,4294908157,4294905313,4294967294,4278259169,4294967295,11458977,4294902015,4294904260,4294967295,4294967283,4294967295,4294967283,1770153399.66119
4294967292,4294908157,4294966754,4294967295,4278320610,4294967295,11426505,4294967292,4294965700,4294967295,4294967283,4294967295,4294967283,1770153399.66286
4294967294,4278196477,4278320614,4294967295,16776678,4294967295,4289617129,254,4294965700,4294967295,243,4294967295,243,1770153399.664375
4294967295,4294908032,4294966658,4294967294,4278320514,4294967295,11431670,4294967295,4278192580,4294967295,4294967283,4294967295,4294967283,1770153399.665412
4294967292,4278196352,4278320518,4294967294,16776582,4294967295,4289622422,252,4278254020,4294967295,243,4294967295,243,1770153399.666427
4294967294,4278196353,4278320528,4294967293,16776592,4294967295,4289624315,4294967294,4294965700,4294967295,4294902003,4294967295,4294902003,1770153399.6673872
4294967295,4278196355,4278320545,4294967295,16776609,4294967295,4289626877,4294967295,4294965700,4294967295,4294967283,4294967295,4294967283,1770153399.6683881
4294967295,4278196355,4278320547,4294967294,16776611,4294967295,4289627341,255,4294965700,4294967040,4294902003,4294967040,4294902003,1770153399.6693645
4294967295,4294908036,4294966703,4278255615,4278320559,4294967295,11439346,4294967295,4294965700,4294967295,4294967283,4294967295,4294967283,1770153399.6702666
4294967295,4278196356,4278320563,4294967295,16776627,4294967295,4289629874,255,4294965700,4294967295,4278190323,4294967295,4278190323,1770153399.6711504
4294967295,4278196357,4278320574,4294967295,16776638,4294967295,4289631695,4294967295,4294965700,4294902015,243,4294902015,243,1770153399.6721146
4294967295,4278196359,4278320595,4294967294,16776659,4294967295,4289635299,255,4294965700,4294967295,4278190323,4294967295,4278190323,1770153399.6730483
4294967292,4278196362,4278320626,4294967292,16776690,16777215,4289640426,252,4294965700,4294967295,243,4294967295,243,1770153399.6739438
4294967295,4278196366,4278320895,4294967293,16776959,4294967295,4289647751,255,4294965700,4294967295,243,4294967295,243,1770153399.6748397
4294967293,4278196367,4278320873,4294967292,16776937,4294967295,4289649404,253,4294965700,4294967295,4294902003,4294967295,4294902003,1770153399.6759102
4294967295,4278196367,4278320875,4294967294,16776939,4294967295,4289649868,255,4294965700,4294967295,4278190323,4294967295,4278190323,1770153399.677103
4294967295,4294908048,4294967030,4294967294,4278320886,4294967295,11461609,4294967295,4294965700,4294967295,4294967283,4294967295,4294967283,1770153399.6781027
4294967295,4294908049,4294967039,4294967292,130815,4294967295,11463157,4294902015,4294965700,4294967295,243,4294967295,243,1770153399.6790278
4294967292,4294908049,4294966976,4294967293,4278320832,4294967295,11463133,4294967292,4278192580,4294967295,4294902003,4294967295,4294902003,1770153399.680411
4294967293,4294908051,4294966995,4294967294,4278320851,4294967295,11466495,4294902013,4294904260,4294967295,4294967283,4294967295,4294967283,1770153399.681345
4294967295,4294908051,4294966996,4294967295,4278320852,4294967295,11466439,4294967295,4294965700,4294967295,4294967283,4294967295,4294967283,1770153399.6823726
4294967294,4278196371,4278320854,4294967293,16776918,4294967295,4289657079,254,4294965700,4294967295,4294967283,4294967295,4294967283,1770153399.6833758
4294967293,4278196372,4278320863,4294967295,16776927,4294967295,4289658339,4294967293,4294965700,4294967295,4294902003,4294967295,4294902003,1770153399.6843712
4294967294,4294908054,4294967028,4294967294,4278320884,4294967295,11471859,4294902014,4294965700,4294967295,243,4294967295,243,1770153399.685343
4294967293,4294908055,4294967037,4294967295,4278320893,4294967295,11530751,4294902013,4278254020,4294967295,4294967283,4294967295,4294967283,1770153399.6862695
4294967293,4294908055,4294966915,4294967294,4278320771,4294967295,11474418,4294967293,4294965700,4294967295,4294967283,4294967295,4294967283,1770153399.6871977
4294967295,4278196376,4278320784,4294967288,16776848,4294967295,4289666462,4294967295,4294965700,4294967295,243,4294967295,243,1770153399.6881113
4294967294,4278196378,4278320804,4294967294,16776868,4294967295,4289669767,254,4294965700,4294967295,243,4294967295,243,1770153399.6889794
4294967292,4278196379,4278320812,4294967295,16776876,4294967295,4289671083,4294967292,16775620,4294967295,4294902003,4294967295,4294902003,1770153399.689856
4294967293,4294908059,16776883,4294967290,130739,4294901760,11482073,4294967293,4294966488,4294967295,4294902010,4294967295,4294902010,1770153399.6908145
4294967293,4294908061,4294966975,4294967295,4278320831,4294967295,11533290,4294902013,4278254020,4294967295,4294967283,4294967295,4294967283,1770153399.6919672
4294967295,4294908062,4294966988,4294967294,4278320844,4294967295,11486426,4294967295,4278192580,4294967295,4294967283,4294967295,4294967283,1770153399.6930368
4294967294,4278196384,4278320870,4294967294,16776934,4294967295,4289680882,254,4294965700,4294967295,243,4294967295,243,1770153399.69426
4294967293,4278196385,4278320879,4294967292,16776943,4294967295,4289682174,253,4294965700,4294967295,4294902003,4294967295,4294902003,1770153399.6953285
4294967295,4294908066,4294967033,4294967295,4278320889,4294967295,4289716724,4294967295,4278254020,4294967295,4294967283,4294967295,4294967283,1770153399.6963246
4294967294,4278196386,4278320894,4294967288,16776958,4294967295,4289684668,254,4294965700,4294967295,4278190323,4294967295,4278190323,1770153399.6974046
4294967295,4278196448,4278320359,4294967295,16776423,4294967295,4289564328,255,4294965700,4294967295,243,4294967295,243,1770153399.7006152
4294967292,4278196450,130294,4294967040,16776438,4294967295,4289566920,16777212,4294965700,4294967295,4294967283,4294967295,4294967283,1770153399.7015898
4294967293,4294908130,4294966519,4294967295,4278320375,4294967295,11376880,4294967293,4294965700,4294967295,4294967283,4294967295,4294967283,1770153399.7025552
4294967295,4278196450,4278320379,4294967293,16776443,4294967295,4289567632,255,4294965700,4294967295,243,4294967295,243,1770153399.7035131
4294967295,4278196454,4278320361,4294967295,16776425,4294967295,4289575380,255,4294965700,4294967295,243,4294967295,243,1770153399.7044427
4294967295,4294908137,4294966403,4294967295,4278320259,4294967295,4289579761,4294967295,4294904260,4294967295,4294902003,4294967295,4294902003,1770153399.7054648
4294967294,4278196459,4278258848,4294967295,16776352,4294967295,4289584359,254,4294965700,4294967295,243,4294967295,243,1770153399.706491
4294967295,4294908140,4294966442,4294967294,4278320298,4294967295,11396062,4294967295,4294965700,4294967295,4294902003,4294967295,4294902003,1770153399.7077408
4294967295,4278196463,4278320334,4294967289,16776398,4294967295,4289591980,4294967295,4294965700,4294967295,4278190323,4294967295,4278190323,1770153399.7087815
4294967295,4278196464,4278320341,4294967293,16776405,4294967295,4289593320,255,4294965700,4294967295,243,4294967295,243,1770153399.709739
4294967295,4294908151,4294966755,4294967294,4278320611,4294967295,11415961,255,4294965700,4294967295,4294902003,4294967295,4294902003,1770153399.7107399
4294967292,4294908154,4294966724,4294967294,4278320580,4294967295,11421419,252,4294965700,4294967295,4294967283,4294967295,4294967283,1770153399.71169
4294967295,4294908157,4294905313,4294967294,4278259169,4294967295,11458977,4294902015,4294904260,4294967295,4294967283,4294967295,4294967283,1770153399.71277
4294967292,4294908157,4294966754,4294967295,4278320610,4294967295,11426505,4294967292,4294965700,4294967295,4294967283,4294967295,4294967283,1770153399.7138433
4294967294,4278196477,4278320614,4294967295,16776678,4294967295,4289617129,254,4294965700,4294967295,243,4294967295,243,1770153399.7147944
4294967295,4294908032,4294966658,4294967294,4278320514,4294967295,11431670,4294967295,4278192580,4294967295,4294967283,4294967295,4294967283,1770153399.7158341
4294967292,4278196352,4278320518,4294967294,16776582,4294967295,4289622422,252,4278254020,4294967295,243,4294967295,243,1770153399.7167637
4294967294,4278196353,4278320528,4294967293,16776592,4294967295,4289624315,4294967294,4294965700,4294967295,4294902003,4294967295,4294902003,1770153399.717789
4294967295,4278196355,4278320545,4294967295,16776609,4294967295,4289626877,4294967295,4294965700,4294967295,4294967283,4294967295,4294967283,1770153399.7187703
4294967295,4278196355,4278320547,4294967294,16776611,4294967295,4289627341,255,4294965700,4294967040,4294902003,4294967040,4294902003,1770153399.7197142
4294967295,4294908036,4294966703,4278255615,4278320559,4294967295,11439346,4294967295,4294965700,4294967295,4294967283,4294967295,4294967283,1770153399.7205951
4294967295,4278196356,4278320563,4294967295,16776627,4294967295,4289629874,255,4294965700,4294967295,4278190323,4294967295,4278190323,1770153399.7215414
4294967295,4278196357,4278320574,4294967295,16776638,4294967295,4289631695,4294967295,4294965700,4294902015,243,4294902015,243,1770153399.7225266
4294967295,4278196359,4278320595,4294967294,16776659,4294967295,4289635299,255,4294965700,4294967295,4278190323,4294967295,4278190323,1770153399.7246616
4294967292,4278196362,4278320626,4294967292,16776690,16777215,4289640426,252,4294965700,4294967295,243,4294967295,243,1770153399.7256606
4294967295,4278196366,4278320895,4294967293,16776959,4294967295,4289647751,255,4294965700,4294967295,243,4294967295,243,1770153399.726593
4294967293,4278196367,4278320873,4294967292,16776937,4294967295,4289649404,253,4294965700,4294967295,4294902003,4294967295,4294902003,1770153399.7276683
4294967295,4278196367,4278320875,4294967294,16776939,4294967295,4289649868,255,4294965700,4294967295,4278190323,4294967295,4278190323,1770153399.7286358
4294967295,4294908048,4294967030,4294967294,4278320886,4294967295,11461609,4294967295,4294965700,4294967295,4294967283,4294967295,4294967283,1770153399.7296226
4294967295,4294908049,4294967039,4294967292,130815,4294967295,11463157,4294902015,4294965700,4294967295,243,4294967295,243,1770153399.7305863
4294967292,4294908049,4294966976,4294967293,4278320832,4294967295,11463133,4294967292,4278192580,4294967295,4294902003,4294967295,4294902003,1770153399.731557
4294967293,4294908051,4294966995,4294967294,4278320851,4294967295,11466495,4294902013,4294904260,4294967295,4294967283,4294967295,4294967283,1770153399.7326128
4294967295,4294908051,4294966996,4294967295,4278320852,4294967295,11466439,4294967295,4294965700,4294967295,4294967283,4294967295,4294967283,1770153399.7334914
4294967294,4278196371,4278320854,4294967293,16776918,4294967295,4289657079,254,4294965700,4294967295,4294967283,4294967295,4294967283,1770153399.7345977
4294967293,4278196372,4278320863,4294967295,16776927,4294967295,4289658339,4294967293,4294965700,4294967295,4294902003,4294967295,4294902003,1770153399.7356107
4294967294,4294908054,4294967028,4294967294,4278320884,4294967295,11471859,4294902014,4294965700,4294967295,243,4294967295,243,1770153399.7365317
4294967293,4294908055,4294967037,4294967295,4278320893,4294967295,11530751,4294902013,4278254020,4294967295,4294967283,4294967295,4294967283,1770153399.7374873
4294967293,4294908055,4294966915,4294967294,4278320771,4294967295,11474418,4294967293,4294965700,4294967295,4294967283,4294967295,4294967283,1770153399.7386198
4294967295,4278196376,4278320784,4294967288,16776848,4294967295,4289666462,4294967295,4294965700,4294967295,243,4294967295,243,1770153399.7397006
4294967294,4278196378,4278320804,4294967294,16776868,4294967295,4289669767,254,4294965700,4294967295,243,4294967295,243,1770153399.7406433
4294967292,4278196379,4278320812,4294967295,16776876,4294967295,4289671083,4294967292,16775620,4294967295,4294902003,4294967295,4294902003,1770153399.7418432
4294967293,4294908059,16776883,4294967290,130739,4294901760,11482073,4294967293,4294966488,4294967295,4294902010,4294967295,4294902010,1770153399.7428267
4294967293,4294908061,4294966975,4294967295,4278320831,4294967295,11533290,4294902013,4278254020,4294967295,4294967283,4294967295,4294967283,1770153399.7440271
4294967295,4294908062,4294966988,4294967294,4278320844,4294967295,11486426,4294967295,4278192580,4294967295,4294967283,4294967295,4294967283,1770153399.7450018
4294967294,4278196384,4278320870,4294967294,16776934,4294967295,4289680882,254,4294965700,4294967295,243,4294967295,243,1770153399.7460158
4294967293,4278196385,4278320879,4294967292,16776943,4294967295,4289682174,253,4294965700,4294967295,4294902003,4294967295,4294902003,1770153399.7469647
4294967295,4294908066,4294967033,4294967295,4278320889,4294967295,4289716724,4294967295,4278254020,4294967295,4294967283,4294967295,4294967283,1770153399.7478888
4294967294,4278196386,4278320894,4294967288,16776958,4294967295,4289684668,254,4294965700,4294967295,4278190323,4294967295,4278190323,1770153399.7488291
4294967294,4294908068,4294967280,4294967292,4278321136,4294967295,11497685,4294902014,4278192580,4294967295,4294967283,4294967295,4294967283,1770153399.7497456
4294967295,4278196448,4278320359,4294967295,16776423,4294967295,4289564328,255,4294965700,4294967295,243,4294967295,243,1770153399.7528894
4294967292,4278196450,130294,4294967040,16776438,4294967295,4289566920,16777212,4294965700,4294967295,4294967283,4294967295,4294967283,1770153399.7540078
4294967293,4294908130,4294966519,4294967295,4278320375,4294967295,11376880,4294967293,4294965700,4294967295,4294967283,4294967295,4294967283,1770153399.7549384
4294967295,4278196450,4278320379,4294967293,16776443,4294967295,4289567632,255,4294965700,4294967295,243,4294967295,243,1770153399.7559803
4294967295,4278196454,4278320361,4294967295,16776425,4294967295,4289575380,255,4294965700,4294967295,243,4294967295,243,1770153399.7570014
4294967295,4294908137,4294966403,4294967295,4278320259,4294967295,4289579761,4294967295,4294904260,4294967295,4294902003,4294967295,4294902003,1770153399.7580202
4294967294,4278196459,4278258848,4294967295,16776352,4294967295,4289584359,254,4294965700,4294967295,243,4294967295,243,1770153399.7590702
4294967295,4294908140,4294966442,4294967294,4278320298,4294967295,11396062,4294967295,4294965700,4294967295,4294902003,4294967295,4294902003,1770153399.7601242
4294967295,4278196463,4278320334,4294967289,16776398,4294967295,4289591980,4294967295,4294965700,4294967295,4278190323,4294967295,4278190323,1770153399.7611744
4294967295,4278196464,4278320341,4294967293,16776405,4294967295,4289593320,255,4294965700,4294967295,243,4294967295,243,1770153399.7622294
4294967295,4294908151,4294966755,4294967294,4278320611,4294967295,11415961,255,4294965700,4294967295,4294902003,4294967295,4294902003,1770153399.763282
4294967292,4294908154,4294966724,4294967294,4278320580,4294967295,11421419,252,4294965700,4294967295,4294967283,4294967295,4294967283,1770153399.764287
4294967295,4294908157,4294905313,4294967294,4278259169,4294967295,11458977,4294902015,4294904260,4294967295,4294967283,4294967295,4294967283,1770153399.7653005
4294967292,4294908157,4294966754,4294967295,4278320610,4294967295,11426505,4294967292,4294965700,4294967295,4294967283,4294967295,4294967283,1770153399.766281
4294967294,4278196477,4278320614,4294967295,16776678,4294967295,4289617129,254,4294965700,4294967295,243,4294967295,243,1770153399.7673113
4294967295,4294908032,4294966658,4294967294,4278320514,4294967295,11431670,4294967295,4278192580,4294967295,4294967283,4294967295,4294967283,1770153399.7683733
4294967292,4278196352,4278320518,4294967294,16776582,4294967295,4289622422,252,4278254020,4294967295,243,4294967295,243,1770153399.7694004
4294967294,4278196353,4278320528,4294967293,16776592,4294967295,4289624315,4294967294,4294965700,4294967295,4294902003,4294967295,4294902003,1770153399.7704005
4294967295,4278196355,4278320545,4294967295,16776609,4294967295,4289626877,4294967295,4294965700,4294967295,4294967283,4294967295,4294967283,1770153399.7713206
4294967295,4278196355,4278320547,4294967294,16776611,4294967295,4289627341,255,4294965700,4294967040,4294902003,4294967040,4294902003,1770153399.7723913
4294967295,4294908036,4294966703,4278255615,4278320559,4294967295,11439346,4294967295,4294965700,4294967295,4294967283,4294967295,4294967283,1770153399.7735445
4294967295,4278196356,4278320563,4294967295,16776627,4294967295,4289629874,255,4294965700,4294967295,4278190323,4294967295,4278190323,1770153399.774532
4294967295,4278196357,4278320574,4294967295,16776638,4294967295,4289631695,4294967295,4294965700,4294902015,243,4294902015,243,1770153399.7755916
4294967295,4278196359,4278320595,4294967294,16776659,4294967295,4289635299,255,4294965700,4294967295,4278190323,4294967295,4278190323,1770153399.776629
4294967292,4278196362,4278320626,4294967292,16776690,16777215,4289640426,252,4294965700,4294967295,243,4294967295,243,1770153399.777611
4294967295,4278196366,4278320895,4294967293,16776959,4294967295,4289647751,255,4294965700,4294967295,243,4294967295,243,1770153399.778602
4294967293,4278196367,4278320873,4294967292,16776937,4294967295,4289649404,253,4294965700,4294967295,4294902003,4294967295,4294902003,1770153399.7795997
4294967295,4278196367,4278320875,4294967294,16776939,4294967295,4289649868,255,4294965700,4294967295,4278190323,4294967295,4278190323,1770153399.7805946
4294967295,4294908048,4294967030,4294967294,4278320886,4294967295,11461609,4294967295,4294965700,4294967295,4294967283,4294967295,4294967283,1770153399.7815661
4294967295,4294908049,4294967039,4294967292,130815,4294967295,11463157,4294902015,4294965700,4294967295,243,4294967295,243,1770153399.7827477
4294967292,4294908049,4294966976,4294967293,4278320832,4294967295,11463133,4294967292,4278192580,4294967295,4294902003,4294967295,4294902003,1770153399.7838094
4294967293,4294908051,4294966995,4294967294,4278320851,4294967295,11466495,4294902013,4294904260,4294967295,4294967283,4294967295,4294967283,1770153399.784811
4294967295,4294908051,4294966996,4294967295,4278320852,4294967295,11466439,4294967295,4294965700,4294967295,4294967283,4294967295,4294967283,1770153399.7860215
4294967294,4278196371,4278320854,4294967293,16776918,4294967295,4289657079,254,4294965700,4294967295,4294967283,4294967295,4294967283,1770153399.7871442
4294967293,4278196372,4278320863,4294967295,16776927,4294967295,4289658339,4294967293,4294965700,4294967295,4294902003,4294967295,4294902003,1770153399.788254
4294967294,4294908054,4294967028,4294967294,4278320884,4294967295,11471859,4294902014,4294965700,4294967295,243,4294967295,243,1770153399.7891703
4294967293,4294908055,4294967037,4294967295,4278320893,4294967295,11530751,4294902013,4278254020,4294967295,4294967283,4294967295,4294967283,1770153399.7901301
4294967293,4294908055,4294966915,4294967294,4278320771,4294967295,11474418,4294967293,4294965700,4294967295,4294967283,4294967295,4294967283,1770153399.7911618
4294967295,4278196376,4278320784,4294967288,16776848,4294967295,4289666462,4294967295,4294965700,4294967295,243,4294967295,243,1770153399.7921212
4294967294,4278196378,4278320804,4294967294,16776868,4294967295,4289669767,254,4294965700,4294967295,243,4294967295,243,1770153399.7932334
4294967292,4278196379,4278320812,4294967295,16776876,4294967295,4289671083,4294967292,16775620,4294967295,4294902003,4294967295,4294902003,1770153399.7944832
4294967293,4294908059,16776883,4294967290,130739,4294901760,11482073,4294967293,4294966488,4294967295,4294902010,4294967295,4294902010,1770153399.795585
4294967293,4294908061,4294966975,4294967295,4278320831,4294967295,11533290,4294902013,4278254020,4294967295,4294967283,4294967295,4294967283,1770153399.796697
4294967295,4294908062,4294966988,4294967294,4278320844,4294967295,11486426,4294967295,4278192580,4294967295,4294967283,4294967295,4294967283,1770153399.7981591
4294967294,4278196384,4278320870,4294967294,16776934,4294967295,4289680882,254,4294965700,4294967295,243,4294967295,243,1770153399.799212
4294967293,4278196385,4278320879,4294967292,16776943,4294967295,4289682174,253,4294965700,4294967295,4294902003,4294967295,4294902003,1770153399.8002803
4294967295,4294908066,4294967033,4294967295,4278320889,4294967295,4289716724,4294967295,4278254020,4294967295,4294967283,4294967295,4294967283,1770153399.8012495
4294967294,4278196386,4278320894,4294967288,16776958,4294967295,4289684668,254,4294965700,4294967295,4278190323,4294967295,4278190323,1770153399.8023143
4294967294,4294908068,4294967280,4294967292,4278321136,4294967295,11497685,4294902014,4278192580,4294967295,4294967283,4294967295,4294967283,1770153399.803223
4294967295,4278196388,4278321140,4294967288,16777204,4294967295,4289688309,4294967295,4294965700,4294967295,243,4294967295,243,1770153399.8042405
4294967295,4278196448,4278320359,4294967295,16776423,4294967295,4289564328,255,4294965700,4294967295,243,4294967295,243,1770153399.8075123
4294967292,4278196450,130294,4294967040,16776438,4294967295,4289566920,16777212,4294965700,4294967295,4294967283,4294967295,4294967283,1770153399.8085816
4294967293,4294908130,4294966519,4294967295,4278320375,4294967295,11376880,4294967293,4294965700,4294967295,4294967283,4294967295,4294967283,1770153399.8098667
4294967295,4278196450,4278320379,4294967293,16776443,4294967295,4289567632,255,4294965700,4294967295,243,4294967295,243,1770153399.8109035
4294967295,4278196454,4278320361,4294967295,16776425,4294967295,4289575380,255,4294965700,4294967295,243,4294967295,243,1770153399.8119307
4294967295,4294908137,4294966403,4294967295,4278320259,4294967295,4289579761,4294967295,4294904260,4294967295,4294902003,4294967295,4294902003,1770153399.8128803
4294967294,4278196459,4278258848,4294967295,16776352,4294967295,4289584359,254,4294965700,4294967295,243,4294967295,243,1770153399.8140035
4294967295,4294908140,4294966442,4294967294,4278320298,4294967295,11396062,4294967295,4294965700,4294967295,4294902003,4294967295,4294902003,1770153399.8152182
4294967295,4278196463,4278320334,4294967289,16776398,4294967295,4289591980,4294967295,4294965700,4294967295,4278190323,4294967295,4278190323,1770153399.816524
4294967295,4278196464,4278320341,4294967293,16776405,4294967295,4289593320,255,4294965700,4294967295,243,4294967295,243,1770153399.8179693
4294967295,4294908151,4294966755,4294967294,4278320611,4294967295,11415961,255,4294965700,4294967295,4294902003,4294967295,4294902003,1770153399.819169
4294967292,4294908154,4294966724,4294967294,4278320580,4294967295,11421419,252,4294965700,4294967295,4294967283,4294967295,4294967283,1770153399.8202486
4294967295,4294908157,4294905313,4294967294,4278259169,4294967295,11458977,4294902015,4294904260,4294967295,4294967283,4294967295,4294967283,1770153399.8212547
4294967292,4294908157,4294966754,4294967295,4278320610,4294967295,11426505,4294967292,4294965700,4294967295,4294967283,4294967295,4294967283,1770153399.822255
4294967294,4278196477,4278320614,4294967295,16776678,4294967295,4289617129,254,4294965700,4294967295,243,4294967295,243,1770153399.8233206
4294967295,4294908032,4294966658,4294967294,4278320514,4294967295,11431670,4294967295,4278192580,4294967295,4294967283,4294967295,4294967283,1770153399.82427
4294967292,4278196352,4278320518,4294967294,16776582,4294967295,4289622422,252,4278254020,4294967295,243,4294967295,243,1770153399.8254178
4294967294,4278196353,4278320528,4294967293,16776592,4294967295,4289624315,4294967294,4294965700,4294967295,4294902003,4294967295,4294902003,1770153399.8265054
4294967295,4278196355,4278320545,4294967295,16776609,4294967295,4289626877,4294967295,4294965700,4294967295,4294967283,4294967295,4294967283,1770153399.8278563
4294967295,4278196355,4278320547,4294967294,16776611,4294967295,4289627341,255,4294965700,4294967040,4294902003,4294967040,4294902003,1770153399.829014
4294967295,4294908036,4294966703,4278255615,4278320559,4294967295,11439346,4294967295,4294965700,4294967295,4294967283,4294967295,4294967283,1770153399.830276
4294967295,4278196356,4278320563,4294967295,16776627,4294967295,4289629874,255,4294965700,4294967295,4278190323,4294967295,4278190323,1770153399.8315964
4294967295,4278196357,4278320574,4294967295,16776638,4294967295,4289631695,4294967295,4294965700,4294902015,243,4294902015,243,1770153399.8327525
4294967295,4278196359,4278320595,4294967294,16776659,4294967295,4289635299,255,4294965700,4294967295,4278190323,4294967295,4278190323,1770153399.8337557
4294967292,4278196362,4278320626,4294967292,16776690,16777215,4289640426,252,4294965700,4294967295,243,4294967295,243,1770153399.8360586
4294967295,4278196366,4278320895,4294967293,16776959,4294967295,4289647751,255,4294965700,4294967295,243,4294967295,243,1770153399.837086
4294967293,4278196367,4278320873,4294967292,16776937,4294967295,4289649404,253,4294965700,4294967295,4294902003,4294967295,4294902003,1770153399.8381455
4294967295,4278196367,4278320875,4294967294,16776939,4294967295,4289649868,255,4294965700,4294967295,4278190323,4294967295,4278190323,1770153399.8391333
4294967295,4294908048,4294967030,4294967294,4278320886,4294967295,11461609,4294967295,4294965700,4294967295,4294967283,4294967295,4294967283,1770153399.8401833
4294967295,4294908049,4294967039,4294967292,130815,4294967295,11463157,4294902015,4294965700,4294967295,243,4294967295,243,1770153399.8410861
4294967292,4294908049,4294966976,4294967293,4278320832,4294967295,11463133,4294967292,4278192580,4294967295,4294902003,4294967295,4294902003,1770153399.842136
4294967293,4294908051,4294966995,4294967294,4278320851,4294967295,11466495,4294902013,4294904260,4294967295,4294967283,4294967295,4294967283,1770153399.8430698
4294967295,4294908051,4294966996,4294967295,4278320852,4294967295,11466439,4294967295,4294965700,4294967295,4294967283,4294967295,4294967283,1770153399.8441775
4294967294,4278196371,4278320854,4294967293,16776918,4294967295,4289657079,254,4294965700,4294967295,4294967283,4294967295,4294967283,1770153399.8453043
4294967293,4278196372,4278320863,4294967295,16776927,4294967295,4289658339,4294967293,4294965700,4294967295,4294902003,4294967295,4294902003,1770153399.8463502
4294967294,4294908054,4294967028,4294967294,4278320884,4294967295,11471859,4294902014,4294965700,4294967295,243,4294967295,243,1770153399.8475704
4294967293,4294908055,4294967037,4294967295,4278320893,4294967295,11530751,4294902013,4278254020,4294967295,4294967283,4294967295,4294967283,1770153399.849161
4294967293,4294908055,4294966915,4294967294,4278320771,4294967295,11474418,4294967293,4294965700,4294967295,4294967283,4294967295,4294967283,1770153399.8503377
4294967295,4278196376,4278320784,4294967288,16776848,4294967295,4289666462,4294967295,4294965700,4294967295,243,4294967295,243,1770153399.8513193
4294967294,4278196378,4278320804,4294967294,16776868,4294967295,4289669767,254,4294965700,4294967295,243,4294967295,243,1770153399.8524892
4294967292,4278196379,4278320812,4294967295,16776876,4294967295,4289671083,4294967292,16775620,4294967295,4294902003,4294967295,4294902003,1770153399.8534343
4294967293,4294908059,16776883,4294967290,130739,4294901760,11482073,4294967293,4294966488,4294967295,4294902010,4294967295,4294902010,1770153399.8547385
4294967293,4294908061,4294966975,4294967295,4278320831,4294967295,11533290,4294902013,4278254020,4294967295,4294967283,4294967295,4294967283,1770153399.8558295
4294967295,4294908062,4294966988,4294967294,4278320844,4294967295,11486426,4294967295,4278192580,4294967295,4294967283,4294967295,4294967283,1770153399.8567865
4294967294,4278196384,4278320870,4294967294,16776934,4294967295,4289680882,254,4294965700,4294967295,243,4294967295,243,1770153399.857792
4294967293,4278196385,4278320879,4294967292,16776943,4294967295,4289682174,253,4294965700,4294967295,4294902003,4294967295,4294902003,1770153399.8589828
4294967295,4294908066,4294967033,4294967295,4278320889,4294967295,4289716724,4294967295,4278254020,4294967295,4294967283,4294967295,4294967283,1770153399.8603365
4294967294,4278196386,4278320894,4294967288,16776958,4294967295,4289684668,254,4294965700,4294967295,4278190323,4294967295,4278190323,1770153399.8613064
4294967294,4294908068,4294967280,4294967292,4278321136,4294967295,11497685,4294902014,4278192580,4294967295,4294967283,4294967295,4294967283,1770153399.8623788
4294967295,4278196388,4278321140,4294967288,16777204,4294967295,4289688309,4294967295,4294965700,4294967295,243,4294967295,243,1770153399.8634355
4294967293,4278196389,4278321145,4294967294,16777209,4294967295,4289689314,4294967293,4294965700,4294967295,4294902003,4294967295,4294902003,1770153399.86431
4294967295,4278196448,4278320359,4294967295,16776423,4294967295,4289564328,255,4294965700,4294967295,243,4294967295,243,1770153399.8676865
4294967292,4278196450,130294,4294967040,16776438,4294967295,4289566920,16777212,4294965700,4294967295,4294967283,4294967295,4294967283,1770153399.868721
4294967293,4294908130,4294966519,4294967295,4278320375,4294967295,11376880,4294967293,4294965700,4294967295,4294967283,4294967295,4294967283,1770153399.869638
4294967295,4278196450,4278320379,4294967293,16776443,4294967295,4289567632,255,4294965700,4294967295,243,4294967295,243,1770153399.870688
4294967295,4278196454,4278320361,4294967295,16776425,4294967295,4289575380,255,4294965700,4294967295,243,4294967295,243,1770153399.8717518
4294967295,4294908137,4294966403,4294967295,4278320259,4294967295,4289579761,4294967295,4294904260,4294967295,4294902003,4294967295,4294902003,1770153399.8729408
4294967294,4278196459,4278258848,4294967295,16776352,4294967295,4289584359,254,4294965700,4294967295,243,4294967295,243,1770153399.8742242
4294967295,4294908140,4294966442,4294967294,4278320298,4294967295,11396062,4294967295,4294965700,4294967295,4294902003,4294967295,4294902003,1770153399.8753676
4294967295,4278196463,4278320334,4294967289,16776398,4294967295,4289591980,4294967295,4294965700,4294967295,4278190323,4294967295,4278190323,1770153399.8764067
4294967295,4278196464,4278320341,4294967293,16776405,4294967295,4289593320,255,4294965700,4294967295,243,4294967295,243,1770153399.8774183
4294967295,4294908151,4294966755,4294967294,4278320611,4294967295,11415961,255,4294965700,4294967295,4294902003,4294967295,4294902003,1770153399.8786335
4294967292,4294908154,4294966724,4294967294,4278320580,4294967295,11421419,252,4294965700,4294967295,4294967283,4294967295,4294967283,1770153399.879689
4294967295,4294908157,4294905313,4294967294,4278259169,4294967295,11458977,4294902015,4294904260,4294967295,4294967283,4294967295,4294967283,1770153399.880702
4294967292,4294908157,4294966754,4294967295,4278320610,4294967295,11426505,4294967292,4294965700,4294967295,4294967283,4294967295,4294967283,1770153399.881646
4294967294,4278196477,4278320614,4294967295,16776678,4294967295,4289617129,254,4294965700,4294967295,243,4294967295,243,1770153399.8827136
4294967295,4294908032,4294966658,4294967294,4278320514,4294967295,11431670,4294967295,4278192580,4294967295,4294967283,4294967295,4294967283,1770153399.8836894
4294967292,4278196352,4278320518,4294967294,16776582,4294967295,4289622422,252,4278254020,4294967295,243,4294967295,243,1770153399.8845944
4294967294,4278196353,4278320528,4294967293,16776592,4294967295,4289624315,4294967294,4294965700,4294967295,4294902003,4294967295,4294902003,1770153399.8855715
4294967295,4278196355,4278320545,4294967295,16776609,4294967295,4289626877,4294967295,4294965700,4294967295,4294967283,4294967295,4294967283,1770153399.8864434
4294967295,4278196355,4278320547,4294967294,16776611,4294967295,4289627341,255,4294965700,4294967040,4294902003,4294967040,4294902003,1770153399.8873692
4294967295,4294908036,4294966703,4278255615,4278320559,4294967295,11439346,4294967295,4294965700,4294967295,4294967283,4294967295,4294967283,1770153399.8882473
4294967295,4278196356,4278320563,4294967295,16776627,4294967295,4289629874,255,4294965700,4294967295,4278190323,4294967295,4278190323,1770153399.8891027
4294967295,4278196357,4278320574,4294967295,16776638,4294967295,4289631695,4294967295,4294965700,4294902015,243,4294902015,243,1770153399.8899603
4294967295,4278196359,4278320595,4294967294,16776659,4294967295,4289635299,255,4294965700,4294967295,4278190323,4294967295,4278190323,1770153399.8908474
4294967292,4278196362,4278320626,4294967292,16776690,16777215,4289640426,252,4294965700,4294967295,243,4294967295,243,1770153399.8917131
4294967295,4278196366,4278320895,4294967293,16776959,4294967295,4289647751,255,4294965700,4294967295,243,4294967295,243,1770153399.8925111
4294967293,4278196367,4278320873,4294967292,16776937,4294967295,4289649404,253,4294965700,4294967295,4294902003,4294967295,4294902003,1770153399.8937845
4294967295,4278196367,4278320875,4294967294,16776939,4294967295,4289649868,255,4294965700,4294967295,4278190323,4294967295,4278190323,1770153399.8950975
4294967295,4294908048,4294967030,4294967294,4278320886,4294967295,11461609,4294967295,4294965700,4294967295,4294967283,4294967295,4294967283,1770153399.8961678
4294967295,4294908049,4294967039,4294967292,130815,4294967295,11463157,4294902015,4294965700,4294967295,243,4294967295,243,1770153399.897201
4294967292,4294908049,4294966976,4294967293,4278320832,4294967295,11463133,4294967292,4278192580,4294967295,4294902003,4294967295,4294902003,1770153399.8984203
4294967293,4294908051,4294966995,4294967294,4278320851,4294967295,11466495,4294902013,4294904260,4294967295,4294967283,4294967295,4294967283,1770153399.8994112
4294967295,4294908051,4294966996,4294967295,4278320852,4294967295,11466439,4294967295,4294965700,4294967295,4294967283,4294967295,4294967283,1770153399.9004142
4294967294,4278196371,4278320854,4294967293,16776918,4294967295,4289657079,254,4294965700,4294967295,4294967283,4294967295,4294967283,1770153399.9013944
4294967293,4278196372,4278320863,4294967295,16776927,4294967295,4289658339,4294967293,4294965700,4294967295,4294902003,4294967295,4294902003,1770153399.9023173
4294967294,4294908054,4294967028,4294967294,4278320884,4294967295,11471859,4294902014,4294965700,4294967295,243,4294967295,243,1770153399.903231
4294967293,4294908055,4294967037,4294967295,4278320893,4294967295,11530751,4294902013,4278254020,4294967295,4294967283,4294967295,4294967283,1770153399.9041722
4294967293,4294908055,4294966915,4294967294,4278320771,4294967295,11474418,4294967293,4294965700,4294967295,4294967283,4294967295,4294967283,1770153399.9050996
4294967295,4278196376,4278320784,4294967288,16776848,4294967295,4289666462,4294967295,4294965700,4294967295,243,4294967295,243,1770153399.906055
4294967294,4278196378,4278320804,4294967294,16776868,4294967295,4289669767,254,4294965700,4294967295,243,4294967295,243,1770153399.9069595
4294967292,4278196379,4278320812,4294967295,16776876,4294967295,4289671083,4294967292,16775620,4294967295,4294902003,4294967295,4294902003,1770153399.907874
4294967293,4294908059,16776883,4294967290,130739,4294901760,11482073,4294967293,4294966488,4294967295,4294902010,4294967295,4294902010,1770153399.9088027
4294967293,4294908061,4294966975,4294967295,4278320831,4294967295,11533290,4294902013,4278254020,4294967295,4294967283,4294967295,4294967283,1770153399.909901
4294967295,4294908062,4294966988,4294967294,4278320844,4294967295,11486426,4294967295,4278192580,4294967295,4294967283,4294967295,4294967283,1770153399.9112594
4294967294,4278196384,4278320870,4294967294,16776934,4294967295,4289680882,254,4294965700,4294967295,243,4294967295,243,1770153399.9122043
4294967293,4278196385,4278320879,4294967292,16776943,4294967295,4289682174,253,4294965700,4294967295,4294902003,4294967295,4294902003,1770153399.913093
4294967295,4294908066,4294967033,4294967295,4278320889,4294967295,4289716724,4294967295,4278254020,4294967295,4294967283,4294967295,4294967283,1770153399.9140875
4294967294,4278196386,4278320894,4294967288,16776958,4294967295,4289684668,254,4294965700,4294967295,4278190323,4294967295,4278190323,1770153399.9150865
4294967294,4294908068,4294967280,4294967292,4278321136,4294967295,11497685,4294902014,4278192580,4294967295,4294967283,4294967295,4294967283,1770153399.9160495
4294967295,4278196388,4278321140,4294967288,16777204,4294967295,4289688309,4294967295,4294965700,4294967295,243,4294967295,243,1770153399.9170372
4294967293,4278196389,4278321145,4294967294,16777209,4294967295,4289689314,4294967293,4294965700,4294967295,4294902003,4294967295,4294902003,1770153399.918028
4294967294,4278196389,4278321148,4294967293,16777212,4294967295,4289689850,254,4294965700,4294967295,243,4294967295,243,1770153399.9189627
4294967295,4278196448,4278320359,4294967295,16776423,4294967295,4289564328,255,4294965700,4294967295,243,4294967295,243,1770153399.9222202
4294967292,4278196450,130294,4294967040,16776438,4294967295,4289566920,16777212,4294965700,4294967295,4294967283,4294967295,4294967283,1770153399.923467
4294967293,4294908130,4294966519,4294967295,4278320375,4294967295,11376880,4294967293,4294965700,4294967295,4294967283,4294967295,4294967283,1770153399.9244823
4294967295,4278196450,4278320379,4294967293,16776443,4294967295,4289567632,255,4294965700,4294967295,243,4294967295,243,1770153399.925757
4294967295,4278196454,4278320361,4294967295,16776425,4294967295,4289575380,255,4294965700,4294967295,243,4294967295,243,1770153399.9272509
4294967295,4294908137,4294966403,4294967295,4278320259,4294967295,4289579761,4294967295,4294904260,4294967295,4294902003,4294967295,4294902003,1770153399.928575
4294967294,4278196459,4278258848,4294967295,16776352,4294967295,4289584359,254,4294965700,4294967295,243,4294967295,243,1770153399.9297166
4294967295,4294908140,4294966442,4294967294,4278320298,4294967295,11396062,4294967295,4294965700,4294967295,4294902003,4294967295,4294902003,1770153399.9308248
4294967295,4278196463,4278320334,4294967289,16776398,4294967295,4289591980,4294967295,4294965700,4294967295,4278190323,4294967295,4278190323,1770153399.932275
4294967295,4278196464,4278320341,4294967293,16776405,4294967295,4289593320,255,4294965700,4294967295,243,4294967295,243,1770153399.9335132
4294967295,4294908151,4294966755,4294967294,4278320611,4294967295,11415961,255,4294965700,4294967295,4294902003,4294967295,4294902003,1770153399.9347448
4294967292,4294908154,4294966724,4294967294,4278320580,4294967295,11421419,252,4294965700,4294967295,4294967283,4294967295,4294967283,1770153399.935791
4294967295,4294908157,4294905313,4294967294,4278259169,4294967295,11458977,4294902015,4294904260,4294967295,4294967283,4294967295,4294967283,1770153399.936754
4294967292,4294908157,4294966754,4294967295,4278320610,4294967295,11426505,4294967292,4294965700,4294967295,4294967283,4294967295,4294967283,1770153399.9377306
4294967294,4278196477,4278320614,4294967295,16776678,4294967295,4289617129,254,4294965700,4294967295,243,4294967295,243,1770153399.9388475
4294967295,4294908032,4294966658,4294967294,4278320514,4294967295,11431670,4294967295,4278192580,4294967295,4294967283,4294967295,4294967283,1770153399.9398627
4294967292,4278196352,4278320518,4294967294,16776582,4294967295,4289622422,252,4278254020,4294967295,243,4294967295,243,1770153399.9410827
4294967294,4278196353,4278320528,4294967293,16776592,4294967295,4289624315,4294967294,4294965700,4294967295,4294902003,4294967295,4294902003,1770153399.9424458
4294967295,4278196355,4278320545,4294967295,16776609,4294967295,4289626877,4294967295,4294965700,4294967295,4294967283,4294967295,4294967283,1770153399.9438417
4294967295,4278196355,4278320547,4294967294,16776611,4294967295,4289627341,255,4294965700,4294967040,4294902003,4294967040,4294902003,1770153399.945286
4294967295,4294908036,4294966703,4278255615,4278320559,4294967295,11439346,4294967295,4294965700,4294967295,4294967283,4294967295,4294967283,1770153399.9464202
4294967295,4278196356,4278320563,4294967295,16776627,4294967295,4289629874,255,4294965700,4294967295,4278190323,4294967295,4278190323,1770153399.9489927
4294967295,4278196357,4278320574,4294967295,16776638,4294967295,4289631695,4294967295,4294965700,4294902015,243,4294902015,243,1770153399.9500368
4294967295,4278196359,4278320595,4294967294,16776659,4294967295,4289635299,255,4294965700,4294967295,4278190323,4294967295,4278190323,1770153399.9510427
4294967292,4278196362,4278320626,4294967292,16776690,16777215,4289640426,252,4294965700,4294967295,243,4294967295,243,1770153399.9521205
4294967295,4278196366,4278320895,4294967293,16776959,4294967295,4289647751,255,4294965700,4294967295,243,4294967295,243,1770153399.9531696
4294967293,4278196367,4278320873,4294967292,16776937,4294967295,4289649404,253,4294965700,4294967295,4294902003,4294967295,4294902003,1770153399.9541688
4294967295,4278196367,4278320875,4294967294,16776939,4294967295,4289649868,255,4294965700,4294967295,4278190323,4294967295,4278190323,1770153399.9551063
4294967295,4294908048,4294967030,4294967294,4278320886,4294967295,11461609,4294967295,4294965700,4294967295,4294967283,4294967295,4294967283,1770153399.9560416
4294967295,4294908049,4294967039,4294967292,130815,4294967295,11463157,4294902015,4294965700,4294967295,243,4294967295,243,1770153399.9569392
4294967292,4294908049,4294966976,4294967293,4278320832,4294967295,11463133,4294967292,4278192580,4294967295,4294902003,4294967295,4294902003,1770153399.9578965
4294967293,4294908051,4294966995,4294967294,4278320851,4294967295,11466495,4294902013,4294904260,4294967295,4294967283,4294967295,4294967283,1770153399.9589417
4294967295,4294908051,4294966996,4294967295,4278320852,4294967295,11466439,4294967295,4294965700,4294967295,4294967283,4294967295,4294967283,1770153399.9598851
4294967294,4278196371,4278320854,4294967293,16776918,4294967295,4289657079,254,4294965700,4294967295,4294967283,4294967295,4294967283,1770153399.9607558
4294967293,4278196372,4278320863,4294967295,16776927,4294967295,4289658339,4294967293,4294965700,4294967295,4294902003,4294967295,4294902003,1770153399.9618015
4294967294,4294908054,4294967028,4294967294,4278320884,4294967295,11471859,4294902014,4294965700,4294967295,243,4294967295,243,1770153399.9627285
4294967293,4294908055,4294967037,4294967295,4278320893,4294967295,11530751,4294902013,4278254020,4294967295,4294967283,4294967295,4294967283,1770153399.963789
4294967293,4294908055,4294966915,4294967294,4278320771,4294967295,11474418,4294967293,4294965700,4294967295,4294967283,4294967295,4294967283,1770153399.9647698
4294967295,4278196376,4278320784,4294967288,16776848,4294967295,4289666462,4294967295,4294965700,4294967295,243,4294967295,243,1770153399.9657068
4294967294,4278196378,4278320804,4294967294,16776868,4294967295,4289669767,254,4294965700,4294967295,243,4294967295,243,1770153399.9666479
4294967292,4278196379,4278320812,4294967295,16776876,4294967295,4289671083,4294967292,16775620,4294967295,4294902003,4294967295,4294902003,1770153399.967507
4294967293,4294908059,16776883,4294967290,130739,4294901760,11482073,4294967293,4294966488,4294967295,4294902010,4294967295,4294902010,1770153399.9718244
4294967293,4294908061,4294966975,4294967295,4278320831,4294967295,11533290,4294902013,4278254020,4294967295,4294967283,4294967295,4294967283,1770153399.973016
4294967295,4294908062,4294966988,4294967294,4278320844,4294967295,11486426,4294967295,4278192580,4294967295,4294967283,4294967295,4294967283,1770153399.9742885
4294967294,4278196384,4278320870,4294967294,16776934,4294967295,4289680882,254,4294965700,4294967295,243,4294967295,243,1770153399.9752734
4294967293,4278196385,4278320879,4294967292,16776943,4294967295,4289682174,253,4294965700,4294967295,4294902003,4294967295,4294902003,1770153399.9762738
4294967295,4294908066,4294967033,4294967295,4278320889,4294967295,4289716724,4294967295,4278254020,4294967295,4294967283,4294967295,4294967283,1770153399.9774628
4294967294,4278196386,4278320894,4294967288,16776958,4294967295,4289684668,254,4294965700,4294967295,4278190323,4294967295,4278190323,1770153399.978448
4294967294,4294908068,4294967280,4294967292,4278321136,4294967295,11497685,4294902014,4278192580,4294967295,4294967283,4294967295,4294967283,1770153399.979429
4294967295,4278196388,4278321140,4294967288,16777204,4294967295,4289688309,4294967295,4294965700,4294967295,243,4294967295,243,1770153399.9802804
4294967293,4278196389,4278321145,4294967294,16777209,4294967295,4289689314,4294967293,4294965700,4294967295,4294902003,4294967295,4294902003,1770153399.981191
4294967294,4278196389,4278321148,4294967293,16777212,4294967295,4289689850,254,4294965700,4294967295,243,4294967295,243,1770153399.9821432
4294967295,4294908070,4294967267,4294967295,4278321123,4294967295,11500693,4294967295,4278192580,4294967295,4294902003,4294967295,4294902003,1770153399.9831882
4294967295,4278196448,4278320359,4294967295,16776423,4294967295,4289564328,255,4294965700,4294967295,243,4294967295,243,1770153399.9865541
4294967292,4278196450,130294,4294967040,16776438,4294967295,4289566920,16777212,4294965700,4294967295,4294967283,4294967295,4294967283,1770153399.9876099
4294967293,4294908130,4294966519,4294967295,4278320375,4294967295,11376880,4294967293,4294965700,4294967295,4294967283,4294967295,4294967283,1770153399.9886343
4294967295,4278196450,4278320379,4294967293,16776443,4294967295,4289567632,255,4294965700,4294967295,243,4294967295,243,1770153399.9895866
4294967295,4278196454,4278320361,4294967295,16776425,4294967295,4289575380,255,4294965700,4294967295,243,4294967295,243,1770153399.9906487
4294967295,4294908137,4294966403,4294967295,4278320259,4294967295,4289579761,4294967295,4294904260,4294967295,4294902003,4294967295,4294902003,1770153399.9915967
4294967294,4278196459,4278258848,4294967295,16776352,4294967295,4289584359,254,4294965700,4294967295,243,4294967295,243,1770153399.9924989
4294967295,4294908140,4294966442,4294967294,4278320298,4294967295,11396062,4294967295,4294965700,4294967295,4294902003,4294967295,4294902003,1770153399.9934735
4294967295,4278196463,4278320334,4294967289,16776398,4294967295,4289591980,4294967295,4294965700,4294967295,4278190323,4294967295,4278190323,1770153399.9944773
4294967295,4278196464,4278320341,4294967293,16776405,4294967295,4289593320,255,4294965700,4294967295,243,4294967295,243,1770153399.9957194
4294967295,4294908151,4294966755,4294967294,4278320611,4294967295,11415961,255,4294965700,4294967295,4294902003,4294967295,4294902003,1770153399.9966466
4294967292,4294908154,4294966724,4294967294,4278320580,4294967295,11421419,252,4294965700,4294967295,4294967283,4294967295,4294967283,1770153399.997652
4294967295,4294908157,4294905313,4294967294,4278259169,4294967295,11458977,4294902015,4294904260,4294967295,4294967283,4294967295,4294967283,1770153399.998895
4294967292,4294908157,4294966754,4294967295,4278320610,4294967295,11426505,4294967292,4294965700,4294967295,4294967283,4294967295,4294967283,1770153399.9998434
4294967294,4278196477,4278320614,4294967295,16776678,4294967295,4289617129,254,4294965700,4294967295,243,4294967295,243,1770153400.0008993
4294967295,4294908032,4294966658,4294967294,4278320514,4294967295,11431670,4294967295,4278192580,4294967295,4294967283,4294967295,4294967283,1770153400.0020378
4294967292,4278196352,4278320518,4294967294,16776582,4294967295,4289622422,252,4278254020,4294967295,243,4294967295,243,1770153400.0031724
4294967294,4278196353,4278320528,4294967293,16776592,4294967295,4289624315,4294967294,4294965700,4294967295,4294902003,4294967295,4294902003,1770153400.0042634
4294967295,4278196355,4278320545,4294967295,16776609,4294967295,4289626877,4294967295,4294965700,4294967295,4294967283,4294967295,4294967283,1770153400.0052683
4294967295,4278196355,4278320547,4294967294,16776611,4294967295,4289627341,255,4294965700,4294967040,4294902003,4294967040,4294902003,1770153400.0063534
4294967295,4294908036,4294966703,4278255615,4278320559,4294967295,11439346,4294967295,4294965700,4294967295,4294967283,4294967295,4294967283,1770153400.0073307
4294967295,4278196356,4278320563,4294967295,16776627,4294967295,4289629874,255,4294965700,4294967295,4278190323,4294967295,4278190323,1770153400.008368
4294967295,4278196357,4278320574,4294967295,16776638,4294967295,4289631695,4294967295,4294965700,4294902015,243,4294902015,243,1770153400.009688
4294967295,4278196359,4278320595,4294967294,16776659,4294967295,4289635299,255,4294965700,4294967295,4278190323,4294967295,4278190323,1770153400.0113552
4294967292,4278196362,4278320626,4294967292,16776690,16777215,4289640426,252,4294965700,4294967295,243,4294967295,243,1770153400.0125039
4294967295,4278196366,4278320895,4294967293,16776959,4294967295,4289647751,255,4294965700,4294967295,243,4294967295,243,1770153400.0143588
4294967293,4278196367,4278320873,4294967292,16776937,4294967295,4289649404,253,4294965700,4294967295,4294902003,4294967295,4294902003,1770153400.0159595
4294967295,4278196367,4278320875,4294967294,16776939,4294967295,4289649868,255,4294965700,4294967295,4278190323,4294967295,4278190323,1770153400.0170014
4294967295,4294908048,4294967030,4294967294,4278320886,4294967295,11461609,4294967295,4294965700,4294967295,4294967283,4294967295,4294967283,1770153400.0179987
4294967295,4294908049,4294967039,4294967292,130815,4294967295,11463157,4294902015,4294965700,4294967295,243,4294967295,243,1770153400.0194538
4294967292,4294908049,4294966976,4294967293,4278320832,4294967295,11463133,4294967292,4278192580,4294967295,4294902003,4294967295,4294902003,1770153400.0205455
4294967293,4294908051,4294966995,4294967294,4278320851,4294967295,11466495,4294902013,4294904260,4294967295,4294967283,4294967295,4294967283,1770153400.0215018
4294967295,4294908051,4294966996,4294967295,4278320852,4294967295,11466439,4294967295,4294965700,4294967295,4294967283,4294967295,4294967283,1770153400.02246
4294967294,4278196371,4278320854,4294967293,16776918,4294967295,4289657079,254,4294965700,4294967295,4294967283,4294967295,4294967283,1770153400.023344
4294967293,4278196372,4278320863,4294967295,16776927,4294967295,4289658339,4294967293,4294965700,4294967295,4294902003,4294967295,4294902003,1770153400.0241995
4294967294,4294908054,4294967028,4294967294,4278320884,4294967295,11471859,4294902014,4294965700,4294967295,243,4294967295,243,1770153400.0251472
4294967293,4294908055,4294967037,4294967295,4278320893,4294967295,11530751,4294902013,4278254020,4294967295,4294967283,4294967295,4294967283,1770153400.0260665
4294967293,4294908055,4294966915,4294967294,4278320771,4294967295,11474418,4294967293,4294965700,4294967295,4294967283,4294967295,4294967283,1770153400.0269768
4294967295,4278196376,4278320784,4294967288,16776848,4294967295,4289666462,4294967295,4294965700,4294967295,243,4294967295,243,1770153400.0279744
4294967294,4278196378,4278320804,4294967294,16776868,4294967295,4289669767,254,4294965700,4294967295,243,4294967295,243,1770153400.0289342
4294967292,4278196379,4278320812,4294967295,16776876,4294967295,4289671083,4294967292,16775620,4294967295,4294902003,4294967295,4294902003,1770153400.0297778
4294967293,4294908059,16776883,4294967290,130739,4294901760,11482073,4294967293,4294966488,4294967295,4294902010,4294967295,4294902010,1770153400.0341327
4294967293,4294908061,4294966975,4294967295,4278320831,4294967295,11533290,4294902013,4278254020,4294967295,4294967283,4294967295,4294967283,1770153400.0353525
4294967295,4294908062,4294966988,4294967294,4278320844,4294967295,11486426,4294967295,4278192580,4294967295,4294967283,4294967295,4294967283,1770153400.0365345
4294967294,4278196384,4278320870,4294967294,16776934,4294967295,4289680882,254,4294965700,4294967295,243,4294967295,243,1770153400.0379238
4294967293,4278196385,4278320879,4294967292,16776943,4294967295,4289682174,253,4294965700,4294967295,4294902003,4294967295,4294902003,1770153400.0388765
4294967295,4294908066,4294967033,4294967295,4278320889,4294967295,4289716724,4294967295,4278254020,4294967295,4294967283,4294967295,4294967283,1770153400.0398898
4294967294,4278196386,4278320894,4294967288,16776958,4294967295,4289684668,254,4294965700,4294967295,4278190323,4294967295,4278190323,1770153400.040854
4294967294,4294908068,4294967280,4294967292,4278321136,4294967295,11497685,4294902014,4278192580,4294967295,4294967283,4294967295,4294967283,1770153400.0418286
4294967295,4278196388,4278321140,4294967288,16777204,4294967295,4289688309,4294967295,4294965700,4294967295,243,4294967295,243,1770153400.0429156
4294967293,4278196389,4278321145,4294967294,16777209,4294967295,4289689314,4294967293,4294965700,4294967295,4294902003,4294967295,4294902003,1770153400.044201
4294967294,4278196389,4278321148,4294967293,16777212,4294967295,4289689850,254,4294965700,4294967295,243,4294967295,243,1770153400.0452693
4294967295,4294908070,4294967267,4294967295,4278321123,4294967295,11500693,4294967295,4278192580,4294967295,4294902003,4294967295,4294902003,1770153400.0462887
4294967295,4278196392,4278321144,4294967295,16777208,4294967295,4289694438,4294967295,4294965700,4294967295,4294967283,4294967295,4294967283,1770153400.0473135
4294967295,4278196448,4278320359,4294967295,16776423,4294967295,4289564328,255,4294965700,4294967295,243,4294967295,243,1770153400.0510092
4294967292,4278196450,130294,4294967040,16776438,4294967295,4289566920,16777212,4294965700,4294967295,4294967283,4294967295,4294967283,1770153400.052059
4294967293,4294908130,4294966519,4294967295,4278320375,4294967295,11376880,4294967293,4294965700,4294967295,4294967283,4294967295,4294967283,1770153400.053013
4294967295,4278196450,4278320379,4294967293,16776443,4294967295,4289567632,255,4294965700,4294967295,243,4294967295,243,1770153400.0541914
4294967295,4278196454,4278320361,4294967295,16776425,4294967295,4289575380,255,4294965700,4294967295,243,4294967295,243,1770153400.055181
4294967295,4294908137,4294966403,4294967295,4278320259,4294967295,4289579761,4294967295,4294904260,4294967295,4294902003,4294967295,4294902003,1770153400.0561903
4294967294,4278196459,4278258848,4294967295,16776352,4294967295,4289584359,254,4294965700,4294967295,243,4294967295,243,1770153400.057095
4294967295,4294908140,4294966442,4294967294,4278320298,4294967295,11396062,4294967295,4294965700,4294967295,4294902003,4294967295,4294902003,1770153400.057983
4294967295,4278196463,4278320334,4294967289,16776398,4294967295,4289591980,4294967295,4294965700,4294967295,4278190323,4294967295,4278190323,1770153400.0591185
4294967295,4278196464,4278320341,4294967293,16776405,4294967295,4289593320,255,4294965700,4294967295,243,4294967295,243,1770153400.0607638
4294967295,4294908151,4294966755,4294967294,4278320611,4294967295,11415961,255,4294965700,4294967295,4294902003,4294967295,4294902003,1770153400.0622144
4294967292,4294908154,4294966724,4294967294,4278320580,4294967295,11421419,252,4294965700,4294967295,4294967283,4294967295,4294967283,1770153400.063526
4294967295,4294908157,4294905313,4294967294,4278259169,4294967295,11458977,4294902015,4294904260,4294967295,4294967283,4294967295,4294967283,1770153400.064551
4294967292,4294908157,4294966754,4294967295,4278320610,4294967295,11426505,4294967292,4294965700,4294967295,4294967283,4294967295,4294967283,1770153400.0663056
4294967294,4278196477,4278320614,4294967295,16776678,4294967295,4289617129,254,4294965700,4294967295,243,4294967295,243,1770153400.068653
4294967295,4294908032,4294966658,4294967294,4278320514,4294967295,11431670,4294967295,4278192580,4294967295,4294967283,4294967295,4294967283,1770153400.069762
4294967292,4278196352,4278320518,4294967294,16776582,4294967295,4289622422,252,4278254020,4294967295,243,4294967295,243,1770153400.0707102
4294967294,4278196353,4278320528,4294967293,16776592,4294967295,4289624315,4294967294,4294965700,4294967295,4294902003,4294967295,4294902003,1770153400.0716536
4294967295,4278196355,4278320545,4294967295,16776609,4294967295,4289626877,4294967295,4294965700,4294967295,4294967283,4294967295,4294967283,1770153400.0726876
4294967295,4278196355,4278320547,4294967294,16776611,4294967295,4289627341,255,4294965700,4294967040,4294902003,4294967040,4294902003,1770153400.0736525
4294967295,4294908036,4294966703,4278255615,4278320559,4294967295,11439346,4294967295,4294965700,4294967295,4294967283,4294967295,4294967283,1770153400.0747318
4294967295,4278196356,4278320563,4294967295,16776627,4294967295,4289629874,255,4294965700,4294967295,4278190323,4294967295,4278190323,1770153400.07577
4294967295,4278196357,4278320574,4294967295,16776638,4294967295,4289631695,4294967295,4294965700,4294902015,243,4294902015,243,1770153400.0766826
4294967295,4278196359,4278320595,4294967294,16776659,4294967295,4289635299,255,4294965700,4294967295,4278190323,4294967295,4278190323,1770153400.0778706
4294967292,4278196362,4278320626,4294967292,16776690,16777215,4289640426,252,4294965700,4294967295,243,4294967295,243,1770153400.0789673
4294967295,4278196366,4278320895,4294967293,16776959,4294967295,4289647751,255,4294965700,4294967295,243,4294967295,243,1770153400.0799952
4294967293,4278196367,4278320873,4294967292,16776937,4294967295,4289649404,253,4294965700,4294967295,4294902003,4294967295,4294902003,1770153400.0810995
4294967295,4278196367,4278320875,4294967294,16776939,4294967295,4289649868,255,4294965700,4294967295,4278190323,4294967295,4278190323,1770153400.0822372
4294967295,4294908048,4294967030,4294967294,4278320886,4294967295,11461609,4294967295,4294965700,4294967295,4294967283,4294967295,4294967283,1770153400.0832238
4294967295,4294908049,4294967039,4294967292,130815,4294967295,11463157,4294902015,4294965700,4294967295,243,4294967295,243,1770153400.084244
4294967292,4294908049,4294966976,4294967293,4278320832,4294967295,11463133,4294967292,4278192580,4294967295,4294902003,4294967295,4294902003,1770153400.0854006
4294967293,4294908051,4294966995,4294967294,4278320851,4294967295,11466495,4294902013,4294904260,4294967295,4294967283,4294967295,4294967283,1770153400.0864112
4294967295,4294908051,4294966996,4294967295,4278320852,4294967295,11466439,4294967295,4294965700,4294967295,4294967283,4294967295,4294967283,1770153400.087332
4294967294,4278196371,4278320854,4294967293,16776918,4294967295,4289657079,254,4294965700,4294967295,4294967283,4294967295,4294967283,1770153400.0882258
4294967293,4278196372,4278320863,4294967295,16776927,4294967295,4289658339,4294967293,4294965700,4294967295,4294902003,4294967295,4294902003,1770153400.0891013
4294967294,4294908054,4294967028,4294967294,4278320884,4294967295,11471859,4294902014,4294965700,4294967295,243,4294967295,243,1770153400.0900965
4294967293,4294908055,4294967037,4294967295,4278320893,4294967295,11530751,4294902013,4278254020,4294967295,4294967283,4294967295,4294967283,1770153400.0910864
4294967293,4294908055,4294966915,4294967294,4278320771,4294967295,11474418,4294967293,4294965700,4294967295,4294967283,4294967295,4294967283,1770153400.092014
4294967295,4278196376,4278320784,4294967288,16776848,4294967295,4289666462,4294967295,4294965700,4294967295,243,4294967295,243,1770153400.0932167
4294967294,4278196378,4278320804,4294967294,16776868,4294967295,4289669767,254,4294965700,4294967295,243,4294967295,243,1770153400.0947185
4294967292,4278196379,4278320812,4294967295,16776876,4294967295,4289671083,4294967292,16775620,4294967295,4294902003,4294967295,4294902003,1770153400.0960925
4294967293,4294908059,16776883,4294967290,130739,4294901760,11482073,4294967293,4294966488,4294967295,4294902010,4294967295,4294902010,1770153400.0975573
4294967293,4294908061,4294966975,4294967295,4278320831,4294967295,11533290,4294902013,4278254020,4294967295,4294967283,4294967295,4294967283,1770153400.098649
4294967295,4294908062,4294966988,4294967294,4278320844,4294967295,11486426,4294967295,4278192580,4294967295,4294967283,4294967295,4294967283,1770153400.09958
4294967294,4278196384,4278320870,4294967294,16776934,4294967295,4289680882,254,4294965700,4294967295,243,4294967295,243,1770153400.1004744
4294967293,4278196385,4278320879,4294967292,16776943,4294967295,4289682174,253,4294965700,4294967295,4294902003,4294967295,4294902003,1770153400.101458
4294967295,4294908066,4294967033,4294967295,4278320889,4294967295,4289716724,4294967295,4278254020,4294967295,4294967283,4294967295,4294967283,1770153400.1024034
4294967294,4278196386,4278320894,4294967288,16776958,4294967295,4289684668,254,4294965700,4294967295,4278190323,4294967295,4278190323,1770153400.1033325
4294967294,4294908068,4294967280,4294967292,4278321136,4294967295,11497685,4294902014,4278192580,4294967295,4294967283,4294967295,4294967283,1770153400.1042995
4294967295,4278196388,4278321140,4294967288,16777204,4294967295,4289688309,4294967295,4294965700,4294967295,243,4294967295,243,1770153400.1052039
4294967293,4278196389,4278321145,4294967294,16777209,4294967295,4289689314,4294967293,4294965700,4294967295,4294902003,4294967295,4294902003,1770153400.1060681
4294967294,4278196389,4278321148,4294967293,16777212,4294967295,4289689850,254,4294965700,4294967295,243,4294967295,243,1770153400.1069398
4294967295,4294908070,4294967267,4294967295,4278321123,4294967295,11500693,4294967295,4278192580,4294967295,4294902003,4294967295,4294902003,1770153400.1079183
4294967295,4278196392,4278321144,4294967295,16777208,4294967295,4289694438,4294967295,4294965700,4294967295,4294967283,4294967295,4294967283,1770153400.109131
4294967295,4294908072,4294967289,4294967295,4278321145,4294967295,11504334,4294967295,4294965700,4294967295,4294967283,4294967295,4294967283,1770153400.110244
4294967295,4278196448,4278320359,4294967295,16776423,4294967295,4289564328,255,4294965700,4294967295,243,4294967295,243,1770153400.1144314
4294967292,4278196450,130294,4294967040,16776438,4294967295,4289566920,16777212,4294965700,4294967295,4294967283,4294967295,4294967283,1770153400.1154668
4294967293,4294908130,4294966519,4294967295,4278320375,4294967295,11376880,4294967293,4294965700,4294967295,4294967283,4294967295,4294967283,1770153400.1166587
4294967295,4278196450,4278320379,4294967293,16776443,4294967295,4289567632,255,4294965700,4294967295,243,4294967295,243,1770153400.1177406
4294967295,4278196454,4278320361,4294967295,16776425,4294967295,4289575380,255,4294965700,4294967295,243,4294967295,243,1770153400.1189137
4294967295,4294908137,4294966403,4294967295,4278320259,4294967295,4289579761,4294967295,4294904260,4294967295,4294902003,4294967295,4294902003,1770153400.1199415
4294967294,4278196459,4278258848,4294967295,16776352,4294967295,4289584359,254,4294965700,4294967295,243,4294967295,243,1770153400.1208694
4294967295,4294908140,4294966442,4294967294,4278320298,4294967295,11396062,4294967295,4294965700,4294967295,4294902003,4294967295,4294902003,1770153400.1218202
4294967295,4278196463,4278320334,4294967289,16776398,4294967295,4289591980,4294967295,4294965700,4294967295,4278190323,4294967295,4278190323,1770153400.1227038
4294967295,4278196464,4278320341,4294967293,16776405,4294967295,4289593320,255,4294965700,4294967295,243,4294967295,243,1770153400.1235626
4294967295,4294908151,4294966755,4294967294,4278320611,4294967295,11415961,255,4294965700,4294967295,4294902003,4294967295,4294902003,1770153400.1244154
4294967292,4294908154,4294966724,4294967294,4278320580,4294967295,11421419,252,4294965700,4294967295,4294967283,4294967295,4294967283,1770153400.125313
4294967295,4294908157,4294905313,4294967294,4278259169,4294967295,11458977,4294902015,4294904260,4294967295,4294967283,4294967295,4294967283,1770153400.1261663
4294967292,4294908157,4294966754,4294967295,4278320610,4294967295,11426505,4294967292,4294965700,4294967295,4294967283,4294967295,4294967283,1770153400.1271548
4294967294,4278196477,4278320614,4294967295,16776678,4294967295,4289617129,254,4294965700,4294967295,243,4294967295,243,1770153400.1280913
4294967295,4294908032,4294966658,4294967294,4278320514,4294967295,11431670,4294967295,4278192580,4294967295,4294967283,4294967295,4294967283,1770153400.1291668
4294967292,4278196352,4278320518,4294967294,16776582,4294967295,4289622422,252,4278254020,4294967295,243,4294967295,243,1770153400.130347
4294967294,4278196353,4278320528,4294967293,16776592,4294967295,4289624315,4294967294,4294965700,4294967295,4294902003,4294967295,4294902003,1770153400.1313176
4294967295,4278196355,4278320545,4294967295,16776609,4294967295,4289626877,4294967295,4294965700,4294967295,4294967283,4294967295,4294967283,1770153400.1323483
4294967295,4278196355,4278320547,4294967294,16776611,4294967295,4289627341,255,4294965700,4294967040,4294902003,4294967040,4294902003,1770153400.1333067
4294967295,4294908036,4294966703,4278255615,4278320559,4294967295,11439346,4294967295,4294965700,4294967295,4294967283,4294967295,4294967283,1770153400.134249
4294967295,4278196356,4278320563,4294967295,16776627,4294967295,4289629874,255,4294965700,4294967295,4278190323,4294967295,4278190323,1770153400.1351924
4294967295,4278196357,4278320574,4294967295,16776638,4294967295,4289631695,4294967295,4294965700,4294902015,243,4294902015,243,1770153400.136114
4294967295,4278196359,4278320595,4294967294,16776659,4294967295,4289635299,255,4294965700,4294967295,4278190323,4294967295,4278190323,1770153400.1371543
4294967292,4278196362,4278320626,4294967292,16776690,16777215,4289640426,252,4294965700,4294967295,243,4294967295,243,1770153400.138115
4294967295,4278196366,4278320895,4294967293,16776959,4294967295,4289647751,255,4294965700,4294967295,243,4294967295,243,1770153400.1390293
4294967293,4278196367,4278320873,4294967292,16776937,4294967295,4289649404,253,4294965700,4294967295,4294902003,4294967295,4294902003,1770153400.1399603
4294967295,4278196367,4278320875,4294967294,16776939,4294967295,4289649868,255,4294965700,4294967295,4278190323,4294967295,4278190323,1770153400.141075
4294967295,4294908048,4294967030,4294967294,4278320886,4294967295,11461609,4294967295,4294965700,4294967295,4294967283,4294967295,4294967283,1770153400.142124
4294967295,4294908049,4294967039,4294967292,130815,4294967295,11463157,4294902015,4294965700,4294967295,243,4294967295,243,1770153400.1434975
4294967292,4294908049,4294966976,4294967293,4278320832,4294967295,11463133,4294967292,4278192580,4294967295,4294902003,4294967295,4294902003,1770153400.144677
4294967293,4294908051,4294966995,4294967294,4278320851,4294967295,11466495,4294902013,4294904260,4294967295,4294967283,4294967295,4294967283,1770153400.1456468
4294967295,4294908051,4294966996,4294967295,4278320852,4294967295,11466439,4294967295,4294965700,4294967295,4294967283,4294967295,4294967283,1770153400.1466417
4294967294,4278196371,4278320854,4294967293,16776918,4294967295,4289657079,254,4294965700,4294967295,4294967283,4294967295,4294967283,1770153400.147732
4294967293,4278196372,4278320863,4294967295,16776927,4294967295,4289658339,4294967293,4294965700,4294967295,4294902003,4294967295,4294902003,1770153400.1487844
4294967294,4294908054,4294967028,4294967294,4278320884,4294967295,11471859,4294902014,4294965700,4294967295,243,4294967295,243,1770153400.1497538
4294967293,4294908055,4294967037,4294967295,4278320893,4294967295,11530751,4294902013,4278254020,4294967295,4294967283,4294967295,4294967283,1770153400.1506746
4294967293,4294908055,4294966915,4294967294,4278320771,4294967295,11474418,4294967293,4294965700,4294967295,4294967283,4294967295,4294967283,1770153400.1515627
4294967295,4278196376,4278320784,4294967288,16776848,4294967295,4289666462,4294967295,4294965700,4294967295,243,4294967295,243,1770153400.1525373
4294967294,4278196378,4278320804,4294967294,16776868,4294967295,4289669767,254,4294965700,4294967295,243,4294967295,243,1770153400.1534913
4294967292,4278196379,4278320812,4294967295,16776876,4294967295,4289671083,4294967292,16775620,4294967295,4294902003,4294967295,4294902003,1770153400.1544356
4294967293,4294908059,16776883,4294967290,130739,4294901760,11482073,4294967293,4294966488,4294967295,4294902010,4294967295,4294902010,1770153400.1553226
4294967293,4294908061,4294966975,4294967295,4278320831,4294967295,11533290,4294902013,4278254020,4294967295,4294967283,4294967295,4294967283,1770153400.1561966
4294967295,4294908062,4294966988,4294967294,4278320844,4294967295,11486426,4294967295,4278192580,4294967295,4294967283,4294967295,4294967283,1770153400.1571257
4294967294,4278196384,4278320870,4294967294,16776934,4294967295,4289680882,254,4294965700,4294967295,243,4294967295,243,1770153400.158079
4294967293,4278196385,4278320879,4294967292,16776943,4294967295,4289682174,253,4294965700,4294967295,4294902003,4294967295,4294902003,1770153400.159081
4294967295,4294908066,4294967033,4294967295,4278320889,4294967295,4289716724,4294967295,4278254020,4294967295,4294967283,4294967295,4294967283,1770153400.160087
4294967294,4278196386,4278320894,4294967288,16776958,4294967295,4289684668,254,4294965700,4294967295,4278190323,4294967295,4278190323,1770153400.1611602
4294967294,4294908068,4294967280,4294967292,4278321136,4294967295,11497685,4294902014,4278192580,4294967295,4294967283,4294967295,4294967283,1770153400.1621017
4294967295,4278196388,4278321140,4294967288,16777204,4294967295,4289688309,4294967295,4294965700,4294967295,243,4294967295,243,1770153400.163079
4294967293,4278196389,4278321145,4294967294,16777209,4294967295,4289689314,4294967293,4294965700,4294967295,4294902003,4294967295,4294902003,1770153400.1641855
4294967294,4278196389,4278321148,4294967293,16777212,4294967295,4289689850,254,4294965700,4294967295,243,4294967295,243,1770153400.1651108
4294967295,4294908070,4294967267,4294967295,4278321123,4294967295,11500693,4294967295,4278192580,4294967295,4294902003,4294967295,4294902003,1770153400.166156
4294967295,4278196392,4278321144,4294967295,16777208,4294967295,4289694438,4294967295,4294965700,4294967295,4294967283,4294967295,4294967283,1770153400.1671324
4294967295,4294908072,4294967289,4294967295,4278321145,4294967295,11504334,4294967295,4294965700,4294967295,4294967283,4294967295,4294967283,1770153400.1680634
4294967295,4278196393,4278321099,4294967288,16777163,4294967295,4289697411,255,4294965700,4294967295,243,4294967295,243,1770153400.1689417
4294967295,4278196448,4278320359,4294967295,16776423,4294967295,4289564328,255,4294965700,4294967295,243,4294967295,243,1770153400.3035617
4294967292,4278196450,130294,4294967040,16776438,4294967295,4289566920,16777212,4294965700,4294967295,4294967283,4294967295,4294967283,1770153400.3047245
4294967293,4294908130,4294966519,4294967295,4278320375,4294967295,11376880,4294967293,4294965700,4294967295,4294967283,4294967295,4294967283,1770153400.3057747
4294967295,4278196450,4278320379,4294967293,16776443,4294967295,4289567632,255,4294965700,4294967295,243,4294967295,243,1770153400.3081386
4294967295,4278196454,4278320361,4294967295,16776425,4294967295,4289575380,255,4294965700,4294967295,243,4294967295,243,1770153400.3091762
4294967295,4294908137,4294966403,4294967295,4278320259,4294967295,4289579761,4294967295,4294904260,4294967295,4294902003,4294967295,4294902003,1770153400.3103273
4294967294,4278196459,4278258848,4294967295,16776352,4294967295,4289584359,254,4294965700,4294967295,243,4294967295,243,1770153400.3113847
4294967295,4294908140,4294966442,4294967294,4278320298,4294967295,11396062,4294967295,4294965700,4294967295,4294902003,4294967295,4294902003,1770153400.312455
4294967295,4278196463,4278320334,4294967289,16776398,4294967295,4289591980,4294967295,4294965700,4294967295,4278190323,4294967295,4278190323,1770153400.3135586
4294967295,4278196464,4278320341,4294967293,16776405,4294967295,4289593320,255,4294965700,4294967295,243,4294967295,243,1770153400.3145618
4294967295,4294908151,4294966755,4294967294,4278320611,4294967295,11415961,255,4294965700,4294967295,4294902003,4294967295,4294902003,1770153400.3155718
4294967292,4294908154,4294966724,4294967294,4278320580,4294967295,11421419,252,4294965700,4294967295,4294967283,4294967295,4294967283,1770153400.31658
4294967295,4294908157,4294905313,4294967294,4278259169,4294967295,11458977,4294902015,4294904260,4294967295,4294967283,4294967295,4294967283,1770153400.3175826
4294967292,4294908157,4294966754,4294967295,4278320610,4294967295,11426505,4294967292,4294965700,4294967295,4294967283,4294967295,4294967283,1770153400.3185694
4294967294,4278196477,4278320614,4294967295,16776678,4294967295,4289617129,254,4294965700,4294967295,243,4294967295,243,1770153400.3196137
4294967295,4294908032,4294966658,4294967294,4278320514,4294967295,11431670,4294967295,4278192580,4294967295,4294967283,4294967295,4294967283,1770153400.3205934
4294967292,4278196352,4278320518,4294967294,16776582,4294967295,4289622422,252,4278254020,4294967295,243,4294967295,243,1770153400.3216352
4294967294,4278196353,4278320528,4294967293,16776592,4294967295,4289624315,4294967294,4294965700,4294967295,4294902003,4294967295,4294902003,1770153400.3226268
4294967295,4278196355,4278320545,4294967295,16776609,4294967295,4289626877,4294967295,4294965700,4294967295,4294967283,4294967295,4294967283,1770153400.3235476
4294967295,4278196355,4278320547,4294967294,16776611,4294967295,4289627341,255,4294965700,4294967040,4294902003,4294967040,4294902003,1770153400.3244455
4294967295,4294908036,4294966703,4278255615,4278320559,4294967295,11439346,4294967295,4294965700,4294967295,4294967283,4294967295,4294967283,1770153400.3253105
4294967295,4278196356,4278320563,4294967295,16776627,4294967295,4289629874,255,4294965700,4294967295,4278190323,4294967295,4278190323,1770153400.3262494
4294967295,4278196357,4278320574,4294967295,16776638,4294967295,4289631695,4294967295,4294965700,4294902015,243,4294902015,243,1770153400.3273075
4294967295,4278196359,4278320595,4294967294,16776659,4294967295,4289635299,255,4294965700,4294967295,4278190323,4294967295,4278190323,1770153400.3283367
4294967292,4278196362,4278320626,4294967292,16776690,16777215,4289640426,252,4294965700,4294967295,243,4294967295,243,1770153400.3292549
4294967295,4278196366,4278320895,4294967293,16776959,4294967295,4289647751,255,4294965700,4294967295,243,4294967295,243,1770153400.3302755
4294967293,4278196367,4278320873,4294967292,16776937,4294967295,4289649404,253,4294965700,4294967295,4294902003,4294967295,4294902003,1770153400.3313699
4294967295,4278196367,4278320875,4294967294,16776939,4294967295,4289649868,255,4294965700,4294967295,4278190323,4294967295,4278190323,1770153400.3323438
4294967295,4294908048,4294967030,4294967294,4278320886,4294967295,11461609,4294967295,4294965700,4294967295,4294967283,4294967295,4294967283,1770153400.3333254
4294967295,4294908049,4294967039,4294967292,130815,4294967295,11463157,4294902015,4294965700,4294967295,243,4294967295,243,1770153400.3346157
4294967292,4294908049,4294966976,4294967293,4278320832,4294967295,11463133,4294967292,4278192580,4294967295,4294902003,4294967295,4294902003,1770153400.3358061
4294967293,4294908051,4294966995,4294967294,4278320851,4294967295,11466495,4294902013,4294904260,4294967295,4294967283,4294967295,4294967283,1770153400.3367622
4294967295,4294908051,4294966996,4294967295,4278320852,4294967295,11466439,4294967295,4294965700,4294967295,4294967283,4294967295,4294967283,1770153400.3376653
4294967294,4278196371,4278320854,4294967293,16776918,4294967295,4289657079,254,4294965700,4294967295,4294967283,4294967295,4294967283,1770153400.3385417
4294967293,4278196372,4278320863,4294967295,16776927,4294967295,4289658339,4294967293,4294965700,4294967295,4294902003,4294967295,4294902003,1770153400.3394363
4294967294,4294908054,4294967028,4294967294,4278320884,4294967295,11471859,4294902014,4294965700,4294967295,243,4294967295,243,1770153400.340305
4294967293,4294908055,4294967037,4294967295,4278320893,4294967295,11530751,4294902013,4278254020,4294967295,4294967283,4294967295,4294967283,1770153400.3413346
4294967293,4294908055,4294966915,4294967294,4278320771,4294967295,11474418,4294967293,4294965700,4294967295,4294967283,4294967295,4294967283,1770153400.342431
4294967295,4278196376,4278320784,4294967288,16776848,4294967295,4289666462,4294967295,4294965700,4294967295,243,4294967295,243,1770153400.3435144
4294967294,4278196378,4278320804,4294967294,16776868,4294967295,4289669767,254,4294965700,4294967295,243,4294967295,243,1770153400.344558
4294967292,4278196379,4278320812,4294967295,16776876,4294967295,4289671083,4294967292,16775620,4294967295,4294902003,4294967295,4294902003,1770153400.3456826
4294967293,4294908059,16776883,4294967290,130739,4294901760,11482073,4294967293,4294966488,4294967295,4294902010,4294967295,4294902010,1770153400.3467817
4294967293,4294908061,4294966975,4294967295,4278320831,4294967295,11533290,4294902013,4278254020,4294967295,4294967283,4294967295,4294967283,1770153400.3477564
4294967295,4294908062,4294966988,4294967294,4278320844,4294967295,11486426,4294967295,4278192580,4294967295,4294967283,4294967295,4294967283,1770153400.348681
4294967294,4278196384,4278320870,4294967294,16776934,4294967295,4289680882,254,4294965700,4294967295,243,4294967295,243,1770153400.3496544
4294967293,4278196385,4278320879,4294967292,16776943,4294967295,4289682174,253,4294965700,4294967295,4294902003,4294967295,4294902003,1770153400.35059
4294967295,4294908066,4294967033,4294967295,4278320889,4294967295,4289716724,4294967295,4278254020,4294967295,4294967283,4294967295,4294967283,1770153400.3515959
4294967294,4278196386,4278320894,4294967288,16776958,4294967295,4289684668,254,4294965700,4294967295,4278190323,4294967295,4278190323,1770153400.3525667
4294967294,4294908068,4294967280,4294967292,4278321136,4294967295,11497685,4294902014,4278192580,4294967295,4294967283,4294967295,4294967283,1770153400.353493
4294967295,4278196388,4278321140,4294967288,16777204,4294967295,4289688309,4294967295,4294965700,4294967295,243,4294967295,243,1770153400.3543756
4294967293,4278196389,4278321145,4294967294,16777209,4294967295,4289689314,4294967293,4294965700,4294967295,4294902003,4294967295,4294902003,1770153400.3552864
4294967294,4278196389,4278321148,4294967293,16777212,4294967295,4289689850,254,4294965700,4294967295,243,4294967295,243,1770153400.3561695
4294967295,4294908070,4294967267,4294967295,4278321123,4294967295,11500693,4294967295,4278192580,4294967295,4294902003,4294967295,4294902003,1770153400.3570545
4294967295,4278196392,4278321144,4294967295,16777208,4294967295,4289694438,4294967295,4294965700,4294967295,4294967283,4294967295,4294967283,1770153400.3580327
4294967295,4294908072,4294967289,4294967295,4278321145,4294967295,11504334,4294967295,4294965700,4294967295,4294967283,4294967295,4294967283,1770153400.3589408
4294967295,4278196393,4278321099,4294967288,16777163,4294967295,4289697411,255,4294965700,4294967295,243,4294967295,243,1770153400.3602095
4294967295,4278196394,4278321110,4294967288,16777174,4294967295,4289699233,4294967295,4294965700,4294967295,4278190323,4294967295,4278190323,1770153400.3613255
4294967295,4278196448,4278320359,4294967295,16776423,4294967295,4289564328,255,4294965700,4294967295,243,4294967295,243,1770153400.5846925
4294967292,4278196450,130294,4294967040,16776438,4294967295,4289566920,16777212,4294965700,4294967295,4294967283,4294967295,4294967283,1770153400.5857549
4294967293,4294908130,4294966519,4294967295,4278320375,4294967295,11376880,4294967293,4294965700,4294967295,4294967283,4294967295,4294967283,1770153400.5866997
4294967295,4278196450,4278320379,4294967293,16776443,4294967295,4289567632,255,4294965700,4294967295,243,4294967295,243,1770153400.5877438
4294967295,4278196454,4278320361,4294967295,16776425,4294967295,4289575380,255,4294965700,4294967295,243,4294967295,243,1770153400.5886567
4294967295,4294908137,4294966403,4294967295,4278320259,4294967295,4289579761,4294967295,4294904260,4294967295,4294902003,4294967295,4294902003,1770153400.589699
4294967294,4278196459,4278258848,4294967295,16776352,4294967295,4289584359,254,4294965700,4294967295,243,4294967295,243,1770153400.5907466
4294967295,4294908140,4294966442,4294967294,4278320298,4294967295,11396062,4294967295,4294965700,4294967295,4294902003,4294967295,4294902003,1770153400.59188
4294967295,4278196463,4278320334,4294967289,16776398,4294967295,4289591980,4294967295,4294965700,4294967295,4278190323,4294967295,4278190323,1770153400.5929015
4294967295,4278196464,4278320341,4294967293,16776405,4294967295,4289593320,255,4294965700,4294967295,243,4294967295,243,1770153400.5941408
4294967295,4294908151,4294966755,4294967294,4278320611,4294967295,11415961,255,4294965700,4294967295,4294902003,4294967295,4294902003,1770153400.5950975
4294967292,4294908154,4294966724,4294967294,4278320580,4294967295,11421419,252,4294965700,4294967295,4294967283,4294967295,4294967283,1770153400.5960646
4294967295,4294908157,4294905313,4294967294,4278259169,4294967295,11458977,4294902015,4294904260,4294967295,4294967283,4294967295,4294967283,1770153400.5970378
4294967292,4294908157,4294966754,4294967295,4278320610,4294967295,11426505,4294967292,4294965700,4294967295,4294967283,4294967295,4294967283,1770153400.598009
4294967294,4278196477,4278320614,4294967295,16776678,4294967295,4289617129,254,4294965700,4294967295,243,4294967295,243,1770153400.5989223
4294967295,4294908032,4294966658,4294967294,4278320514,4294967295,11431670,4294967295,4278192580,4294967295,4294967283,4294967295,4294967283,1770153400.5999134
4294967292,4278196352,4278320518,4294967294,16776582,4294967295,4289622422,252,4278254020,4294967295,243,4294967295,243,1770153400.6008239
4294967294,4278196353,4278320528,4294967293,16776592,4294967295,4289624315,4294967294,4294965700,4294967295,4294902003,4294967295,4294902003,1770153400.60177
4294967295,4278196355,4278320545,4294967295,16776609,4294967295,4289626877,4294967295,4294965700,4294967295,4294967283,4294967295,4294967283,1770153400.6026819
4294967295,4278196355,4278320547,4294967294,16776611,4294967295,4289627341,255,4294965700,4294967040,4294902003,4294967040,4294902003,1770153400.6035724
4294967295,4294908036,4294966703,4278255615,4278320559,4294967295,11439346,4294967295,4294965700,4294967295,4294967283,4294967295,4294967283,1770153400.6044981
4294967295,4278196356,4278320563,4294967295,16776627,4294967295,4289629874,255,4294965700,4294967295,4278190323,4294967295,4278190323,1770153400.605409
4294967295,4278196357,4278320574,4294967295,16776638,4294967295,4289631695,4294967295,4294965700,4294902015,243,4294902015,243,1770153400.6063724
4294967295,4278196359,4278320595,4294967294,16776659,4294967295,4289635299,255,4294965700,4294967295,4278190323,4294967295,4278190323,1770153400.607354
4294967292,4278196362,4278320626,4294967292,16776690,16777215,4289640426,252,4294965700,4294967295,243,4294967295,243,1770153400.608277
4294967295,4278196366,4278320895,4294967293,16776959,4294967295,4289647751,255,4294965700,4294967295,243,4294967295,243,1770153400.6091146
4294967293,4278196367,4278320873,4294967292,16776937,4294967295,4289649404,253,4294965700,4294967295,4294902003,4294967295,4294902003,1770153400.6100793
4294967295,4278196367,4278320875,4294967294,16776939,4294967295,4289649868,255,4294965700,4294967295,4278190323,4294967295,4278190323,1770153400.6111727
4294967295,4294908048,4294967030,4294967294,4278320886,4294967295,11461609,4294967295,4294965700,4294967295,4294967283,4294967295,4294967283,1770153400.612288
4294967295,4294908049,4294967039,4294967292,130815,4294967295,11463157,4294902015,4294965700,4294967295,243,4294967295,243,1770153400.6135318
4294967292,4294908049,4294966976,4294967293,4278320832,4294967295,11463133,4294967292,4278192580,4294967295,4294902003,4294967295,4294902003,1770153400.614666
4294967293,4294908051,4294966995,4294967294,4278320851,4294967295,11466495,4294902013,4294904260,4294967295,4294967283,4294967295,4294967283,1770153400.6159391
4294967295,4294908051,4294966996,4294967295,4278320852,4294967295,11466439,4294967295,4294965700,4294967295,4294967283,4294967295,4294967283,1770153400.6169162
4294967294,4278196371,4278320854,4294967293,16776918,4294967295,4289657079,254,4294965700,4294967295,4294967283,4294967295,4294967283,1770153400.6177502
4294967293,4278196372,4278320863,4294967295,16776927,4294967295,4289658339,4294967293,4294965700,4294967295,4294902003,4294967295,4294902003,1770153400.6186717
4294967294,4294908054,4294967028,4294967294,4278320884,4294967295,11471859,4294902014,4294965700,4294967295,243,4294967295,243,1770153400.6197665
4294967293,4294908055,4294967037,4294967295,4278320893,4294967295,11530751,4294902013,4278254020,4294967295,4294967283,4294967295,4294967283,1770153400.6209214
4294967293,4294908055,4294966915,4294967294,4278320771,4294967295,11474418,4294967293,4294965700,4294967295,4294967283,4294967295,4294967283,1770153400.6219223
4294967295,4278196376,4278320784,4294967288,16776848,4294967295,4289666462,4294967295,4294965700,4294967295,243,4294967295,243,1770153400.6229596
4294967294,4278196378,4278320804,4294967294,16776868,4294967295,4289669767,254,4294965700,4294967295,243,4294967295,243,1770153400.6240437
4294967292,4278196379,4278320812,4294967295,16776876,4294967295,4289671083,4294967292,16775620,4294967295,4294902003,4294967295,4294902003,1770153400.6249654
4294967293,4294908059,16776883,4294967290,130739,4294901760,11482073,4294967293,4294966488,4294967295,4294902010,4294967295,4294902010,1770153400.6258302
4294967293,4294908061,4294966975,4294967295,4278320831,4294967295,11533290,4294902013,4278254020,4294967295,4294967283,4294967295,4294967283,1770153400.6269088
4294967295,4294908062,4294966988,4294967294,4278320844,4294967295,11486426,4294967295,4278192580,4294967295,4294967283,4294967295,4294967283,1770153400.627976
4294967294,4278196384,4278320870,4294967294,16776934,4294967295,4289680882,254,4294965700,4294967295,243,4294967295,243,1770153400.6291583
4294967293,4278196385,4278320879,4294967292,16776943,4294967295,4289682174,253,4294965700,4294967295,4294902003,4294967295,4294902003,1770153400.630177
4294967295,4294908066,4294967033,4294967295,4278320889,4294967295,4289716724,4294967295,4278254020,4294967295,4294967283,4294967295,4294967283,1770153400.6325212
4294967294,4278196386,4278320894,4294967288,16776958,4294967295,4289684668,254,4294965700,4294967295,4278190323,4294967295,4278190323,1770153400.63347
4294967294,4294908068,4294967280,4294967292,4278321136,4294967295,11497685,4294902014,4278192580,4294967295,4294967283,4294967295,4294967283,1770153400.6344786
4294967295,4278196388,4278321140,4294967288,16777204,4294967295,4289688309,4294967295,4294965700,4294967295,243,4294967295,243,1770153400.635416
4294967293,4278196389,4278321145,4294967294,16777209,4294967295,4289689314,4294967293,4294965700,4294967295,4294902003,4294967295,4294902003,1770153400.6363533
4294967294,4278196389,4278321148,4294967293,16777212,4294967295,4289689850,254,4294965700,4294967295,243,4294967295,243,1770153400.6373484
4294967295,4294908070,4294967267,4294967295,4278321123,4294967295,11500693,4294967295,4278192580,4294967295,4294902003,4294967295,4294902003,1770153400.6383479
4294967295,4278196392,4278321144,4294967295,16777208,4294967295,4289694438,4294967295,4294965700,4294967295,4294967283,4294967295,4294967283,1770153400.6392932
4294967295,4294908072,4294967289,4294967295,4278321145,4294967295,11504334,4294967295,4294965700,4294967295,4294967283,4294967295,4294967283,1770153400.6401882
4294967295,4278196393,4278321099,4294967288,16777163,4294967295,4289697411,255,4294965700,4294967295,243,4294967295,243,1770153400.641103
4294967295,4278196394,4278321110,4294967288,16777174,4294967295,4289699233,4294967295,4294965700,4294967295,4278190323,4294967295,4278190323,1770153400.6419537
4294967292,4278196397,4278321138,4294967295,16777202,4294967295,4289703854,4294967292,4294965700,4294967295,4294902003,4294967295,4294902003,1770153400.6432853
4294967295,4278196448,4278320359,4294967295,16776423,4294967295,4289564328,255,4294965700,4294967295,243,4294967295,243,1770153400.6471114
4294967292,4278196450,130294,4294967040,16776438,4294967295,4289566920,16777212,4294965700,4294967295,4294967283,4294967295,4294967283,1770153400.648187
4294967293,4294908130,4294966519,4294967295,4278320375,4294967295,11376880,4294967293,4294965700,4294967295,4294967283,4294967295,4294967283,1770153400.6492782
4294967295,4278196450,4278320379,4294967293,16776443,4294967295,4289567632,255,4294965700,4294967295,243,4294967295,243,1770153400.650205
4294967295,4278196454,4278320361,4294967295,16776425,4294967295,4289575380,255,4294965700,4294967295,243,4294967295,243,1770153400.6511652
4294967295,4294908137,4294966403,4294967295,4278320259,4294967295,4289579761,4294967295,4294904260,4294967295,4294902003,4294967295,4294902003,1770153400.6522121
4294967294,4278196459,4278258848,4294967295,16776352,4294967295,4289584359,254,4294965700,4294967295,243,4294967295,243,1770153400.6531584
4294967295,4294908140,4294966442,4294967294,4278320298,4294967295,11396062,4294967295,4294965700,4294967295,4294902003,4294967295,4294902003,1770153400.6540864
4294967295,4278196463,4278320334,4294967289,16776398,4294967295,4289591980,4294967295,4294965700,4294967295,4278190323,4294967295,4278190323,1770153400.6550097
4294967295,4278196464,4278320341,4294967293,16776405,4294967295,4289593320,255,4294965700,4294967295,243,4294967295,243,1770153400.6558812
4294967295,4294908151,4294966755,4294967294,4278320611,4294967295,11415961,255,4294965700,4294967295,4294902003,4294967295,4294902003,1770153400.6567898
4294967292,4294908154,4294966724,4294967294,4278320580,4294967295,11421419,252,4294965700,4294967295,4294967283,4294967295,4294967283,1770153400.6576786
4294967295,4294908157,4294905313,4294967294,4278259169,4294967295,11458977,4294902015,4294904260,4294967295,4294967283,4294967295,4294967283,1770153400.6587021
4294967292,4294908157,4294966754,4294967295,4278320610,4294967295,11426505,4294967292,4294965700,4294967295,4294967283,4294967295,4294967283,1770153400.659644
4294967294,4278196477,4278320614,4294967295,16776678,4294967295,4289617129,254,4294965700,4294967295,243,4294967295,243,1770153400.660583
4294967295,4294908032,4294966658,4294967294,4278320514,4294967295,11431670,4294967295,4278192580,4294967295,4294967283,4294967295,4294967283,1770153400.661698
4294967292,4278196352,4278320518,4294967294,16776582,4294967295,4289622422,252,4278254020,4294967295,243,4294967295,243,1770153400.6627164
4294967294,4278196353,4278320528,4294967293,16776592,4294967295,4289624315,4294967294,4294965700,4294967295,4294902003,4294967295,4294902003,1770153400.6636984
4294967295,4278196355,4278320545,4294967295,16776609,4294967295,4289626877,4294967295,4294965700,4294967295,4294967283,4294967295,4294967283,1770153400.6647172
4294967295,4278196355,4278320547,4294967294,16776611,4294967295,4289627341,255,4294965700,4294967040,4294902003,4294967040,4294902003,1770153400.6656404
4294967295,4294908036,4294966703,4278255615,4278320559,4294967295,11439346,4294967295,4294965700,4294967295,4294967283,4294967295,4294967283,1770153400.6666632
4294967295,4278196356,4278320563,4294967295,16776627,4294967295,4289629874,255,4294965700,4294967295,4278190323,4294967295,4278190323,1770153400.6675923
4294967295,4278196357,4278320574,4294967295,16776638,4294967295,4289631695,4294967295,4294965700,4294902015,243,4294902015,243,1770153400.6684904
4294967295,4278196359,4278320595,4294967294,16776659,4294967295,4289635299,255,4294965700,4294967295,4278190323,4294967295,4278190323,1770153400.6693547
4294967292,4278196362,4278320626,4294967292,16776690,16777215,4289640426,252,4294965700,4294967295,243,4294967295,243,1770153400.670188
4294967295,4278196366,4278320895,4294967293,16776959,4294967295,4289647751,255,4294965700,4294967295,243,4294967295,243,1770153400.6710334
4294967293,4278196367,4278320873,4294967292,16776937,4294967295,4289649404,253,4294965700,4294967295,4294902003,4294967295,4294902003,1770153400.6718686
4294967295,4278196367,4278320875,4294967294,16776939,4294967295,4289649868,255,4294965700,4294967295,4278190323,4294967295,4278190323,1770153400.6727338
4294967295,4294908048,4294967030,4294967294,4278320886,4294967295,11461609,4294967295,4294965700,4294967295,4294967283,4294967295,4294967283,1770153400.6738334
4294967295,4294908049,4294967039,4294967292,130815,4294967295,11463157,4294902015,4294965700,4294967295,243,4294967295,243,1770153400.6758378
4294967292,4294908049,4294966976,4294967293,4278320832,4294967295,11463133,4294967292,4278192580,4294967295,4294902003,4294967295,4294902003,1770153400.6775813
4294967293,4294908051,4294966995,4294967294,4278320851,4294967295,11466495,4294902013,4294904260,4294967295,4294967283,4294967295,4294967283,1770153400.6790607
4294967295,4294908051,4294966996,4294967295,4278320852,4294967295,11466439,4294967295,4294965700,4294967295,4294967283,4294967295,4294967283,1770153400.6802921
4294967294,4278196371,4278320854,4294967293,16776918,4294967295,4289657079,254,4294965700,4294967295,4294967283,4294967295,4294967283,1770153400.6816423
4294967293,4278196372,4278320863,4294967295,16776927,4294967295,4289658339,4294967293,4294965700,4294967295,4294902003,4294967295,4294902003,1770153400.6830685
4294967294,4294908054,4294967028,4294967294,4278320884,4294967295,11471859,4294902014,4294965700,4294967295,243,4294967295,243,1770153400.6842043
4294967293,4294908055,4294967037,4294967295,4278320893,4294967295,11530751,4294902013,4278254020,4294967295,4294967283,4294967295,4294967283,1770153400.685153
4294967293,4294908055,4294966915,4294967294,4278320771,4294967295,11474418,4294967293,4294965700,4294967295,4294967283,4294967295,4294967283,1770153400.6861372
4294967295,4278196376,4278320784,4294967288,16776848,4294967295,4289666462,4294967295,4294965700,4294967295,243,4294967295,243,1770153400.6871672
4294967294,4278196378,4278320804,4294967294,16776868,4294967295,4289669767,254,4294965700,4294967295,243,4294967295,243,1770153400.688103
4294967292,4278196379,4278320812,4294967295,16776876,4294967295,4289671083,4294967292,16775620,4294967295,4294902003,4294967295,4294902003,1770153400.689069
4294967293,4294908059,16776883,4294967290,130739,4294901760,11482073,4294967293,4294966488,4294967295,4294902010,4294967295,4294902010,1770153400.6899612
4294967293,4294908061,4294966975,4294967295,4278320831,4294967295,11533290,4294902013,4278254020,4294967295,4294967283,4294967295,4294967283,1770153400.6910024
4294967295,4294908062,4294966988,4294967294,4278320844,4294967295,11486426,4294967295,4278192580,4294967295,4294967283,4294967295,4294967283,1770153400.6919632
4294967294,4278196384,4278320870,4294967294,16776934,4294967295,4289680882,254,4294965700,4294967295,243,4294967295,243,1770153400.6930032
4294967293,4278196385,4278320879,4294967292,16776943,4294967295,4289682174,253,4294965700,4294967295,4294902003,4294967295,4294902003,1770153400.693936
4294967295,4294908066,4294967033,4294967295,4278320889,4294967295,4289716724,4294967295,4278254020,4294967295,4294967283,4294967295,4294967283,1770153400.6949856
4294967294,4278196386,4278320894,4294967288,16776958,4294967295,4289684668,254,4294965700,4294967295,4278190323,4294967295,4278190323,1770153400.696209
4294967294,4294908068,4294967280,4294967292,4278321136,4294967295,11497685,4294902014,4278192580,4294967295,4294967283,4294967295,4294967283,1770153400.6971319
4294967295,4278196388,4278321140,4294967288,16777204,4294967295,4289688309,4294967295,4294965700,4294967295,243,4294967295,243,1770153400.698229
4294967293,4278196389,4278321145,4294967294,16777209,4294967295,4289689314,4294967293,4294965700,4294967295,4294902003,4294967295,4294902003,1770153400.6991363
4294967294,4278196389,4278321148,4294967293,16777212,4294967295,4289689850,254,4294965700,4294967295,243,4294967295,243,1770153400.7000601
4294967295,4294908070,4294967267,4294967295,4278321123,4294967295,11500693,4294967295,4278192580,4294967295,4294902003,4294967295,4294902003,1770153400.7009556
4294967295,4278196392,4278321144,4294967295,16777208,4294967295,4289694438,4294967295,4294965700,4294967295,4294967283,4294967295,4294967283,1770153400.7019136
4294967295,4294908072,4294967289,4294967295,4278321145,4294967295,11504334,4294967295,4294965700,4294967295,4294967283,4294967295,4294967283,1770153400.702824
4294967295,4278196393,4278321099,4294967288,16777163,4294967295,4289697411,255,4294965700,4294967295,243,4294967295,243,1770153400.7037857
4294967295,4278196394,4278321110,4294967288,16777174,4294967295,4289699233,4294967295,4294965700,4294967295,4278190323,4294967295,4278190323,1770153400.7047534
4294967292,4278196397,4278321138,4294967295,16777202,4294967295,4289703854,4294967292,4294965700,4294967295,4294902003,4294967295,4294902003,1770153400.705843
4294967294,4278196399,4278321038,4294967289,16777102,4294967295,4289708502,254,4278254020,4294967295,243,4294967295,243,1770153400.7069232
4294967295,4278196448,4278320359,4294967295,16776423,4294967295,4289564328,255,4294965700,4294967295,243,4294967295,243,1770153401.2059927
4294967292,4278196450,130294,4294967040,16776438,4294967295,4289566920,16777212,4294965700,4294967295,4294967283,4294967295,4294967283,1770153401.207046
4294967293,4294908130,4294966519,4294967295,4278320375,4294967295,11376880,4294967293,4294965700,4294967295,4294967283,4294967295,4294967283,1770153401.207966
4294967295,4278196450,4278320379,4294967293,16776443,4294967295,4289567632,255,4294965700,4294967295,243,4294967295,243,1770153401.209072
4294967295,4278196454,4278320361,4294967295,16776425,4294967295,4289575380,255,4294965700,4294967295,243,4294967295,243,1770153401.2102845
4294967295,4294908137,4294966403,4294967295,4278320259,4294967295,4289579761,4294967295,4294904260,4294967295,4294902003,4294967295,4294902003,1770153401.2112248
4294967294,4278196459,4278258848,4294967295,16776352,4294967295,4289584359,254,4294965700,4294967295,243,4294967295,243,1770153401.2121313
4294967295,4294908140,4294966442,4294967294,4278320298,4294967295,11396062,4294967295,4294965700,4294967295,4294902003,4294967295,4294902003,1770153401.2132213
4294967295,4278196463,4278320334,4294967289,16776398,4294967295,4289591980,4294967295,4294965700,4294967295,4278190323,4294967295,4278190323,1770153401.2141833
4294967295,4278196464,4278320341,4294967293,16776405,4294967295,4289593320,255,4294965700,4294967295,243,4294967295,243,1770153401.215102
4294967295,4294908151,4294966755,4294967294,4278320611,4294967295,11415961,255,4294965700,4294967295,4294902003,4294967295,4294902003,1770153401.2159595
4294967292,4294908154,4294966724,4294967294,4278320580,4294967295,11421419,252,4294965700,4294967295,4294967283,4294967295,4294967283,1770153401.216785
4294967295,4294908157,4294905313,4294967294,4278259169,4294967295,11458977,4294902015,4294904260,4294967295,4294967283,4294967295,4294967283,1770153401.2190692
4294967292,4294908157,4294966754,4294967295,4278320610,4294967295,11426505,4294967292,4294965700,4294967295,4294967283,4294967295,4294967283,1770153401.2207143
4294967294,4278196477,4278320614,4294967295,16776678,4294967295,4289617129,254,4294965700,4294967295,243,4294967295,243,1770153401.2218707
4294967295,4294908032,4294966658,4294967294,4278320514,4294967295,11431670,4294967295,4278192580,4294967295,4294967283,4294967295,4294967283,1770153401.2230756
4294967292,4278196352,4278320518,4294967294,16776582,4294967295,4289622422,252,4278254020,4294967295,243,4294967295,243,1770153401.224155
4294967294,4278196353,4278320528,4294967293,16776592,4294967295,4289624315,4294967294,4294965700,4294967295,4294902003,4294967295,4294902003,1770153401.2252915
4294967295,4278196355,4278320545,4294967295,16776609,4294967295,4289626877,4294967295,4294965700,4294967295,4294967283,4294967295,4294967283,1770153401.2264338
4294967295,4278196355,4278320547,4294967294,16776611,4294967295,4289627341,255,4294965700,4294967040,4294902003,4294967040,4294902003,1770153401.2275527
4294967295,4294908036,4294966703,4278255615,4278320559,4294967295,11439346,4294967295,4294965700,4294967295,4294967283,4294967295,4294967283,1770153401.2286975
4294967295,4278196356,4278320563,4294967295,16776627,4294967295,4289629874,255,4294965700,4294967295,4278190323,4294967295,4278190323,1770153401.229777
4294967295,4278196357,4278320574,4294967295,16776638,4294967295,4289631695,4294967295,4294965700,4294902015,243,4294902015,243,1770153401.2309234
4294967295,4278196359,4278320595,4294967294,16776659,4294967295,4289635299,255,4294965700,4294967295,4278190323,4294967295,4278190323,1770153401.2319324
4294967292,4278196362,4278320626,4294967292,16776690,16777215,4289640426,252,4294965700,4294967295,243,4294967295,243,1770153401.232951
4294967295,4278196366,4278320895,4294967293,16776959,4294967295,4289647751,255,4294965700,4294967295,243,4294967295,243,1770153401.2339087
4294967293,4278196367,4278320873,4294967292,16776937,4294967295,4289649404,253,4294965700,4294967295,4294902003,4294967295,4294902003,1770153401.2348557
4294967295,4278196367,4278320875,4294967294,16776939,4294967295,4289649868,255,4294965700,4294967295,4278190323,4294967295,4278190323,1770153401.2359416
4294967295,4294908048,4294967030,4294967294,4278320886,4294967295,11461609,4294967295,4294965700,4294967295,4294967283,4294967295,4294967283,1770153401.2368066
4294967295,4294908049,4294967039,4294967292,130815,4294967295,11463157,4294902015,4294965700,4294967295,243,4294967295,243,1770153401.2393186
4294967292,4294908049,4294966976,4294967293,4278320832,4294967295,11463133,4294967292,4278192580,4294967295,4294902003,4294967295,4294902003,1770153401.2404265
4294967293,4294908051,4294966995,4294967294,4278320851,4294967295,11466495,4294902013,4294904260,4294967295,4294967283,4294967295,4294967283,1770153401.2414205
4294967295,4294908051,4294966996,4294967295,4278320852,4294967295,11466439,4294967295,4294965700,4294967295,4294967283,4294967295,4294967283,1770153401.2423296
4294967294,4278196371,4278320854,4294967293,16776918,4294967295,4289657079,254,4294965700,4294967295,4294967283,4294967295,4294967283,1770153401.2432961
4294967293,4278196372,4278320863,4294967295,16776927,4294967295,4289658339,4294967293,4294965700,4294967295,4294902003,4294967295,4294902003,1770153401.2443054
4294967294,4294908054,4294967028,4294967294,4278320884,4294967295,11471859,4294902014,4294965700,4294967295,243,4294967295,243,1770153401.2452233
4294967293,4294908055,4294967037,4294967295,4278320893,4294967295,11530751,4294902013,4278254020,4294967295,4294967283,4294967295,4294967283,1770153401.246213
4294967293,4294908055,4294966915,4294967294,4278320771,4294967295,11474418,4294967293,4294965700,4294967295,4294967283,4294967295,4294967283,1770153401.2471926
4294967295,4278196376,4278320784,4294967288,16776848,4294967295,4289666462,4294967295,4294965700,4294967295,243,4294967295,243,1770153401.24809
4294967294,4278196378,4278320804,4294967294,16776868,4294967295,4289669767,254,4294965700,4294967295,243,4294967295,243,1770153401.2489693
4294967292,4278196379,4278320812,4294967295,16776876,4294967295,4289671083,4294967292,16775620,4294967295,4294902003,4294967295,4294902003,1770153401.2498212
4294967293,4294908059,16776883,4294967290,130739,4294901760,11482073,4294967293,4294966488,4294967295,4294902010,4294967295,4294902010,1770153401.2507164
4294967293,4294908061,4294966975,4294967295,4278320831,4294967295,11533290,4294902013,4278254020,4294967295,4294967283,4294967295,4294967283,1770153401.251681
4294967295,4294908062,4294966988,4294967294,4278320844,4294967295,11486426,4294967295,4278192580,4294967295,4294967283,4294967295,4294967283,1770153401.2528124
4294967294,4278196384,4278320870,4294967294,16776934,4294967295,4289680882,254,4294965700,4294967295,243,4294967295,243,1770153401.2537706
4294967293,4278196385,4278320879,4294967292,16776943,4294967295,4289682174,253,4294965700,4294967295,4294902003,4294967295,4294902003,1770153401.2547195
4294967295,4294908066,4294967033,4294967295,4278320889,4294967295,4289716724,4294967295,4278254020,4294967295,4294967283,4294967295,4294967283,1770153401.2556336
4294967294,4278196386,4278320894,4294967288,16776958,4294967295,4289684668,254,4294965700,4294967295,4278190323,4294967295,4278190323,1770153401.2565696
4294967294,4294908068,4294967280,4294967292,4278321136,4294967295,11497685,4294902014,4278192580,4294967295,4294967283,4294967295,4294967283,1770153401.257394
4294967295,4278196388,4278321140,4294967288,16777204,4294967295,4289688309,4294967295,4294965700,4294967295,243,4294967295,243,1770153401.258324
4294967293,4278196389,4278321145,4294967294,16777209,4294967295,4289689314,4294967293,4294965700,4294967295,4294902003,4294967295,4294902003,1770153401.2593145
4294967294,4278196389,4278321148,4294967293,16777212,4294967295,4289689850,254,4294965700,4294967295,243,4294967295,243,1770153401.260287
4294967295,4294908070,4294967267,4294967295,4278321123,4294967295,11500693,4294967295,4278192580,4294967295,4294902003,4294967295,4294902003,1770153401.26123
4294967295,4278196392,4278321144,4294967295,16777208,4294967295,4289694438,4294967295,4294965700,4294967295,4294967283,4294967295,4294967283,1770153401.262166
4294967295,4294908072,4294967289,4294967295,4278321145,4294967295,11504334,4294967295,4294965700,4294967295,4294967283,4294967295,4294967283,1770153401.2634282
4294967295,4278196393,4278321099,4294967288,16777163,4294967295,4289697411,255,4294965700,4294967295,243,4294967295,243,1770153401.2644525
4294967295,4278196394,4278321110,4294967288,16777174,4294967295,4289699233,4294967295,4294965700,4294967295,4278190323,4294967295,4278190323,1770153401.2653773
4294967292,4278196397,4278321138,4294967295,16777202,4294967295,4289703854,4294967292,4294965700,4294967295,4294902003,4294967295,4294902003,1770153401.2663085
4294967294,4278196399,4278321038,4294967289,16777102,4294967295,4289708502,254,4278254020,4294967295,243,4294967295,243,1770153401.2673671
4294967295,4278196400,4278321048,4294967288,16777112,4294967295,4289710282,4294967295,4294965700,4294967295,4278190323,4294967295,4278190323,1770153401.2684288
4294967295,4278196448,4278320359,4294967295,16776423,4294967295,4289564328,255,4294965700,4294967295,243,4294967295,243,1770153401.3442807
4294967292,4278196450,130294,4294967040,16776438,4294967295,4289566920,16777212,4294965700,4294967295,4294967283,4294967295,4294967283,1770153401.345481
4294967293,4294908130,4294966519,4294967295,4278320375,4294967295,11376880,4294967293,4294965700,4294967295,4294967283,4294967295,4294967283,1770153401.3465865
4294967295,4278196450,4278320379,4294967293,16776443,4294967295,4289567632,255,4294965700,4294967295,243,4294967295,243,1770153401.3475604
4294967295,4278196454,4278320361,4294967295,16776425,4294967295,4289575380,255,4294965700,4294967295,243,4294967295,243,1770153401.3485248
4294967295,4294908137,4294966403,4294967295,4278320259,4294967295,4289579761,4294967295,4294904260,4294967295,4294902003,4294967295,4294902003,1770153401.3495185
4294967294,4278196459,4278258848,4294967295,16776352,4294967295,4289584359,254,4294965700,4294967295,243,4294967295,243,1770153401.3504522
4294967295,4294908140,4294966442,4294967294,4278320298,4294967295,11396062,4294967295,4294965700,4294967295,4294902003,4294967295,4294902003,1770153401.3513913
4294967295,4278196463,4278320334,4294967289,16776398,4294967295,4289591980,4294967295,4294965700,4294967295,4278190323,4294967295,4278190323,1770153401.3523571
4294967295,4278196464,4278320341,4294967293,16776405,4294967295,4289593320,255,4294965700,4294967295,243,4294967295,243,1770153401.3532934
4294967295,4294908151,4294966755,4294967294,4278320611,4294967295,11415961,255,4294965700,4294967295,4294902003,4294967295,4294902003,1770153401.3542643
4294967292,4294908154,4294966724,4294967294,4278320580,4294967295,11421419,252,4294965700,4294967295,4294967283,4294967295,4294967283,1770153401.3551486
4294967295,4294908157,4294905313,4294967294,4278259169,4294967295,11458977,4294902015,4294904260,4294967295,4294967283,4294967295,4294967283,1770153401.356176
4294967292,4294908157,4294966754,4294967295,4278320610,4294967295,11426505,4294967292,4294965700,4294967295,4294967283,4294967295,4294967283,1770153401.3570712
4294967294,4278196477,4278320614,4294967295,16776678,4294967295,4289617129,254,4294965700,4294967295,243,4294967295,243,1770153401.3580682
4294967295,4294908032,4294966658,4294967294,4278320514,4294967295,11431670,4294967295,4278192580,4294967295,4294967283,4294967295,4294967283,1770153401.3589199
4294967292,4278196352,4278320518,4294967294,16776582,4294967295,4289622422,252,4278254020,4294967295,243,4294967295,243,1770153401.3599741
4294967294,4278196353,4278320528,4294967293,16776592,4294967295,4289624315,4294967294,4294965700,4294967295,4294902003,4294967295,4294902003,1770153401.361003
4294967295,4278196355,4278320545,4294967295,16776609,4294967295,4289626877,4294967295,4294965700,4294967295,4294967283,4294967295,4294967283,1770153401.3619802
4294967295,4278196355,4278320547,4294967294,16776611,4294967295,4289627341,255,4294965700,4294967040,4294902003,4294967040,4294902003,1770153401.3630269
4294967295,4294908036,4294966703,4278255615,4278320559,4294967295,11439346,4294967295,4294965700,4294967295,4294967283,4294967295,4294967283,1770153401.363907
4294967295,4278196356,4278320563,4294967295,16776627,4294967295,4289629874,255,4294965700,4294967295,4278190323,4294967295,4278190323,1770153401.3649626
4294967295,4278196357,4278320574,4294967295,16776638,4294967295,4289631695,4294967295,4294965700,4294902015,243,4294902015,243,1770153401.3660057
4294967295,4278196359,4278320595,4294967294,16776659,4294967295,4289635299,255,4294965700,4294967295,4278190323,4294967295,4278190323,1770153401.3670146
4294967292,4278196362,4278320626,4294967292,16776690,16777215,4289640426,252,4294965700,4294967295,243,4294967295,243,1770153401.3679314
4294967295,4278196366,4278320895,4294967293,16776959,4294967295,4289647751,255,4294965700,4294967295,243,4294967295,243,1770153401.3688965
4294967293,4278196367,4278320873,4294967292,16776937,4294967295,4289649404,253,4294965700,4294967295,4294902003,4294967295,4294902003,1770153401.369814
4294967295,4278196367,4278320875,4294967294,16776939,4294967295,4289649868,255,4294965700,4294967295,4278190323,4294967295,4278190323,1770153401.3706975
4294967295,4294908048,4294967030,4294967294,4278320886,4294967295,11461609,4294967295,4294965700,4294967295,4294967283,4294967295,4294967283,1770153401.3715837
4294967295,4294908049,4294967039,4294967292,130815,4294967295,11463157,4294902015,4294965700,4294967295,243,4294967295,243,1770153401.3724482
4294967292,4294908049,4294966976,4294967293,4278320832,4294967295,11463133,4294967292,4278192580,4294967295,4294902003,4294967295,4294902003,1770153401.3733563
4294967293,4294908051,4294966995,4294967294,4278320851,4294967295,11466495,4294902013,4294904260,4294967295,4294967283,4294967295,4294967283,1770153401.3743072
4294967295,4294908051,4294966996,4294967295,4278320852,4294967295,11466439,4294967295,4294965700,4294967295,4294967283,4294967295,4294967283,1770153401.3752153
4294967294,4278196371,4278320854,4294967293,16776918,4294967295,4289657079,254,4294965700,4294967295,4294967283,4294967295,4294967283,1770153401.3763185
4294967293,4278196372,4278320863,4294967295,16776927,4294967295,4289658339,4294967293,4294965700,4294967295,4294902003,4294967295,4294902003,1770153401.3773916
4294967294,4294908054,4294967028,4294967294,4278320884,4294967295,11471859,4294902014,4294965700,4294967295,243,4294967295,243,1770153401.3785694
4294967293,4294908055,4294967037,4294967295,4278320893,4294967295,11530751,4294902013,4278254020,4294967295,4294967283,4294967295,4294967283,1770153401.3795583
4294967293,4294908055,4294966915,4294967294,4278320771,4294967295,11474418,4294967293,4294965700,4294967295,4294967283,4294967295,4294967283,1770153401.3806508
4294967295,4278196376,4278320784,4294967288,16776848,4294967295,4289666462,4294967295,4294965700,4294967295,243,4294967295,243,1770153401.3816736
4294967294,4278196378,4278320804,4294967294,16776868,4294967295,4289669767,254,4294965700,4294967295,243,4294967295,243,1770153401.3826535
4294967292,4278196379,4278320812,4294967295,16776876,4294967295,4289671083,4294967292,16775620,4294967295,4294902003,4294967295,4294902003,1770153401.3836365
4294967293,4294908059,16776883,4294967290,130739,4294901760,11482073,4294967293,4294966488,4294967295,4294902010,4294967295,4294902010,1770153401.3846235
4294967293,4294908061,4294966975,4294967295,4278320831,4294967295,11533290,4294902013,4278254020,4294967295,4294967283,4294967295,4294967283,1770153401.3855462
4294967295,4294908062,4294966988,4294967294,4278320844,4294967295,11486426,4294967295,4278192580,4294967295,4294967283,4294967295,4294967283,1770153401.3864183
4294967294,4278196384,4278320870,4294967294,16776934,4294967295,4289680882,254,4294965700,4294967295,243,4294967295,243,1770153401.387301
4294967293,4278196385,4278320879,4294967292,16776943,4294967295,4289682174,253,4294965700,4294967295,4294902003,4294967295,4294902003,1770153401.3881555
4294967295,4294908066,4294967033,4294967295,4278320889,4294967295,4289716724,4294967295,4278254020,4294967295,4294967283,4294967295,4294967283,1770153401.388997
4294967294,4278196386,4278320894,4294967288,16776958,4294967295,4289684668,254,4294965700,4294967295,4278190323,4294967295,4278190323,1770153401.3898432
4294967294,4294908068,4294967280,4294967292,4278321136,4294967295,11497685,4294902014,4278192580,4294967295,4294967283,4294967295,4294967283,1770153401.3908353
4294967295,4278196388,4278321140,4294967288,16777204,4294967295,4289688309,4294967295,4294965700,4294967295,243,4294967295,243,1770153401.3923512
4294967293,4278196389,4278321145,4294967294,16777209,4294967295,4289689314,4294967293,4294965700,4294967295,4294902003,4294967295,4294902003,1770153401.3937075
4294967294,4278196389,4278321148,4294967293,16777212,4294967295,4289689850,254,4294965700,4294967295,243,4294967295,243,1770153401.3948245
4294967295,4294908070,4294967267,4294967295,4278321123,4294967295,11500693,4294967295,4278192580,4294967295,4294902003,4294967295,4294902003,1770153401.3958693
4294967295,4278196392,4278321144,4294967295,16777208,4294967295,4289694438,4294967295,4294965700,4294967295,4294967283,4294967295,4294967283,1770153401.397078
4294967295,4294908072,4294967289,4294967295,4278321145,4294967295,11504334,4294967295,4294965700,4294967295,4294967283,4294967295,4294967283,1770153401.3981688
4294967295,4278196393,4278321099,4294967288,16777163,4294967295,4289697411,255,4294965700,4294967295,243,4294967295,243,1770153401.399209
4294967295,4278196394,4278321110,4294967288,16777174,4294967295,4289699233,4294967295,4294965700,4294967295,4278190323,4294967295,4278190323,1770153401.4001253
4294967292,4278196397,4278321138,4294967295,16777202,4294967295,4289703854,4294967292,4294965700,4294967295,4294902003,4294967295,4294902003,1770153401.4010012
4294967294,4278196399,4278321038,4294967289,16777102,4294967295,4289708502,254,4278254020,4294967295,243,4294967295,243,1770153401.4019616
4294967295,4278196400,4278321048,4294967288,16777112,4294967295,4289710282,4294967295,4294965700,4294967295,4278190323,4294967295,4278190323,1770153401.4028616
4294967295,4294908084,4294967234,4294967294,4278321090,4294967295,11527147,4294967295,4294965700,4294967295,243,4294967295,243,1770153401.403766
4294967295,4278196448,4278320359,4294967295,16776423,4294967295,4289564328,255,4294965700,4294967295,243,4294967295,243,1770153401.4069734
4294967292,4278196450,130294,4294967040,16776438,4294967295,4289566920,16777212,4294965700,4294967295,4294967283,4294967295,4294967283,1770153401.4079707
4294967293,4294908130,4294966519,4294967295,4278320375,4294967295,11376880,4294967293,4294965700,4294967295,4294967283,4294967295,4294967283,1770153401.4088905
4294967295,4278196450,4278320379,4294967293,16776443,4294967295,4289567632,255,4294965700,4294967295,243,4294967295,243,1770153401.4098818
4294967295,4278196454,4278320361,4294967295,16776425,4294967295,4289575380,255,4294965700,4294967295,243,4294967295,243,1770153401.410894
4294967295,4294908137,4294966403,4294967295,4278320259,4294967295,4289579761,4294967295,4294904260,4294967295,4294902003,4294967295,4294902003,1770153401.4119093
4294967294,4278196459,4278258848,4294967295,16776352,4294967295,4289584359,254,4294965700,4294967295,243,4294967295,243,1770153401.4128435
4294967295,4294908140,4294966442,4294967294,4278320298,4294967295,11396062,4294967295,4294965700,4294967295,4294902003,4294967295,4294902003,1770153401.413758
4294967295,4278196463,4278320334,4294967289,16776398,4294967295,4289591980,4294967295,4294965700,4294967295,4278190323,4294967295,4278190323,1770153401.4161294
4294967295,4278196464,4278320341,4294967293,16776405,4294967295,4289593320,255,4294965700,4294967295,243,4294967295,243,1770153401.417078
4294967295,4294908151,4294966755,4294967294,4278320611,4294967295,11415961,255,4294965700,4294967295,4294902003,4294967295,4294902003,1770153401.4180343
4294967292,4294908154,4294966724,4294967294,4278320580,4294967295,11421419,252,4294965700,4294967295,4294967283,4294967295,4294967283,1770153401.419001
4294967295,4294908157,4294905313,4294967294,4278259169,4294967295,11458977,4294902015,4294904260,4294967295,4294967283,4294967295,4294967283,1770153401.4199557
4294967292,4294908157,4294966754,4294967295,4278320610,4294967295,11426505,4294967292,4294965700,4294967295,4294967283,4294967295,4294967283,1770153401.420866
4294967294,4278196477,4278320614,4294967295,16776678,4294967295,4289617129,254,4294965700,4294967295,243,4294967295,243,1770153401.4217963
4294967295,4294908032,4294966658,4294967294,4278320514,4294967295,11431670,4294967295,4278192580,4294967295,4294967283,4294967295,4294967283,1770153401.4228492
4294967292,4278196352,4278320518,4294967294,16776582,4294967295,4289622422,252,4278254020,4294967295,243,4294967295,243,1770153401.4239824
4294967294,4278196353,4278320528,4294967293,16776592,4294967295,4289624315,4294967294,4294965700,4294967295,4294902003,4294967295,4294902003,1770153401.424997
4294967295,4278196355,4278320545,4294967295,16776609,4294967295,4289626877,4294967295,4294965700,4294967295,4294967283,4294967295,4294967283,1770153401.4259222
4294967295,4278196355,4278320547,4294967294,16776611,4294967295,4289627341,255,4294965700,4294967040,4294902003,4294967040,4294902003,1770153401.4268217
4294967295,4294908036,4294966703,4278255615,4278320559,4294967295,11439346,4294967295,4294965700,4294967295,4294967283,4294967295,4294967283,1770153401.4286962
4294967295,4278196356,4278320563,4294967295,16776627,4294967295,4289629874,255,4294965700,4294967295,4278190323,4294967295,4278190323,1770153401.429768
4294967295,4278196357,4278320574,4294967295,16776638,4294967295,4289631695,4294967295,4294965700,4294902015,243,4294902015,243,1770153401.4306738
4294967295,4278196359,4278320595,4294967294,16776659,4294967295,4289635299,255,4294965700,4294967295,4278190323,4294967295,4278190323,1770153401.431566
4294967292,4278196362,4278320626,4294967292,16776690,16777215,4289640426,252,4294965700,4294967295,243,4294967295,243,1770153401.4325454
4294967295,4278196366,4278320895,4294967293,16776959,4294967295,4289647751,255,4294965700,4294967295,243,4294967295,243,1770153401.4334853
4294967293,4278196367,4278320873,4294967292,16776937,4294967295,4289649404,253,4294965700,4294967295,4294902003,4294967295,4294902003,1770153401.4343643
4294967295,4278196367,4278320875,4294967294,16776939,4294967295,4289649868,255,4294965700,4294967295,4278190323,4294967295,4278190323,1770153401.43522
4294967295,4294908048,4294967030,4294967294,4278320886,4294967295,11461609,4294967295,4294965700,4294967295,4294967283,4294967295,4294967283,1770153401.4360983
4294967295,4294908049,4294967039,4294967292,130815,4294967295,11463157,4294902015,4294965700,4294967295,243,4294967295,243,1770153401.4370556
4294967292,4294908049,4294966976,4294967293,4278320832,4294967295,11463133,4294967292,4278192580,4294967295,4294902003,4294967295,4294902003,1770153401.4381087
4294967293,4294908051,4294966995,4294967294,4278320851,4294967295,11466495,4294902013,4294904260,4294967295,4294967283,4294967295,4294967283,1770153401.4395223
4294967295,4294908051,4294966996,4294967295,4278320852,4294967295,11466439,4294967295,4294965700,4294967295,4294967283,4294967295,4294967283,1770153401.4408865
4294967294,4278196371,4278320854,4294967293,16776918,4294967295,4289657079,254,4294965700,4294967295,4294967283,4294967295,4294967283,1770153401.4424763
4294967293,4278196372,4278320863,4294967295,16776927,4294967295,4289658339,4294967293,4294965700,4294967295,4294902003,4294967295,4294902003,1770153401.444016
4294967294,4294908054,4294967028,4294967294,4278320884,4294967295,11471859,4294902014,4294965700,4294967295,243,4294967295,243,1770153401.4451065
4294967293,4294908055,4294967037,4294967295,4278320893,4294967295,11530751,4294902013,4278254020,4294967295,4294967283,4294967295,4294967283,1770153401.446186
4294967293,4294908055,4294966915,4294967294,4278320771,4294967295,11474418,4294967293,4294965700,4294967295,4294967283,4294967295,4294967283,1770153401.447169
4294967295,4278196376,4278320784,4294967288,16776848,4294967295,4289666462,4294967295,4294965700,4294967295,243,4294967295,243,1770153401.4481041
4294967294,4278196378,4278320804,4294967294,16776868,4294967295,4289669767,254,4294965700,4294967295,243,4294967295,243,1770153401.4490087
4294967292,4278196379,4278320812,4294967295,16776876,4294967295,4289671083,4294967292,16775620,4294967295,4294902003,4294967295,4294902003,1770153401.44989
4294967293,4294908059,16776883,4294967290,130739,4294901760,11482073,4294967293,4294966488,4294967295,4294902010,4294967295,4294902010,1770153401.4507554
4294967293,4294908061,4294966975,4294967295,4278320831,4294967295,11533290,4294902013,4278254020,4294967295,4294967283,4294967295,4294967283,1770153401.4519093
4294967295,4294908062,4294966988,4294967294,4278320844,4294967295,11486426,4294967295,4278192580,4294967295,4294967283,4294967295,4294967283,1770153401.4531689
4294967294,4278196384,4278320870,4294967294,16776934,4294967295,4289680882,254,4294965700,4294967295,243,4294967295,243,1770153401.4542885
4294967293,4278196385,4278320879,4294967292,16776943,4294967295,4289682174,253,4294965700,4294967295,4294902003,4294967295,4294902003,1770153401.4553883
4294967295,4294908066,4294967033,4294967295,4278320889,4294967295,4289716724,4294967295,4278254020,4294967295,4294967283,4294967295,4294967283,1770153401.4563568
4294967294,4278196386,4278320894,4294967288,16776958,4294967295,4289684668,254,4294965700,4294967295,4278190323,4294967295,4278190323,1770153401.457403
4294967294,4294908068,4294967280,4294967292,4278321136,4294967295,11497685,4294902014,4278192580,4294967295,4294967283,4294967295,4294967283,1770153401.4585493
4294967295,4278196388,4278321140,4294967288,16777204,4294967295,4289688309,4294967295,4294965700,4294967295,243,4294967295,243,1770153401.4594922
4294967293,4278196389,4278321145,4294967294,16777209,4294967295,4289689314,4294967293,4294965700,4294967295,4294902003,4294967295,4294902003,1770153401.4604511
4294967294,4278196389,4278321148,4294967293,16777212,4294967295,4289689850,254,4294965700,4294967295,243,4294967295,243,1770153401.4615352
4294967295,4294908070,4294967267,4294967295,4278321123,4294967295,11500693,4294967295,4278192580,4294967295,4294902003,4294967295,4294902003,1770153401.4624557
4294967295,4278196392,4278321144,4294967295,16777208,4294967295,4289694438,4294967295,4294965700,4294967295,4294967283,4294967295,4294967283,1770153401.4634078
4294967295,4294908072,4294967289,4294967295,4278321145,4294967295,11504334,4294967295,4294965700,4294967295,4294967283,4294967295,4294967283,1770153401.464826
4294967295,4278196393,4278321099,4294967288,16777163,4294967295,4289697411,255,4294965700,4294967295,243,4294967295,243,1770153401.465798
4294967295,4278196394,4278321110,4294967288,16777174,4294967295,4289699233,4294967295,4294965700,4294967295,4278190323,4294967295,4278190323,1770153401.4667616
4294967292,4278196397,4278321138,4294967295,16777202,4294967295,4289703854,4294967292,4294965700,4294967295,4294902003,4294967295,4294902003,1770153401.4677448
4294967294,4278196399,4278321038,4294967289,16777102,4294967295,4289708502,254,4278254020,4294967295,243,4294967295,243,1770153401.4686866
4294967295,4278196400,4278321048,4294967288,16777112,4294967295,4289710282,4294967295,4294965700,4294967295,4278190323,4294967295,4278190323,1770153401.4700973
4294967295,4294908084,4294967234,4294967294,4278321090,4294967295,11527147,4294967295,4294965700,4294967295,243,4294967295,243,1770153401.471167
4294967295,4278196406,4278321109,4294967295,16777173,4294967295,4289720235,4294967295,4294965700,4294967295,16711923,4294967295,16711923,1770153401.4721303
4294967295,4278196448,4278320359,4294967295,16776423,4294967295,4289564328,255,4294965700,4294967295,243,4294967295,243,1770153401.4755297
4294967292,4278196450,130294,4294967040,16776438,4294967295,4289566920,16777212,4294965700,4294967295,4294967283,4294967295,4294967283,1770153401.4770532
4294967293,4294908130,4294966519,4294967295,4278320375,4294967295,11376880,4294967293,4294965700,4294967295,4294967283,4294967295,4294967283,1770153401.4780705
4294967295,4278196450,4278320379,4294967293,16776443,4294967295,4289567632,255,4294965700,4294967295,243,4294967295,243,1770153401.478989
4294967295,4278196454,4278320361,4294967295,16776425,4294967295,4289575380,255,4294965700,4294967295,243,4294967295,243,1770153401.4799995
4294967295,4294908137,4294966403,4294967295,4278320259,4294967295,4289579761,4294967295,4294904260,4294967295,4294902003,4294967295,4294902003,1770153401.480962
4294967294,4278196459,4278258848,4294967295,16776352,4294967295,4289584359,254,4294965700,4294967295,243,4294967295,243,1770153401.4818273
4294967295,4294908140,4294966442,4294967294,4278320298,4294967295,11396062,4294967295,4294965700,4294967295,4294902003,4294967295,4294902003,1770153401.4827514
4294967295,4278196463,4278320334,4294967289,16776398,4294967295,4289591980,4294967295,4294965700,4294967295,4278190323,4294967295,4278190323,1770153401.4839175
4294967295,4278196464,4278320341,4294967293,16776405,4294967295,4289593320,255,4294965700,4294967295,243,4294967295,243,1770153401.4851344
4294967295,4294908151,4294966755,4294967294,4278320611,4294967295,11415961,255,4294965700,4294967295,4294902003,4294967295,4294902003,1770153401.4860823
4294967292,4294908154,4294966724,4294967294,4278320580,4294967295,11421419,252,4294965700,4294967295,4294967283,4294967295,4294967283,1770153401.487232
4294967295,4294908157,4294905313,4294967294,4278259169,4294967295,11458977,4294902015,4294904260,4294967295,4294967283,4294967295,4294967283,1770153401.4881203
4294967292,4294908157,4294966754,4294967295,4278320610,4294967295,11426505,4294967292,4294965700,4294967295,4294967283,4294967295,4294967283,1770153401.4891872
4294967294,4278196477,4278320614,4294967295,16776678,4294967295,4289617129,254,4294965700,4294967295,243,4294967295,243,1770153401.4903152
4294967295,4294908032,4294966658,4294967294,4278320514,4294967295,11431670,4294967295,4278192580,4294967295,4294967283,4294967295,4294967283,1770153401.491303
4294967292,4278196352,4278320518,4294967294,16776582,4294967295,4289622422,252,4278254020,4294967295,243,4294967295,243,1770153401.492256
4294967294,4278196353,4278320528,4294967293,16776592,4294967295,4289624315,4294967294,4294965700,4294967295,4294902003,4294967295,4294902003,1770153401.4934573
4294967295,4278196355,4278320545,4294967295,16776609,4294967295,4289626877,4294967295,4294965700,4294967295,4294967283,4294967295,4294967283,1770153401.494599
4294967295,4278196355,4278320547,4294967294,16776611,4294967295,4289627341,255,4294965700,4294967040,4294902003,4294967040,4294902003,1770153401.4955642
4294967295,4294908036,4294966703,4278255615,4278320559,4294967295,11439346,4294967295,4294965700,4294967295,4294967283,4294967295,4294967283,1770153401.4964862
4294967295,4278196356,4278320563,4294967295,16776627,4294967295,4289629874,255,4294965700,4294967295,4278190323,4294967295,4278190323,1770153401.4975011
4294967295,4278196357,4278320574,4294967295,16776638,4294967295,4289631695,4294967295,4294965700,4294902015,243,4294902015,243,1770153401.4985676
4294967295,4278196359,4278320595,4294967294,16776659,4294967295,4289635299,255,4294965700,4294967295,4278190323,4294967295,4278190323,1770153401.4995143
4294967292,4278196362,4278320626,4294967292,16776690,16777215,4289640426,252,4294965700,4294967295,243,4294967295,243,1770153401.5004344
4294967295,4278196366,4278320895,4294967293,16776959,4294967295,4289647751,255,4294965700,4294967295,243,4294967295,243,1770153401.5014489
4294967293,4278196367,4278320873,4294967292,16776937,4294967295,4289649404,253,4294965700,4294967295,4294902003,4294967295,4294902003,1770153401.5024345
4294967295,4278196367,4278320875,4294967294,16776939,4294967295,4289649868,255,4294965700,4294967295,4278190323,4294967295,4278190323,1770153401.503396
4294967295,4294908048,4294967030,4294967294,4278320886,4294967295,11461609,4294967295,4294965700,4294967295,4294967283,4294967295,4294967283,1770153401.5043085
4294967295,4294908049,4294967039,4294967292,130815,4294967295,11463157,4294902015,4294965700,4294967295,243,4294967295,243,1770153401.5051963
4294967292,4294908049,4294966976,4294967293,4278320832,4294967295,11463133,4294967292,4278192580,4294967295,4294902003,4294967295,4294902003,1770153401.506067
4294967293,4294908051,4294966995,4294967294,4278320851,4294967295,11466495,4294902013,4294904260,4294967295,4294967283,4294967295,4294967283,1770153401.5069737
4294967295,4294908051,4294966996,4294967295,4278320852,4294967295,11466439,4294967295,4294965700,4294967295,4294967283,4294967295,4294967283,1770153401.508001
4294967294,4278196371,4278320854,4294967293,16776918,4294967295,4289657079,254,4294965700,4294967295,4294967283,4294967295,4294967283,1770153401.508985
4294967293,4278196372,4278320863,4294967295,16776927,4294967295,4289658339,4294967293,4294965700,4294967295,4294902003,4294967295,4294902003,1770153401.5098803
4294967294,4294908054,4294967028,4294967294,4278320884,4294967295,11471859,4294902014,4294965700,4294967295,243,4294967295,243,1770153401.5109582
4294967293,4294908055,4294967037,4294967295,4278320893,4294967295,11530751,4294902013,4278254020,4294967295,4294967283,4294967295,4294967283,1770153401.5118139
4294967293,4294908055,4294966915,4294967294,4278320771,4294967295,11474418,4294967293,4294965700,4294967295,4294967283,4294967295,4294967283,1770153401.5130193
4294967295,4278196376,4278320784,4294967288,16776848,4294967295,4289666462,4294967295,4294965700,4294967295,243,4294967295,243,1770153401.5140102
4294967294,4278196378,4278320804,4294967294,16776868,4294967295,4289669767,254,4294965700,4294967295,243,4294967295,243,1770153401.5149832
4294967292,4278196379,4278320812,4294967295,16776876,4294967295,4289671083,4294967292,16775620,4294967295,4294902003,4294967295,4294902003,1770153401.515961
4294967293,4294908059,16776883,4294967290,130739,4294901760,11482073,4294967293,4294966488,4294967295,4294902010,4294967295,4294902010,1770153401.517046
4294967293,4294908061,4294966975,4294967295,4278320831,4294967295,11533290,4294902013,4278254020,4294967295,4294967283,4294967295,4294967283,1770153401.5180006
4294967295,4294908062,4294966988,4294967294,4278320844,4294967295,11486426,4294967295,4278192580,4294967295,4294967283,4294967295,4294967283,1770153401.518979
4294967294,4278196384,4278320870,4294967294,16776934,4294967295,4289680882,254,4294965700,4294967295,243,4294967295,243,1770153401.5203176
4294967293,4278196385,4278320879,4294967292,16776943,4294967295,4289682174,253,4294965700,4294967295,4294902003,4294967295,4294902003,1770153401.5212345
4294967295,4294908066,4294967033,4294967295,4278320889,4294967295,4289716724,4294967295,4278254020,4294967295,4294967283,4294967295,4294967283,1770153401.5235522
4294967294,4278196386,4278320894,4294967288,16776958,4294967295,4289684668,254,4294965700,4294967295,4278190323,4294967295,4278190323,1770153401.5244699
4294967294,4294908068,4294967280,4294967292,4278321136,4294967295,11497685,4294902014,4278192580,4294967295,4294967283,4294967295,4294967283,1770153401.5253472
4294967295,4278196388,4278321140,4294967288,16777204,4294967295,4289688309,4294967295,4294965700,4294967295,243,4294967295,243,1770153401.5265183
4294967293,4278196389,4278321145,4294967294,16777209,4294967295,4289689314,4294967293,4294965700,4294967295,4294902003,4294967295,4294902003,1770153401.5276933
4294967294,4278196389,4278321148,4294967293,16777212,4294967295,4289689850,254,4294965700,4294967295,243,4294967295,243,1770153401.5286806
4294967295,4294908070,4294967267,4294967295,4278321123,4294967295,11500693,4294967295,4278192580,4294967295,4294902003,4294967295,4294902003,1770153401.5295877
4294967295,4278196392,4278321144,4294967295,16777208,4294967295,4289694438,4294967295,4294965700,4294967295,4294967283,4294967295,4294967283,1770153401.5306115
4294967295,4294908072,4294967289,4294967295,4278321145,4294967295,11504334,4294967295,4294965700,4294967295,4294967283,4294967295,4294967283,1770153401.5320637
4294967295,4278196393,4278321099,4294967288,16777163,4294967295,4289697411,255,4294965700,4294967295,243,4294967295,243,1770153401.533056
4294967295,4278196394,4278321110,4294967288,16777174,4294967295,4289699233,4294967295,4294965700,4294967295,4278190323,4294967295,4278190323,1770153401.5341632
4294967292,4278196397,4278321138,4294967295,16777202,4294967295,4289703854,4294967292,4294965700,4294967295,4294902003,4294967295,4294902003,1770153401.5351434
4294967294,4278196399,4278321038,4294967289,16777102,4294967295,4289708502,254,4278254020,4294967295,243,4294967295,243,1770153401.5366101
4294967295,4278196400,4278321048,4294967288,16777112,4294967295,4289710282,4294967295,4294965700,4294967295,4278190323,4294967295,4278190323,1770153401.5376115
4294967295,4294908084,4294967234,4294967294,4278321090,4294967295,11527147,4294967295,4294965700,4294967295,243,4294967295,243,1770153401.5388956
4294967295,4278196406,4278321109,4294967295,16777173,4294967295,4289720235,4294967295,4294965700,4294967295,16711923,4294967295,16711923,1770153401.5400586
4294967294,4278196406,4278321110,4294967292,16777174,4294967295,4289720531,4278190082,63940,4294967295,65523,4294967295,65523,1770153401.541082
4294967295,4278196448,4278320359,4294967295,16776423,4294967295,4289564328,255,4294965700,4294967295,243,4294967295,243,1770153401.544897
4294967292,4278196450,130294,4294967040,16776438,4294967295,4289566920,16777212,4294965700,4294967295,4294967283,4294967295,4294967283,1770153401.545892
4294967293,4294908130,4294966519,4294967295,4278320375,4294967295,11376880,4294967293,4294965700,4294967295,4294967283,4294967295,4294967283,1770153401.5469534
4294967295,4278196450,4278320379,4294967293,16776443,4294967295,4289567632,255,4294965700,4294967295,243,4294967295,243,1770153401.548008
4294967295,4278196454,4278320361,4294967295,16776425,4294967295,4289575380,255,4294965700,4294967295,243,4294967295,243,1770153401.5490053
4294967295,4294908137,4294966403,4294967295,4278320259,4294967295,4289579761,4294967295,4294904260,4294967295,4294902003,4294967295,4294902003,1770153401.5498657
4294967294,4278196459,4278258848,4294967295,16776352,4294967295,4289584359,254,4294965700,4294967295,243,4294967295,243,1770153401.5507936
4294967295,4294908140,4294966442,4294967294,4278320298,4294967295,11396062,4294967295,4294965700,4294967295,4294902003,4294967295,4294902003,1770153401.5521681
4294967295,4278196463,4278320334,4294967289,16776398,4294967295,4289591980,4294967295,4294965700,4294967295,4278190323,4294967295,4278190323,1770153401.5532963
4294967295,4278196464,4278320341,4294967293,16776405,4294967295,4289593320,255,4294965700,4294967295,243,4294967295,243,1770153401.5544448
4294967295,4294908151,4294966755,4294967294,4278320611,4294967295,11415961,255,4294965700,4294967295,4294902003,4294967295,4294902003,1770153401.5554652
4294967292,4294908154,4294966724,4294967294,4278320580,4294967295,11421419,252,4294965700,4294967295,4294967283,4294967295,4294967283,1770153401.5565357
4294967295,4294908157,4294905313,4294967294,4278259169,4294967295,11458977,4294902015,4294904260,4294967295,4294967283,4294967295,4294967283,1770153401.5575244
4294967292,4294908157,4294966754,4294967295,4278320610,4294967295,11426505,4294967292,4294965700,4294967295,4294967283,4294967295,4294967283,1770153401.558575
4294967294,4278196477,4278320614,4294967295,16776678,4294967295,4289617129,254,4294965700,4294967295,243,4294967295,243,1770153401.5596251
4294967295,4294908032,4294966658,4294967294,4278320514,4294967295,11431670,4294967295,4278192580,4294967295,4294967283,4294967295,4294967283,1770153401.560618
4294967292,4278196352,4278320518,4294967294,16776582,4294967295,4289622422,252,4278254020,4294967295,243,4294967295,243,1770153401.5615938
4294967294,4278196353,4278320528,4294967293,16776592,4294967295,4289624315,4294967294,4294965700,4294967295,4294902003,4294967295,4294902003,1770153401.5627675
4294967295,4278196355,4278320545,4294967295,16776609,4294967295,4289626877,4294967295,4294965700,4294967295,4294967283,4294967295,4294967283,1770153401.5638359
4294967295,4278196355,4278320547,4294967294,16776611,4294967295,4289627341,255,4294965700,4294967040,4294902003,4294967040,4294902003,1770153401.5648537
4294967295,4294908036,4294966703,4278255615,4278320559,4294967295,11439346,4294967295,4294965700,4294967295,4294967283,4294967295,4294967283,1770153401.565881
4294967295,4278196356,4278320563,4294967295,16776627,4294967295,4289629874,255,4294965700,4294967295,4278190323,4294967295,4278190323,1770153401.5667908
4294967295,4278196357,4278320574,4294967295,16776638,4294967295,4289631695,4294967295,4294965700,4294902015,243,4294902015,243,1770153401.5677068
4294967295,4278196359,4278320595,4294967294,16776659,4294967295,4289635299,255,4294965700,4294967295,4278190323,4294967295,4278190323,1770153401.5685933
4294967292,4278196362,4278320626,4294967292,16776690,16777215,4289640426,252,4294965700,4294967295,243,4294967295,243,1770153401.5695515
4294967295,4278196366,4278320895,4294967293,16776959,4294967295,4289647751,255,4294965700,4294967295,243,4294967295,243,1770153401.5705733
4294967293,4278196367,4278320873,4294967292,16776937,4294967295,4289649404,253,4294965700,4294967295,4294902003,4294967295,4294902003,1770153401.5715108
4294967295,4278196367,4278320875,4294967294,16776939,4294967295,4289649868,255,4294965700,4294967295,4278190323,4294967295,4278190323,1770153401.5725212
4294967295,4294908048,4294967030,4294967294,4278320886,4294967295,11461609,4294967295,4294965700,4294967295,4294967283,4294967295,4294967283,1770153401.5735204
4294967295,4294908049,4294967039,4294967292,130815,4294967295,11463157,4294902015,4294965700,4294967295,243,4294967295,243,1770153401.5745425
4294967292,4294908049,4294966976,4294967293,4278320832,4294967295,11463133,4294967292,4278192580,4294967295,4294902003,4294967295,4294902003,1770153401.5754926
4294967293,4294908051,4294966995,4294967294,4278320851,4294967295,11466495,4294902013,4294904260,4294967295,4294967283,4294967295,4294967283,1770153401.5763953
4294967295,4294908051,4294966996,4294967295,4278320852,4294967295,11466439,4294967295,4294965700,4294967295,4294967283,4294967295,4294967283,1770153401.5773776
4294967294,4278196371,4278320854,4294967293,16776918,4294967295,4289657079,254,4294965700,4294967295,4294967283,4294967295,4294967283,1770153401.5784853
4294967293,4278196372,4278320863,4294967295,16776927,4294967295,4289658339,4294967293,4294965700,4294967295,4294902003,4294967295,4294902003,1770153401.5796516
4294967294,4294908054,4294967028,4294967294,4278320884,4294967295,11471859,4294902014,4294965700,4294967295,243,4294967295,243,1770153401.580713
4294967293,4294908055,4294967037,4294967295,4278320893,4294967295,11530751,4294902013,4278254020,4294967295,4294967283,4294967295,4294967283,1770153401.5817003
4294967293,4294908055,4294966915,4294967294,4278320771,4294967295,11474418,4294967293,4294965700,4294967295,4294967283,4294967295,4294967283,1770153401.582687
4294967295,4278196376,4278320784,4294967288,16776848,4294967295,4289666462,4294967295,4294965700,4294967295,243,4294967295,243,1770153401.5836587
4294967294,4278196378,4278320804,4294967294,16776868,4294967295,4289669767,254,4294965700,4294967295,243,4294967295,243,1770153401.5846975
4294967292,4278196379,4278320812,4294967295,16776876,4294967295,4289671083,4294967292,16775620,4294967295,4294902003,4294967295,4294902003,1770153401.5856025
4294967293,4294908059,16776883,4294967290,130739,4294901760,11482073,4294967293,4294966488,4294967295,4294902010,4294967295,4294902010,1770153401.5864835
4294967293,4294908061,4294966975,4294967295,4278320831,4294967295,11533290,4294902013,4278254020,4294967295,4294967283,4294967295,4294967283,1770153401.587359
4294967295,4294908062,4294966988,4294967294,4278320844,4294967295,11486426,4294967295,4278192580,4294967295,4294967283,4294967295,4294967283,1770153401.58824
4294967294,4278196384,4278320870,4294967294,16776934,4294967295,4289680882,254,4294965700,4294967295,243,4294967295,243,1770153401.5892515
4294967293,4278196385,4278320879,4294967292,16776943,4294967295,4289682174,253,4294965700,4294967295,4294902003,4294967295,4294902003,1770153401.5902028
4294967295,4294908066,4294967033,4294967295,4278320889,4294967295,4289716724,4294967295,4278254020,4294967295,4294967283,4294967295,4294967283,1770153401.59109
4294967294,4278196386,4278320894,4294967288,16776958,4294967295,4289684668,254,4294965700,4294967295,4278190323,4294967295,4278190323,1770153401.5919938
4294967294,4294908068,4294967280,4294967292,4278321136,4294967295,11497685,4294902014,4278192580,4294967295,4294967283,4294967295,4294967283,1770153401.5929587
4294967295,4278196388,4278321140,4294967288,16777204,4294967295,4289688309,4294967295,4294965700,4294967295,243,4294967295,243,1770153401.593994
4294967293,4278196389,4278321145,4294967294,16777209,4294967295,4289689314,4294967293,4294965700,4294967295,4294902003,4294967295,4294902003,1770153401.5951324
4294967294,4278196389,4278321148,4294967293,16777212,4294967295,4289689850,254,4294965700,4294967295,243,4294967295,243,1770153401.5961983
4294967295,4294908070,4294967267,4294967295,4278321123,4294967295,11500693,4294967295,4278192580,4294967295,4294902003,4294967295,4294902003,1770153401.5971072
4294967295,4278196392,4278321144,4294967295,16777208,4294967295,4289694438,4294967295,4294965700,4294967295,4294967283,4294967295,4294967283,1770153401.5981107
4294967295,4294908072,4294967289,4294967295,4278321145,4294967295,11504334,4294967295,4294965700,4294967295,4294967283,4294967295,4294967283,1770153401.5992
4294967295,4278196393,4278321099,4294967288,16777163,4294967295,4289697411,255,4294965700,4294967295,243,4294967295,243,1770153401.600221
4294967295,4278196394,4278321110,4294967288,16777174,4294967295,4289699233,4294967295,4294965700,4294967295,4278190323,4294967295,4278190323,1770153401.6011164
4294967292,4278196397,4278321138,4294967295,16777202,4294967295,4289703854,4294967292,4294965700,4294967295,4294902003,4294967295,4294902003,1770153401.6020236
4294967294,4278196399,4278321038,4294967289,16777102,4294967295,4289708502,254,4278254020,4294967295,243,4294967295,243,1770153401.6029208
4294967295,4278196400,4278321048,4294967288,16777112,4294967295,4289710282,4294967295,4294965700,4294967295,4278190323,4294967295,4278190323,1770153401.60378
4294967295,4294908084,4294967234,4294967294,4278321090,4294967295,11527147,4294967295,4294965700,4294967295,243,4294967295,243,1770153401.60463
4294967295,4278196406,4278321109,4294967295,16777173,4294967295,4289720235,4294967295,4294965700,4294967295,16711923,4294967295,16711923,1770153401.6054971
4294967294,4278196406,4278321110,4294967292,16777174,4294967295,4289720531,4278190082,63940,4294967295,65523,4294967295,65523,1770153401.606405
4294967294,4294908087,4294967266,4294967293,4278321122,4294967295,11532535,254,4294965700,4294967295,4294967283,4294967295,4294967283,1770153401.6073644
4294967295,4278196448,4278320359,4294967295,16776423,4294967295,4289564328,255,4294965700,4294967295,243,4294967295,243,1770153401.6110346
4294967292,4278196450,130294,4294967040,16776438,4294967295,4289566920,16777212,4294965700,4294967295,4294967283,4294967295,4294967283,1770153401.612105
4294967293,4294908130,4294966519,4294967295,4278320375,4294967295,11376880,4294967293,4294965700,4294967295,4294967283,4294967295,4294967283,1770153401.6130943
4294967295,4278196450,4278320379,4294967293,16776443,4294967295,4289567632,255,4294965700,4294967295,243,4294967295,243,1770153401.6139798
4294967295,4278196454,4278320361,4294967295,16776425,4294967295,4289575380,255,4294965700,4294967295,243,4294967295,243,1770153401.6149533
4294967295,4294908137,4294966403,4294967295,4278320259,4294967295,4289579761,4294967295,4294904260,4294967295,4294902003,4294967295,4294902003,1770153401.6160002
4294967294,4278196459,4278258848,4294967295,16776352,4294967295,4289584359,254,4294965700,4294967295,243,4294967295,243,1770153401.6170113
4294967295,4294908140,4294966442,4294967294,4278320298,4294967295,11396062,4294967295,4294965700,4294967295,4294902003,4294967295,4294902003,1770153401.6180496
4294967295,4278196463,4278320334,4294967289,16776398,4294967295,4289591980,4294967295,4294965700,4294967295,4278190323,4294967295,4278190323,1770153401.6190684
4294967295,4278196464,4278320341,4294967293,16776405,4294967295,4289593320,255,4294965700,4294967295,243,4294967295,243,1770153401.6199977
4294967295,4294908151,4294966755,4294967294,4278320611,4294967295,11415961,255,4294965700,4294967295,4294902003,4294967295,4294902003,1770153401.6209052
4294967292,4294908154,4294966724,4294967294,4278320580,4294967295,11421419,252,4294965700,4294967295,4294967283,4294967295,4294967283,1770153401.6218107
4294967295,4294908157,4294905313,4294967294,4278259169,4294967295,11458977,4294902015,4294904260,4294967295,4294967283,4294967295,4294967283,1770153401.6227157
4294967292,4294908157,4294966754,4294967295,4278320610,4294967295,11426505,4294967292,4294965700,4294967295,4294967283,4294967295,4294967283,1770153401.623678
4294967294,4278196477,4278320614,4294967295,16776678,4294967295,4289617129,254,4294965700,4294967295,243,4294967295,243,1770153401.6247425
4294967295,4294908032,4294966658,4294967294,4278320514,4294967295,11431670,4294967295,4278192580,4294967295,4294967283,4294967295,4294967283,1770153401.6258488
4294967292,4278196352,4278320518,4294967294,16776582,4294967295,4289622422,252,4278254020,4294967295,243,4294967295,243,1770153401.626965
4294967294,4278196353,4278320528,4294967293,16776592,4294967295,4289624315,4294967294,4294965700,4294967295,4294902003,4294967295,4294902003,1770153401.628128
4294967295,4278196355,4278320545,4294967295,16776609,4294967295,4289626877,4294967295,4294965700,4294967295,4294967283,4294967295,4294967283,1770153401.6290147
4294967295,4278196355,4278320547,4294967294,16776611,4294967295,4289627341,255,4294965700,4294967040,4294902003,4294967040,4294902003,1770153401.6315691
4294967295,4294908036,4294966703,4278255615,4278320559,4294967295,11439346,4294967295,4294965700,4294967295,4294967283,4294967295,4294967283,1770153401.6325364
4294967295,4278196356,4278320563,4294967295,16776627,4294967295,4289629874,255,4294965700,4294967295,4278190323,4294967295,4278190323,1770153401.6334658
4294967295,4278196357,4278320574,4294967295,16776638,4294967295,4289631695,4294967295,4294965700,4294902015,243,4294902015,243,1770153401.6344757
4294967295,4278196359,4278320595,4294967294,16776659,4294967295,4289635299,255,4294965700,4294967295,4278190323,4294967295,4278190323,1770153401.6354058
4294967292,4278196362,4278320626,4294967292,16776690,16777215,4289640426,252,4294965700,4294967295,243,4294967295,243,1770153401.6363487
4294967295,4278196366,4278320895,4294967293,16776959,4294967295,4289647751,255,4294965700,4294967295,243,4294967295,243,1770153401.6371694
4294967293,4278196367,4278320873,4294967292,16776937,4294967295,4289649404,253,4294965700,4294967295,4294902003,4294967295,4294902003,1770153401.6380963
4294967295,4278196367,4278320875,4294967294,16776939,4294967295,4289649868,255,4294965700,4294967295,4278190323,4294967295,4278190323,1770153401.638982
4294967295,4294908048,4294967030,4294967294,4278320886,4294967295,11461609,4294967295,4294965700,4294967295,4294967283,4294967295,4294967283,1770153401.6399524
4294967295,4294908049,4294967039,4294967292,130815,4294967295,11463157,4294902015,4294965700,4294967295,243,4294967295,243,1770153401.6408603
4294967292,4294908049,4294966976,4294967293,4278320832,4294967295,11463133,4294967292,4278192580,4294967295,4294902003,4294967295,4294902003,1770153401.6422045
4294967293,4294908051,4294966995,4294967294,4278320851,4294967295,11466495,4294902013,4294904260,4294967295,4294967283,4294967295,4294967283,1770153401.643171
4294967295,4294908051,4294966996,4294967295,4278320852,4294967295,11466439,4294967295,4294965700,4294967295,4294967283,4294967295,4294967283,1770153401.6441803
4294967294,4278196371,4278320854,4294967293,16776918,4294967295,4289657079,254,4294965700,4294967295,4294967283,4294967295,4294967283,1770153401.64523
4294967293,4278196372,4278320863,4294967295,16776927,4294967295,4289658339,4294967293,4294965700,4294967295,4294902003,4294967295,4294902003,1770153401.646401
4294967294,4294908054,4294967028,4294967294,4278320884,4294967295,11471859,4294902014,4294965700,4294967295,243,4294967295,243,1770153401.6474042
4294967293,4294908055,4294967037,4294967295,4278320893,4294967295,11530751,4294902013,4278254020,4294967295,4294967283,4294967295,4294967283,1770153401.6483622
4294967293,4294908055,4294966915,4294967294,4278320771,4294967295,11474418,4294967293,4294965700,4294967295,4294967283,4294967295,4294967283,1770153401.6492598
4294967295,4278196376,4278320784,4294967288,16776848,4294967295,4289666462,4294967295,4294965700,4294967295,243,4294967295,243,1770153401.650207
4294967294,4278196378,4278320804,4294967294,16776868,4294967295,4289669767,254,4294965700,4294967295,243,4294967295,243,1770153401.6511462
4294967292,4278196379,4278320812,4294967295,16776876,4294967295,4289671083,4294967292,16775620,4294967295,4294902003,4294967295,4294902003,1770153401.6519866
4294967293,4294908059,16776883,4294967290,130739,4294901760,11482073,4294967293,4294966488,4294967295,4294902010,4294967295,4294902010,1770153401.6528895
4294967293,4294908061,4294966975,4294967295,4278320831,4294967295,11533290,4294902013,4278254020,4294967295,4294967283,4294967295,4294967283,1770153401.6537488
4294967295,4294908062,4294966988,4294967294,4278320844,4294967295,11486426,4294967295,4278192580,4294967295,4294967283,4294967295,4294967283,1770153401.6546774
4294967294,4278196384,4278320870,4294967294,16776934,4294967295,4289680882,254,4294965700,4294967295,243,4294967295,243,1770153401.6557188
4294967293,4278196385,4278320879,4294967292,16776943,4294967295,4289682174,253,4294965700,4294967295,4294902003,4294967295,4294902003,1770153401.656861
4294967295,4294908066,4294967033,4294967295,4278320889,4294967295,4289716724,4294967295,4278254020,4294967295,4294967283,4294967295,4294967283,1770153401.6580787
4294967294,4278196386,4278320894,4294967288,16776958,4294967295,4289684668,254,4294965700,4294967295,4278190323,4294967295,4278190323,1770153401.6590664
4294967294,4294908068,4294967280,4294967292,4278321136,4294967295,11497685,4294902014,4278192580,4294967295,4294967283,4294967295,4294967283,1770153401.659968
4294967295,4278196388,4278321140,4294967288,16777204,4294967295,4289688309,4294967295,4294965700,4294967295,243,4294967295,243,1770153401.6608968
4294967293,4278196389,4278321145,4294967294,16777209,4294967295,4289689314,4294967293,4294965700,4294967295,4294902003,4294967295,4294902003,1770153401.661873
4294967294,4278196389,4278321148,4294967293,16777212,4294967295,4289689850,254,4294965700,4294967295,243,4294967295,243,1770153401.6628032
4294967295,4294908070,4294967267,4294967295,4278321123,4294967295,11500693,4294967295,4278192580,4294967295,4294902003,4294967295,4294902003,1770153401.6637785
4294967295,4278196392,4278321144,4294967295,16777208,4294967295,4289694438,4294967295,4294965700,4294967295,4294967283,4294967295,4294967283,1770153401.6648488
4294967295,4294908072,4294967289,4294967295,4278321145,4294967295,11504334,4294967295,4294965700,4294967295,4294967283,4294967295,4294967283,1770153401.6658397
4294967295,4278196393,4278321099,4294967288,16777163,4294967295,4289697411,255,4294965700,4294967295,243,4294967295,243,1770153401.666955
4294967295,4278196394,4278321110,4294967288,16777174,4294967295,4289699233,4294967295,4294965700,4294967295,4278190323,4294967295,4278190323,1770153401.667956
4294967292,4278196397,4278321138,4294967295,16777202,4294967295,4289703854,4294967292,4294965700,4294967295,4294902003,4294967295,4294902003,1770153401.6689782
4294967294,4278196399,4278321038,4294967289,16777102,4294967295,4289708502,254,4278254020,4294967295,243,4294967295,243,1770153401.6701794
4294967295,4278196400,4278321048,4294967288,16777112,4294967295,4289710282,4294967295,4294965700,4294967295,4278190323,4294967295,4278190323,1770153401.6712294
4294967295,4294908084,4294967234,4294967294,4278321090,4294967295,11527147,4294967295,4294965700,4294967295,243,4294967295,243,1770153401.672311
4294967295,4278196406,4278321109,4294967295,16777173,4294967295,4289720235,4294967295,4294965700,4294967295,16711923,4294967295,16711923,1770153401.6732626
4294967294,4278196406,4278321110,4294967292,16777174,4294967295,4289720531,4278190082,63940,4294967295,65523,4294967295,65523,1770153401.6742713
4294967294,4294908087,4294967266,4294967293,4278321122,4294967295,11532535,254,4294965700,4294967295,4294967283,4294967295,4294967283,1770153401.6752393
4294967292,4278196408,4278321136,4294967288,16777200,4294967295,4289724907,252,4294965700,4294967295,243,4294967295,243,1770153401.6762996
4294967295,4278196448,4278320359,4294967295,16776423,4294967295,4289564328,255,4294965700,4294967295,243,4294967295,243,1770153401.6805885
4294967292,4278196450,130294,4294967040,16776438,4294967295,4289566920,16777212,4294965700,4294967295,4294967283,4294967295,4294967283,1770153401.6816192
4294967293,4294908130,4294966519,4294967295,4278320375,4294967295,11376880,4294967293,4294965700,4294967295,4294967283,4294967295,4294967283,1770153401.6826885
4294967295,4278196450,4278320379,4294967293,16776443,4294967295,4289567632,255,4294965700,4294967295,243,4294967295,243,1770153401.6837041
4294967295,4278196454,4278320361,4294967295,16776425,4294967295,4289575380,255,4294965700,4294967295,243,4294967295,243,1770153401.6846645
4294967295,4294908137,4294966403,4294967295,4278320259,4294967295,4289579761,4294967295,4294904260,4294967295,4294902003,4294967295,4294902003,1770153401.6855648
4294967294,4278196459,4278258848,4294967295,16776352,4294967295,4289584359,254,4294965700,4294967295,243,4294967295,243,1770153401.686576
4294967295,4294908140,4294966442,4294967294,4278320298,4294967295,11396062,4294967295,4294965700,4294967295,4294902003,4294967295,4294902003,1770153401.687618
4294967295,4278196463,4278320334,4294967289,16776398,4294967295,4289591980,4294967295,4294965700,4294967295,4278190323,4294967295,4278190323,1770153401.6886363
4294967295,4278196464,4278320341,4294967293,16776405,4294967295,4289593320,255,4294965700,4294967295,243,4294967295,243,1770153401.6899717
4294967295,4294908151,4294966755,4294967294,4278320611,4294967295,11415961,255,4294965700,4294967295,4294902003,4294967295,4294902003,1770153401.6909933
4294967292,4294908154,4294966724,4294967294,4278320580,4294967295,11421419,252,4294965700,4294967295,4294967283,4294967295,4294967283,1770153401.6919813
4294967295,4294908157,4294905313,4294967294,4278259169,4294967295,11458977,4294902015,4294904260,4294967295,4294967283,4294967295,4294967283,1770153401.6929574
4294967292,4294908157,4294966754,4294967295,4278320610,4294967295,11426505,4294967292,4294965700,4294967295,4294967283,4294967295,4294967283,1770153401.6939106
4294967294,4278196477,4278320614,4294967295,16776678,4294967295,4289617129,254,4294965700,4294967295,243,4294967295,243,1770153401.6948342
4294967295,4294908032,4294966658,4294967294,4278320514,4294967295,11431670,4294967295,4278192580,4294967295,4294967283,4294967295,4294967283,1770153401.6958992
4294967292,4278196352,4278320518,4294967294,16776582,4294967295,4289622422,252,4278254020,4294967295,243,4294967295,243,1770153401.6968439
4294967294,4278196353,4278320528,4294967293,16776592,4294967295,4289624315,4294967294,4294965700,4294967295,4294902003,4294967295,4294902003,1770153401.6979444
4294967295,4278196355,4278320545,4294967295,16776609,4294967295,4289626877,4294967295,4294965700,4294967295,4294967283,4294967295,4294967283,1770153401.6989348
4294967295,4278196355,4278320547,4294967294,16776611,4294967295,4289627341,255,4294965700,4294967040,4294902003,4294967040,4294902003,1770153401.6999269
4294967295,4294908036,4294966703,4278255615,4278320559,4294967295,11439346,4294967295,4294965700,4294967295,4294967283,4294967295,4294967283,1770153401.7008307
4294967295,4278196356,4278320563,4294967295,16776627,4294967295,4289629874,255,4294965700,4294967295,4278190323,4294967295,4278190323,1770153401.7018502
4294967295,4278196357,4278320574,4294967295,16776638,4294967295,4289631695,4294967295,4294965700,4294902015,243,4294902015,243,1770153401.702917
4294967295,4278196359,4278320595,4294967294,16776659,4294967295,4289635299,255,4294965700,4294967295,4278190323,4294967295,4278190323,1770153401.7040076
4294967292,4278196362,4278320626,4294967292,16776690,16777215,4289640426,252,4294965700,4294967295,243,4294967295,243,1770153401.7050333
4294967295,4278196366,4278320895,4294967293,16776959,4294967295,4289647751,255,4294965700,4294967295,243,4294967295,243,1770153401.7059743
4294967293,4278196367,4278320873,4294967292,16776937,4294967295,4289649404,253,4294965700,4294967295,4294902003,4294967295,4294902003,1770153401.7068903
4294967295,4278196367,4278320875,4294967294,16776939,4294967295,4289649868,255,4294965700,4294967295,4278190323,4294967295,4278190323,1770153401.7078938
4294967295,4294908048,4294967030,4294967294,4278320886,4294967295,11461609,4294967295,4294965700,4294967295,4294967283,4294967295,4294967283,1770153401.708892
4294967295,4294908049,4294967039,4294967292,130815,4294967295,11463157,4294902015,4294965700,4294967295,243,4294967295,243,1770153401.7099786
4294967292,4294908049,4294966976,4294967293,4278320832,4294967295,11463133,4294967292,4278192580,4294967295,4294902003,4294967295,4294902003,1770153401.7110808
4294967293,4294908051,4294966995,4294967294,4278320851,4294967295,11466495,4294902013,4294904260,4294967295,4294967283,4294967295,4294967283,1770153401.7120585
4294967295,4294908051,4294966996,4294967295,4278320852,4294967295,11466439,4294967295,4294965700,4294967295,4294967283,4294967295,4294967283,1770153401.7129934
4294967294,4278196371,4278320854,4294967293,16776918,4294967295,4289657079,254,4294965700,4294967295,4294967283,4294967295,4294967283,1770153401.7140012
4294967293,4278196372,4278320863,4294967295,16776927,4294967295,4289658339,4294967293,4294965700,4294967295,4294902003,4294967295,4294902003,1770153401.7150033
4294967294,4294908054,4294967028,4294967294,4278320884,4294967295,11471859,4294902014,4294965700,4294967295,243,4294967295,243,1770153401.7159827
4294967293,4294908055,4294967037,4294967295,4278320893,4294967295,11530751,4294902013,4278254020,4294967295,4294967283,4294967295,4294967283,1770153401.716891
4294967293,4294908055,4294966915,4294967294,4278320771,4294967295,11474418,4294967293,4294965700,4294967295,4294967283,4294967295,4294967283,1770153401.7178073
4294967295,4278196376,4278320784,4294967288,16776848,4294967295,4289666462,4294967295,4294965700,4294967295,243,4294967295,243,1770153401.718661
4294967294,4278196378,4278320804,4294967294,16776868,4294967295,4289669767,254,4294965700,4294967295,243,4294967295,243,1770153401.7197082
4294967292,4278196379,4278320812,4294967295,16776876,4294967295,4289671083,4294967292,16775620,4294967295,4294902003,4294967295,4294902003,1770153401.7206585
4294967293,4294908059,16776883,4294967290,130739,4294901760,11482073,4294967293,4294966488,4294967295,4294902010,4294967295,4294902010,1770153401.7216992
4294967293,4294908061,4294966975,4294967295,4278320831,4294967295,11533290,4294902013,4278254020,4294967295,4294967283,4294967295,4294967283,1770153401.7226367
4294967295,4294908062,4294966988,4294967294,4278320844,4294967295,11486426,4294967295,4278192580,4294967295,4294967283,4294967295,4294967283,1770153401.7235715
4294967294,4278196384,4278320870,4294967294,16776934,4294967295,4289680882,254,4294965700,4294967295,243,4294967295,243,1770153401.7245343
4294967293,4278196385,4278320879,4294967292,16776943,4294967295,4289682174,253,4294965700,4294967295,4294902003,4294967295,4294902003,1770153401.7256236
4294967295,4294908066,4294967033,4294967295,4278320889,4294967295,4289716724,4294967295,4278254020,4294967295,4294967283,4294967295,4294967283,1770153401.726601
4294967294,4278196386,4278320894,4294967288,16776958,4294967295,4289684668,254,4294965700,4294967295,4278190323,4294967295,4278190323,1770153401.7276528
4294967294,4294908068,4294967280,4294967292,4278321136,4294967295,11497685,4294902014,4278192580,4294967295,4294967283,4294967295,4294967283,1770153401.72862
4294967295,4278196388,4278321140,4294967288,16777204,4294967295,4289688309,4294967295,4294965700,4294967295,243,4294967295,243,1770153401.7295847
4294967293,4278196389,4278321145,4294967294,16777209,4294967295,4289689314,4294967293,4294965700,4294967295,4294902003,4294967295,4294902003,1770153401.7305512
4294967294,4278196389,4278321148,4294967293,16777212,4294967295,4289689850,254,4294965700,4294967295,243,4294967295,243,1770153401.7314587
4294967295,4294908070,4294967267,4294967295,4278321123,4294967295,11500693,4294967295,4278192580,4294967295,4294902003,4294967295,4294902003,1770153401.7324219
4294967295,4278196392,4278321144,4294967295,16777208,4294967295,4289694438,4294967295,4294965700,4294967295,4294967283,4294967295,4294967283,1770153401.7333717
4294967295,4294908072,4294967289,4294967295,4278321145,4294967295,11504334,4294967295,4294965700,4294967295,4294967283,4294967295,4294967283,1770153401.7358816
4294967295,4278196393,4278321099,4294967288,16777163,4294967295,4289697411,255,4294965700,4294967295,243,4294967295,243,1770153401.736818
4294967295,4278196394,4278321110,4294967288,16777174,4294967295,4289699233,4294967295,4294965700,4294967295,4278190323,4294967295,4278190323,1770153401.7378016
4294967292,4278196397,4278321138,4294967295,16777202,4294967295,4289703854,4294967292,4294965700,4294967295,4294902003,4294967295,4294902003,1770153401.7387094
4294967294,4278196399,4278321038,4294967289,16777102,4294967295,4289708502,254,4278254020,4294967295,243,4294967295,243,1770153401.7396533
4294967295,4278196400,4278321048,4294967288,16777112,4294967295,4289710282,4294967295,4294965700,4294967295,4278190323,4294967295,4278190323,1770153401.7407947
4294967295,4294908084,4294967234,4294967294,4278321090,4294967295,11527147,4294967295,4294965700,4294967295,243,4294967295,243,1770153401.7417667
4294967295,4278196406,4278321109,4294967295,16777173,4294967295,4289720235,4294967295,4294965700,4294967295,16711923,4294967295,16711923,1770153401.7428641
4294967294,4278196406,4278321110,4294967292,16777174,4294967295,4289720531,4278190082,63940,4294967295,65523,4294967295,65523,1770153401.743901
4294967294,4294908087,4294967266,4294967293,4278321122,4294967295,11532535,254,4294965700,4294967295,4294967283,4294967295,4294967283,1770153401.744859
4294967292,4278196408,4278321136,4294967288,16777200,4294967295,4289724907,252,4294965700,4294967295,243,4294967295,243,1770153401.7458293
4294967295,4278196409,131061,4294967042,16777205,4294967295,4289789144,4294967295,4294965700,4294967295,4294902003,4294967295,4294902003,1770153401.7468736
4294967295,4278196448,4278320359,4294967295,16776423,4294967295,4289564328,255,4294965700,4294967295,243,4294967295,243,1770153401.7503512
4294967292,4278196450,130294,4294967040,16776438,4294967295,4289566920,16777212,4294965700,4294967295,4294967283,4294967295,4294967283,1770153401.7513857
4294967293,4294908130,4294966519,4294967295,4278320375,4294967295,11376880,4294967293,4294965700,4294967295,4294967283,4294967295,4294967283,1770153401.7523718
4294967295,4278196450,4278320379,4294967293,16776443,4294967295,4289567632,255,4294965700,4294967295,243,4294967295,243,1770153401.7533498
4294967295,4278196454,4278320361,4294967295,16776425,4294967295,4289575380,255,4294965700,4294967295,243,4294967295,243,1770153401.7542996
4294967295,4294908137,4294966403,4294967295,4278320259,4294967295,4289579761,4294967295,4294904260,4294967295,4294902003,4294967295,4294902003,1770153401.7552466
4294967294,4278196459,4278258848,4294967295,16776352,4294967295,4289584359,254,4294965700,4294967295,243,4294967295,243,1770153401.7561283
4294967295,4294908140,4294966442,4294967294,4278320298,4294967295,11396062,4294967295,4294965700,4294967295,4294902003,4294967295,4294902003,1770153401.7570066
4294967295,4278196463,4278320334,4294967289,16776398,4294967295,4289591980,4294967295,4294965700,4294967295,4278190323,4294967295,4278190323,1770153401.7579541
4294967295,4278196464,4278320341,4294967293,16776405,4294967295,4289593320,255,4294965700,4294967295,243,4294967295,243,1770153401.7589068
4294967295,4294908151,4294966755,4294967294,4278320611,4294967295,11415961,255,4294965700,4294967295,4294902003,4294967295,4294902003,1770153401.759812
4294967292,4294908154,4294966724,4294967294,4278320580,4294967295,11421419,252,4294965700,4294967295,4294967283,4294967295,4294967283,1770153401.7608407
4294967295,4294908157,4294905313,4294967294,4278259169,4294967295,11458977,4294902015,4294904260,4294967295,4294967283,4294967295,4294967283,1770153401.761863
4294967292,4294908157,4294966754,4294967295,4278320610,4294967295,11426505,4294967292,4294965700,4294967295,4294967283,4294967295,4294967283,1770153401.7627444
4294967294,4278196477,4278320614,4294967295,16776678,4294967295,4289617129,254,4294965700,4294967295,243,4294967295,243,1770153401.7636166
4294967295,4294908032,4294966658,4294967294,4278320514,4294967295,11431670,4294967295,4278192580,4294967295,4294967283,4294967295,4294967283,1770153401.7644289
4294967292,4278196352,4278320518,4294967294,16776582,4294967295,4289622422,252,4278254020,4294967295,243,4294967295,243,1770153401.7652326
4294967294,4278196353,4278320528,4294967293,16776592,4294967295,4289624315,4294967294,4294965700,4294967295,4294902003,4294967295,4294902003,1770153401.7662482
4294967295,4278196355,4278320545,4294967295,16776609,4294967295,4289626877,4294967295,4294965700,4294967295,4294967283,4294967295,4294967283,1770153401.7672985
4294967295,4278196355,4278320547,4294967294,16776611,4294967295,4289627341,255,4294965700,4294967040,4294902003,4294967040,4294902003,1770153401.7683077
4294967295,4294908036,4294966703,4278255615,4278320559,4294967295,11439346,4294967295,4294965700,4294967295,4294967283,4294967295,4294967283,1770153401.7692027
4294967295,4278196356,4278320563,4294967295,16776627,4294967295,4289629874,255,4294965700,4294967295,4278190323,4294967295,4278190323,1770153401.7701898
4294967295,4278196357,4278320574,4294967295,16776638,4294967295,4289631695,4294967295,4294965700,4294902015,243,4294902015,243,1770153401.7715764
4294967295,4278196359,4278320595,4294967294,16776659,4294967295,4289635299,255,4294965700,4294967295,4278190323,4294967295,4278190323,1770153401.77259
4294967292,4278196362,4278320626,4294967292,16776690,16777215,4289640426,252,4294965700,4294967295,243,4294967295,243,1770153401.7735553
4294967295,4278196366,4278320895,4294967293,16776959,4294967295,4289647751,255,4294965700,4294967295,243,4294967295,243,1770153401.7745051
4294967293,4278196367,4278320873,4294967292,16776937,4294967295,4289649404,253,4294965700,4294967295,4294902003,4294967295,4294902003,1770153401.7754562
4294967295,4278196367,4278320875,4294967294,16776939,4294967295,4289649868,255,4294965700,4294967295,4278190323,4294967295,4278190323,1770153401.7764409
4294967295,4294908048,4294967030,4294967294,4278320886,4294967295,11461609,4294967295,4294965700,4294967295,4294967283,4294967295,4294967283,1770153401.7775517
4294967295,4294908049,4294967039,4294967292,130815,4294967295,11463157,4294902015,4294965700,4294967295,243,4294967295,243,1770153401.7785926
4294967292,4294908049,4294966976,4294967293,4278320832,4294967295,11463133,4294967292,4278192580,4294967295,4294902003,4294967295,4294902003,1770153401.7795823
4294967293,4294908051,4294966995,4294967294,4278320851,4294967295,11466495,4294902013,4294904260,4294967295,4294967283,4294967295,4294967283,1770153401.7805235
4294967295,4294908051,4294966996,4294967295,4278320852,4294967295,11466439,4294967295,4294965700,4294967295,4294967283,4294967295,4294967283,1770153401.7816277
4294967294,4278196371,4278320854,4294967293,16776918,4294967295,4289657079,254,4294965700,4294967295,4294967283,4294967295,4294967283,1770153401.782595
4294967293,4278196372,4278320863,4294967295,16776927,4294967295,4289658339,4294967293,4294965700,4294967295,4294902003,4294967295,4294902003,1770153401.7835252
4294967294,4294908054,4294967028,4294967294,4278320884,4294967295,11471859,4294902014,4294965700,4294967295,243,4294967295,243,1770153401.7845275
4294967293,4294908055,4294967037,4294967295,4278320893,4294967295,11530751,4294902013,4278254020,4294967295,4294967283,4294967295,4294967283,1770153401.785567
4294967293,4294908055,4294966915,4294967294,4278320771,4294967295,11474418,4294967293,4294965700,4294967295,4294967283,4294967295,4294967283,1770153401.7864788
4294967295,4278196376,4278320784,4294967288,16776848,4294967295,4289666462,4294967295,4294965700,4294967295,243,4294967295,243,1770153401.787402
4294967294,4278196378,4278320804,4294967294,16776868,4294967295,4289669767,254,4294965700,4294967295,243,4294967295,243,1770153401.7884066
4294967292,4278196379,4278320812,4294967295,16776876,4294967295,4289671083,4294967292,16775620,4294967295,4294902003,4294967295,4294902003,1770153401.789398
4294967293,4294908059,16776883,4294967290,130739,4294901760,11482073,4294967293,4294966488,4294967295,4294902010,4294967295,4294902010,1770153401.7903614
4294967293,4294908061,4294966975,4294967295,4278320831,4294967295,11533290,4294902013,4278254020,4294967295,4294967283,4294967295,4294967283,1770153401.7912674
4294967295,4294908062,4294966988,4294967294,4278320844,4294967295,11486426,4294967295,4278192580,4294967295,4294967283,4294967295,4294967283,1770153401.792291
4294967294,4278196384,4278320870,4294967294,16776934,4294967295,4289680882,254,4294965700,4294967295,243,4294967295,243,1770153401.7932222
4294967293,4278196385,4278320879,4294967292,16776943,4294967295,4289682174,253,4294965700,4294967295,4294902003,4294967295,4294902003,1770153401.7942207
4294967295,4294908066,4294967033,4294967295,4278320889,4294967295,4289716724,4294967295,4278254020,4294967295,4294967283,4294967295,4294967283,1770153401.795215
4294967294,4278196386,4278320894,4294967288,16776958,4294967295,4289684668,254,4294965700,4294967295,4278190323,4294967295,4278190323,1770153401.7961671
4294967294,4294908068,4294967280,4294967292,4278321136,4294967295,11497685,4294902014,4278192580,4294967295,4294967283,4294967295,4294967283,1770153401.7974246
4294967295,4278196388,4278321140,4294967288,16777204,4294967295,4289688309,4294967295,4294965700,4294967295,243,4294967295,243,1770153401.7986143
4294967293,4278196389,4278321145,4294967294,16777209,4294967295,4289689314,4294967293,4294965700,4294967295,4294902003,4294967295,4294902003,1770153401.799732
4294967294,4278196389,4278321148,4294967293,16777212,4294967295,4289689850,254,4294965700,4294967295,243,4294967295,243,1770153401.8006694
4294967295,4294908070,4294967267,4294967295,4278321123,4294967295,11500693,4294967295,4278192580,4294967295,4294902003,4294967295,4294902003,1770153401.801713
4294967295,4278196392,4278321144,4294967295,16777208,4294967295,4289694438,4294967295,4294965700,4294967295,4294967283,4294967295,4294967283,1770153401.8027143
4294967295,4294908072,4294967289,4294967295,4278321145,4294967295,11504334,4294967295,4294965700,4294967295,4294967283,4294967295,4294967283,1770153401.8036945
4294967295,4278196393,4278321099,4294967288,16777163,4294967295,4289697411,255,4294965700,4294967295,243,4294967295,243,1770153401.8046608
4294967295,4278196394,4278321110,4294967288,16777174,4294967295,4289699233,4294967295,4294965700,4294967295,4278190323,4294967295,4278190323,1770153401.8056245
4294967292,4278196397,4278321138,4294967295,16777202,4294967295,4289703854,4294967292,4294965700,4294967295,4294902003,4294967295,4294902003,1770153401.8064728
4294967294,4278196399,4278321038,4294967289,16777102,4294967295,4289708502,254,4278254020,4294967295,243,4294967295,243,1770153401.807351
4294967295,4278196400,4278321048,4294967288,16777112,4294967295,4289710282,4294967295,4294965700,4294967295,4278190323,4294967295,4278190323,1770153401.8083787
4294967295,4294908084,4294967234,4294967294,4278321090,4294967295,11527147,4294967295,4294965700,4294967295,243,4294967295,243,1770153401.809398
4294967295,4278196406,4278321109,4294967295,16777173,4294967295,4289720235,4294967295,4294965700,4294967295,16711923,4294967295,16711923,1770153401.8103645
4294967294,4278196406,4278321110,4294967292,16777174,4294967295,4289720531,4278190082,63940,4294967295,65523,4294967295,65523,1770153401.811358
4294967294,4294908087,4294967266,4294967293,4278321122,4294967295,11532535,254,4294965700,4294967295,4294967283,4294967295,4294967283,1770153401.812378
4294967292,4278196408,4278321136,4294967288,16777200,4294967295,4289724907,252,4294965700,4294967295,243,4294967295,243,1770153401.813477
4294967295,4278196409,131061,4294967042,16777205,4294967295,4289789144,4294967295,4294965700,4294967295,4294902003,4294967295,4294902003,1770153401.8144526
4294967295,4278196410,131071,4294967041,16777215,4294967295,4289788620,4294902015,4294965700,4294967295,4294902003,4294967295,4294902003,1770153401.8154159
4294967295,4278196448,4278320359,4294967295,16776423,4294967295,4289564328,255,4294965700,4294967295,243,4294967295,243,1770153401.8189938
4294967292,4278196450,130294,4294967040,16776438,4294967295,4289566920,16777212,4294965700,4294967295,4294967283,4294967295,4294967283,1770153401.8199875
4294967293,4294908130,4294966519,4294967295,4278320375,4294967295,11376880,4294967293,4294965700,4294967295,4294967283,4294967295,4294967283,1770153401.8210256
4294967295,4278196450,4278320379,4294967293,16776443,4294967295,4289567632,255,4294965700,4294967295,243,4294967295,243,1770153401.8219316
4294967295,4278196454,4278320361,4294967295,16776425,4294967295,4289575380,255,4294965700,4294967295,243,4294967295,243,1770153401.8228686
4294967295,4294908137,4294966403,4294967295,4278320259,4294967295,4289579761,4294967295,4294904260,4294967295,4294902003,4294967295,4294902003,1770153401.8237715
4294967294,4278196459,4278258848,4294967295,16776352,4294967295,4289584359,254,4294965700,4294967295,243,4294967295,243,1770153401.8247418
4294967295,4294908140,4294966442,4294967294,4278320298,4294967295,11396062,4294967295,4294965700,4294967295,4294902003,4294967295,4294902003,1770153401.8256714
4294967295,4278196463,4278320334,4294967289,16776398,4294967295,4289591980,4294967295,4294965700,4294967295,4278190323,4294967295,4278190323,1770153401.827223
4294967295,4278196464,4278320341,4294967293,16776405,4294967295,4289593320,255,4294965700,4294967295,243,4294967295,243,1770153401.828326
4294967295,4294908151,4294966755,4294967294,4278320611,4294967295,11415961,255,4294965700,4294967295,4294902003,4294967295,4294902003,1770153401.8293436
4294967292,4294908154,4294966724,4294967294,4278320580,4294967295,11421419,252,4294965700,4294967295,4294967283,4294967295,4294967283,1770153401.8303466
4294967295,4294908157,4294905313,4294967294,4278259169,4294967295,11458977,4294902015,4294904260,4294967295,4294967283,4294967295,4294967283,1770153401.8312857
4294967292,4294908157,4294966754,4294967295,4278320610,4294967295,11426505,4294967292,4294965700,4294967295,4294967283,4294967295,4294967283,1770153401.8323693
4294967294,4278196477,4278320614,4294967295,16776678,4294967295,4289617129,254,4294965700,4294967295,243,4294967295,243,1770153401.8340228
4294967295,4294908032,4294966658,4294967294,4278320514,4294967295,11431670,4294967295,4278192580,4294967295,4294967283,4294967295,4294967283,1770153401.835069
4294967292,4278196352,4278320518,4294967294,16776582,4294967295,4289622422,252,4278254020,4294967295,243,4294967295,243,1770153401.8363798
4294967294,4278196353,4278320528,4294967293,16776592,4294967295,4289624315,4294967294,4294965700,4294967295,4294902003,4294967295,4294902003,1770153401.8372865
4294967295,4278196355,4278320545,4294967295,16776609,4294967295,4289626877,4294967295,4294965700,4294967295,4294967283,4294967295,4294967283,1770153401.8382258
4294967295,4278196355,4278320547,4294967294,16776611,4294967295,4289627341,255,4294965700,4294967040,4294902003,4294967040,4294902003,1770153401.839133
4294967295,4294908036,4294966703,4278255615,4278320559,4294967295,11439346,4294967295,4294965700,4294967295,4294967283,4294967295,4294967283,1770153401.8400576
4294967295,4278196356,4278320563,4294967295,16776627,4294967295,4289629874,255,4294965700,4294967295,4278190323,4294967295,4278190323,1770153401.8426025
4294967295,4278196357,4278320574,4294967295,16776638,4294967295,4289631695,4294967295,4294965700,4294902015,243,4294902015,243,1770153401.8437886
4294967295,4278196359,4278320595,4294967294,16776659,4294967295,4289635299,255,4294965700,4294967295,4278190323,4294967295,4278190323,1770153401.8452244
4294967292,4278196362,4278320626,4294967292,16776690,16777215,4289640426,252,4294965700,4294967295,243,4294967295,243,1770153401.846181
4294967295,4278196366,4278320895,4294967293,16776959,4294967295,4289647751,255,4294965700,4294967295,243,4294967295,243,1770153401.847121
4294967293,4278196367,4278320873,4294967292,16776937,4294967295,4289649404,253,4294965700,4294967295,4294902003,4294967295,4294902003,1770153401.8480785
4294967295,4278196367,4278320875,4294967294,16776939,4294967295,4289649868,255,4294965700,4294967295,4278190323,4294967295,4278190323,1770153401.849048
4294967295,4294908048,4294967030,4294967294,4278320886,4294967295,11461609,4294967295,4294965700,4294967295,4294967283,4294967295,4294967283,1770153401.8500843
4294967295,4294908049,4294967039,4294967292,130815,4294967295,11463157,4294902015,4294965700,4294967295,243,4294967295,243,1770153401.8511398
4294967292,4294908049,4294966976,4294967293,4278320832,4294967295,11463133,4294967292,4278192580,4294967295,4294902003,4294967295,4294902003,1770153401.8521485
4294967293,4294908051,4294966995,4294967294,4278320851,4294967295,11466495,4294902013,4294904260,4294967295,4294967283,4294967295,4294967283,1770153401.853067
4294967295,4294908051,4294966996,4294967295,4278320852,4294967295,11466439,4294967295,4294965700,4294967295,4294967283,4294967295,4294967283,1770153401.8539917
4294967294,4278196371,4278320854,4294967293,16776918,4294967295,4289657079,254,4294965700,4294967295,4294967283,4294967295,4294967283,1770153401.8548915
4294967293,4278196372,4278320863,4294967295,16776927,4294967295,4289658339,4294967293,4294965700,4294967295,4294902003,4294967295,4294902003,1770153401.8558826
4294967294,4294908054,4294967028,4294967294,4278320884,4294967295,11471859,4294902014,4294965700,4294967295,243,4294967295,243,1770153401.856804
4294967293,4294908055,4294967037,4294967295,4278320893,4294967295,11530751,4294902013,4278254020,4294967295,4294967283,4294967295,4294967283,1770153401.8577514
4294967293,4294908055,4294966915,4294967294,4278320771,4294967295,11474418,4294967293,4294965700,4294967295,4294967283,4294967295,4294967283,1770153401.858739
4294967295,4278196376,4278320784,4294967288,16776848,4294967295,4289666462,4294967295,4294965700,4294967295,243,4294967295,243,1770153401.8598225
4294967294,4278196378,4278320804,4294967294,16776868,4294967295,4289669767,254,4294965700,4294967295,243,4294967295,243,1770153401.8607948
4294967292,4278196379,4278320812,4294967295,16776876,4294967295,4289671083,4294967292,16775620,4294967295,4294902003,4294967295,4294902003,1770153401.861733
4294967293,4294908059,16776883,4294967290,130739,4294901760,11482073,4294967293,4294966488,4294967295,4294902010,4294967295,4294902010,1770153401.862761
4294967293,4294908061,4294966975,4294967295,4278320831,4294967295,11533290,4294902013,4278254020,4294967295,4294967283,4294967295,4294967283,1770153401.863889
4294967295,4294908062,4294966988,4294967294,4278320844,4294967295,11486426,4294967295,4278192580,4294967295,4294967283,4294967295,4294967283,1770153401.8648922
4294967294,4278196384,4278320870,4294967294,16776934,4294967295,4289680882,254,4294965700,4294967295,243,4294967295,243,1770153401.8658698
4294967293,4278196385,4278320879,4294967292,16776943,4294967295,4289682174,253,4294965700,4294967295,4294902003,4294967295,4294902003,1770153401.866835
4294967295,4294908066,4294967033,4294967295,4278320889,4294967295,4289716724,4294967295,4278254020,4294967295,4294967283,4294967295,4294967283,1770153401.8678162
4294967294,4278196386,4278320894,4294967288,16776958,4294967295,4289684668,254,4294965700,4294967295,4278190323,4294967295,4278190323,1770153401.8687935
4294967294,4294908068,4294967280,4294967292,4278321136,4294967295,11497685,4294902014,4278192580,4294967295,4294967283,4294967295,4294967283,1770153401.869699
4294967295,4278196388,4278321140,4294967288,16777204,4294967295,4289688309,4294967295,4294965700,4294967295,243,4294967295,243,1770153401.8705833
4294967293,4278196389,4278321145,4294967294,16777209,4294967295,4289689314,4294967293,4294965700,4294967295,4294902003,4294967295,4294902003,1770153401.8714406
4294967294,4278196389,4278321148,4294967293,16777212,4294967295,4289689850,254,4294965700,4294967295,243,4294967295,243,1770153401.872287
4294967295,4294908070,4294967267,4294967295,4278321123,4294967295,11500693,4294967295,4278192580,4294967295,4294902003,4294967295,4294902003,1770153401.8731527
4294967295,4278196392,4278321144,4294967295,16777208,4294967295,4289694438,4294967295,4294965700,4294967295,4294967283,4294967295,4294967283,1770153401.8740613
4294967295,4294908072,4294967289,4294967295,4278321145,4294967295,11504334,4294967295,4294965700,4294967295,4294967283,4294967295,4294967283,1770153401.8750103
4294967295,4278196393,4278321099,4294967288,16777163,4294967295,4289697411,255,4294965700,4294967295,243,4294967295,243,1770153401.8760705
4294967295,4278196394,4278321110,4294967288,16777174,4294967295,4289699233,4294967295,4294965700,4294967295,4278190323,4294967295,4278190323,1770153401.8771548
4294967292,4278196397,4278321138,4294967295,16777202,4294967295,4289703854,4294967292,4294965700,4294967295,4294902003,4294967295,4294902003,1770153401.8781338
4294967294,4278196399,4278321038,4294967289,16777102,4294967295,4289708502,254,4278254020,4294967295,243,4294967295,243,1770153401.8790863
4294967295,4278196400,4278321048,4294967288,16777112,4294967295,4289710282,4294967295,4294965700,4294967295,4278190323,4294967295,4278190323,1770153401.880115
4294967295,4294908084,4294967234,4294967294,4278321090,4294967295,11527147,4294967295,4294965700,4294967295,243,4294967295,243,1770153401.8810327
4294967295,4278196406,4278321109,4294967295,16777173,4294967295,4289720235,4294967295,4294965700,4294967295,16711923,4294967295,16711923,1770153401.8820605
4294967294,4278196406,4278321110,4294967292,16777174,4294967295,4289720531,4278190082,63940,4294967295,65523,4294967295,65523,1770153401.8830667
4294967294,4294908087,4294967266,4294967293,4278321122,4294967295,11532535,254,4294965700,4294967295,4294967283,4294967295,4294967283,1770153401.8840322
4294967292,4278196408,4278321136,4294967288,16777200,4294967295,4289724907,252,4294965700,4294967295,243,4294967295,243,1770153401.8849382
4294967295,4278196409,131061,4294967042,16777205,4294967295,4289789144,4294967295,4294965700,4294967295,4294902003,4294967295,4294902003,1770153401.8858104
4294967295,4278196410,131071,4294967041,16777215,4294967295,4289788620,4294902015,4294965700,4294967295,4294902003,4294967295,4294902003,1770153401.8867252
4294967292,4278196410,4278317310,4294967292,16773374,4294967295,4289727684,252,4294965700,4294967295,243,4294967295,243,1770153401.8876395
4294967295,4278196448,4278320359,4294967295,16776423,4294967295,4289564328,255,4294965700,4294967295,243,4294967295,243,1770153401.8911803
4294967292,4278196450,130294,4294967040,16776438,4294967295,4289566920,16777212,4294965700,4294967295,4294967283,4294967295,4294967283,1770153401.8923259
4294967293,4294908130,4294966519,4294967295,4278320375,4294967295,11376880,4294967293,4294965700,4294967295,4294967283,4294967295,4294967283,1770153401.8933206
4294967295,4278196450,4278320379,4294967293,16776443,4294967295,4289567632,255,4294965700,4294967295,243,4294967295,243,1770153401.894526
4294967295,4278196454,4278320361,4294967295,16776425,4294967295,4289575380,255,4294965700,4294967295,243,4294967295,243,1770153401.8957946
4294967295,4294908137,4294966403,4294967295,4278320259,4294967295,4289579761,4294967295,4294904260,4294967295,4294902003,4294967295,4294902003,1770153401.8967652
4294967294,4278196459,4278258848,4294967295,16776352,4294967295,4289584359,254,4294965700,4294967295,243,4294967295,243,1770153401.8977566
4294967295,4294908140,4294966442,4294967294,4278320298,4294967295,11396062,4294967295,4294965700,4294967295,4294902003,4294967295,4294902003,1770153401.8986886
4294967295,4278196463,4278320334,4294967289,16776398,4294967295,4289591980,4294967295,4294965700,4294967295,4278190323,4294967295,4278190323,1770153401.8997476
4294967295,4278196464,4278320341,4294967293,16776405,4294967295,4289593320,255,4294965700,4294967295,243,4294967295,243,1770153401.9006891
4294967295,4294908151,4294966755,4294967294,4278320611,4294967295,11415961,255,4294965700,4294967295,4294902003,4294967295,4294902003,1770153401.901604
4294967292,4294908154,4294966724,4294967294,4278320580,4294967295,11421419,252,4294965700,4294967295,4294967283,4294967295,4294967283,1770153401.902539
4294967295,4294908157,4294905313,4294967294,4278259169,4294967295,11458977,4294902015,4294904260,4294967295,4294967283,4294967295,4294967283,1770153401.9037054
4294967292,4294908157,4294966754,4294967295,4278320610,4294967295,11426505,4294967292,4294965700,4294967295,4294967283,4294967295,4294967283,1770153401.904691
4294967294,4278196477,4278320614,4294967295,16776678,4294967295,4289617129,254,4294965700,4294967295,243,4294967295,243,1770153401.9056091
4294967295,4294908032,4294966658,4294967294,4278320514,4294967295,11431670,4294967295,4278192580,4294967295,4294967283,4294967295,4294967283,1770153401.9068868
4294967292,4278196352,4278320518,4294967294,16776582,4294967295,4289622422,252,4278254020,4294967295,243,4294967295,243,1770153401.9078643
4294967294,4278196353,4278320528,4294967293,16776592,4294967295,4289624315,4294967294,4294965700,4294967295,4294902003,4294967295,4294902003,1770153401.9089446
4294967295,4278196355,4278320545,4294967295,16776609,4294967295,4289626877,4294967295,4294965700,4294967295,4294967283,4294967295,4294967283,1770153401.910023
4294967295,4278196355,4278320547,4294967294,16776611,4294967295,4289627341,255,4294965700,4294967040,4294902003,4294967040,4294902003,1770153401.9109864
4294967295,4294908036,4294966703,4278255615,4278320559,4294967295,11439346,4294967295,4294965700,4294967295,4294967283,4294967295,4294967283,1770153401.91205
4294967295,4278196356,4278320563,4294967295,16776627,4294967295,4289629874,255,4294965700,4294967295,4278190323,4294967295,4278190323,1770153401.9129956
4294967295,4278196357,4278320574,4294967295,16776638,4294967295,4289631695,4294967295,4294965700,4294902015,243,4294902015,243,1770153401.914119
4294967295,4278196359,4278320595,4294967294,16776659,4294967295,4289635299,255,4294965700,4294967295,4278190323,4294967295,4278190323,1770153401.915132
4294967292,4278196362,4278320626,4294967292,16776690,16777215,4289640426,252,4294965700,4294967295,243,4294967295,243,1770153401.9161344
4294967295,4278196366,4278320895,4294967293,16776959,4294967295,4289647751,255,4294965700,4294967295,243,4294967295,243,1770153401.9170341
4294967293,4278196367,4278320873,4294967292,16776937,4294967295,4289649404,253,4294965700,4294967295,4294902003,4294967295,4294902003,1770153401.9179614
4294967295,4278196367,4278320875,4294967294,16776939,4294967295,4289649868,255,4294965700,4294967295,4278190323,4294967295,4278190323,1770153401.9189193
4294967295,4294908048,4294967030,4294967294,4278320886,4294967295,11461609,4294967295,4294965700,4294967295,4294967283,4294967295,4294967283,1770153401.9198697
4294967295,4294908049,4294967039,4294967292,130815,4294967295,11463157,4294902015,4294965700,4294967295,243,4294967295,243,1770153401.9207993
4294967292,4294908049,4294966976,4294967293,4278320832,4294967295,11463133,4294967292,4278192580,4294967295,4294902003,4294967295,4294902003,1770153401.921779
4294967293,4294908051,4294966995,4294967294,4278320851,4294967295,11466495,4294902013,4294904260,4294967295,4294967283,4294967295,4294967283,1770153401.9227302
4294967295,4294908051,4294966996,4294967295,4278320852,4294967295,11466439,4294967295,4294965700,4294967295,4294967283,4294967295,4294967283,1770153401.9236898
4294967294,4278196371,4278320854,4294967293,16776918,4294967295,4289657079,254,4294965700,4294967295,4294967283,4294967295,4294967283,1770153401.9246497
4294967293,4278196372,4278320863,4294967295,16776927,4294967295,4289658339,4294967293,4294965700,4294967295,4294902003,4294967295,4294902003,1770153401.925642
4294967294,4294908054,4294967028,4294967294,4278320884,4294967295,11471859,4294902014,4294965700,4294967295,243,4294967295,243,1770153401.9272358
4294967293,4294908055,4294967037,4294967295,4278320893,4294967295,11530751,4294902013,4278254020,4294967295,4294967283,4294967295,4294967283,1770153401.9283338
4294967293,4294908055,4294966915,4294967294,4278320771,4294967295,11474418,4294967293,4294965700,4294967295,4294967283,4294967295,4294967283,1770153401.9293165
4294967295,4278196376,4278320784,4294967288,16776848,4294967295,4289666462,4294967295,4294965700,4294967295,243,4294967295,243,1770153401.9302762
4294967294,4278196378,4278320804,4294967294,16776868,4294967295,4289669767,254,4294965700,4294967295,243,4294967295,243,1770153401.9312212
4294967292,4278196379,4278320812,4294967295,16776876,4294967295,4289671083,4294967292,16775620,4294967295,4294902003,4294967295,4294902003,1770153401.9322445
4294967293,4294908059,16776883,4294967290,130739,4294901760,11482073,4294967293,4294966488,4294967295,4294902010,4294967295,4294902010,1770153401.933246
4294967293,4294908061,4294966975,4294967295,4278320831,4294967295,11533290,4294902013,4278254020,4294967295,4294967283,4294967295,4294967283,1770153401.934172
4294967295,4294908062,4294966988,4294967294,4278320844,4294967295,11486426,4294967295,4278192580,4294967295,4294967283,4294967295,4294967283,1770153401.93505
4294967294,4278196384,4278320870,4294967294,16776934,4294967295,4289680882,254,4294965700,4294967295,243,4294967295,243,1770153401.935931
4294967293,4278196385,4278320879,4294967292,16776943,4294967295,4289682174,253,4294965700,4294967295,4294902003,4294967295,4294902003,1770153401.9368045
4294967295,4294908066,4294967033,4294967295,4278320889,4294967295,4289716724,4294967295,4278254020,4294967295,4294967283,4294967295,4294967283,1770153401.9377925
4294967294,4278196386,4278320894,4294967288,16776958,4294967295,4289684668,254,4294965700,4294967295,4278190323,4294967295,4278190323,1770153401.9387815
4294967294,4294908068,4294967280,4294967292,4278321136,4294967295,11497685,4294902014,4278192580,4294967295,4294967283,4294967295,4294967283,1770153401.939681
4294967295,4278196388,4278321140,4294967288,16777204,4294967295,4289688309,4294967295,4294965700,4294967295,243,4294967295,243,1770153401.9405642
4294967293,4278196389,4278321145,4294967294,16777209,4294967295,4289689314,4294967293,4294965700,4294967295,4294902003,4294967295,4294902003,1770153401.9414556
4294967294,4278196389,4278321148,4294967293,16777212,4294967295,4289689850,254,4294965700,4294967295,243,4294967295,243,1770153401.9424303
4294967295,4294908070,4294967267,4294967295,4278321123,4294967295,11500693,4294967295,4278192580,4294967295,4294902003,4294967295,4294902003,1770153401.9434986
4294967295,4278196392,4278321144,4294967295,16777208,4294967295,4289694438,4294967295,4294965700,4294967295,4294967283,4294967295,4294967283,1770153401.9462726
4294967295,4294908072,4294967289,4294967295,4278321145,4294967295,11504334,4294967295,4294965700,4294967295,4294967283,4294967295,4294967283,1770153401.9473326
4294967295,4278196393,4278321099,4294967288,16777163,4294967295,4289697411,255,4294965700,4294967295,243,4294967295,243,1770153401.9482932
4294967295,4278196394,4278321110,4294967288,16777174,4294967295,4289699233,4294967295,4294965700,4294967295,4278190323,4294967295,4278190323,1770153401.9493086
4294967292,4278196397,4278321138,4294967295,16777202,4294967295,4289703854,4294967292,4294965700,4294967295,4294902003,4294967295,4294902003,1770153401.9502754
4294967294,4278196399,4278321038,4294967289,16777102,4294967295,4289708502,254,4278254020,4294967295,243,4294967295,243,1770153401.951293
4294967295,4278196400,4278321048,4294967288,16777112,4294967295,4289710282,4294967295,4294965700,4294967295,4278190323,4294967295,4278190323,1770153401.95229
4294967295,4294908084,4294967234,4294967294,4278321090,4294967295,11527147,4294967295,4294965700,4294967295,243,4294967295,243,1770153401.9532425
4294967295,4278196406,4278321109,4294967295,16777173,4294967295,4289720235,4294967295,4294965700,4294967295,16711923,4294967295,16711923,1770153401.9542065
4294967294,4278196406,4278321110,4294967292,16777174,4294967295,4289720531,4278190082,63940,4294967295,65523,4294967295,65523,1770153401.9552412
4294967294,4294908087,4294967266,4294967293,4278321122,4294967295,11532535,254,4294965700,4294967295,4294967283,4294967295,4294967283,1770153401.956155
4294967292,4278196408,4278321136,4294967288,16777200,4294967295,4289724907,252,4294965700,4294967295,243,4294967295,243,1770153401.9571905
4294967295,4278196409,131061,4294967042,16777205,4294967295,4289789144,4294967295,4294965700,4294967295,4294902003,4294967295,4294902003,1770153401.9580944
4294967295,4278196410,131071,4294967041,16777215,4294967295,4289788620,4294902015,4294965700,4294967295,4294902003,4294967295,4294902003,1770153401.959271
4294967292,4278196410,4278317310,4294967292,16773374,4294967295,4289727684,252,4294965700,4294967295,243,4294967295,243,1770153401.960303
4294967295,4278253754,4294906111,4294967289,16773375,4294967295,11596028,255,4294904260,4294967040,4294967283,4294967040,4294967283,1770153401.961394
4294967295,4278196448,4278320359,4294967295,16776423,4294967295,4289564328,255,4294965700,4294967295,243,4294967295,243,1770153401.964816
4294967292,4278196450,130294,4294967040,16776438,4294967295,4289566920,16777212,4294965700,4294967295,4294967283,4294967295,4294967283,1770153401.9658184
4294967293,4294908130,4294966519,4294967295,4278320375,4294967295,11376880,4294967293,4294965700,4294967295,4294967283,4294967295,4294967283,1770153401.9668689
4294967295,4278196450,4278320379,4294967293,16776443,4294967295,4289567632,255,4294965700,4294967295,243,4294967295,243,1770153401.9678493
4294967295,4278196454,4278320361,4294967295,16776425,4294967295,4289575380,255,4294965700,4294967295,243,4294967295,243,1770153401.9691606
4294967295,4294908137,4294966403,4294967295,4278320259,4294967295,4289579761,4294967295,4294904260,4294967295,4294902003,4294967295,4294902003,1770153401.9702358
4294967294,4278196459,4278258848,4294967295,16776352,4294967295,4289584359,254,4294965700,4294967295,243,4294967295,243,1770153401.9712558
4294967295,4294908140,4294966442,4294967294,4278320298,4294967295,11396062,4294967295,4294965700,4294967295,4294902003,4294967295,4294902003,1770153401.9722817
4294967295,4278196463,4278320334,4294967289,16776398,4294967295,4289591980,4294967295,4294965700,4294967295,4278190323,4294967295,4278190323,1770153401.973211
4294967295,4278196464,4278320341,4294967293,16776405,4294967295,4289593320,255,4294965700,4294967295,243,4294967295,243,1770153401.974088
4294967295,4294908151,4294966755,4294967294,4278320611,4294967295,11415961,255,4294965700,4294967295,4294902003,4294967295,4294902003,1770153401.9750438
4294967292,4294908154,4294966724,4294967294,4278320580,4294967295,11421419,252,4294965700,4294967295,4294967283,4294967295,4294967283,1770153401.9759707
4294967295,4294908157,4294905313,4294967294,4278259169,4294967295,11458977,4294902015,4294904260,4294967295,4294967283,4294967295,4294967283,1770153401.9769664
4294967292,4294908157,4294966754,4294967295,4278320610,4294967295,11426505,4294967292,4294965700,4294967295,4294967283,4294967295,4294967283,1770153401.977936
4294967294,4278196477,4278320614,4294967295,16776678,4294967295,4289617129,254,4294965700,4294967295,243,4294967295,243,1770153401.9788942
4294967295,4294908032,4294966658,4294967294,4278320514,4294967295,11431670,4294967295,4278192580,4294967295,4294967283,4294967295,4294967283,1770153401.9797602
4294967292,4278196352,4278320518,4294967294,16776582,4294967295,4289622422,252,4278254020,4294967295,243,4294967295,243,1770153401.9806325
4294967294,4278196353,4278320528,4294967293,16776592,4294967295,4289624315,4294967294,4294965700,4294967295,4294902003,4294967295,4294902003,1770153401.9816458
4294967295,4278196355,4278320545,4294967295,16776609,4294967295,4289626877,4294967295,4294965700,4294967295,4294967283,4294967295,4294967283,1770153401.982611
4294967295,4278196355,4278320547,4294967294,16776611,4294967295,4289627341,255,4294965700,4294967040,4294902003,4294967040,4294902003,1770153401.9835992
4294967295,4294908036,4294966703,4278255615,4278320559,4294967295,11439346,4294967295,4294965700,4294967295,4294967283,4294967295,4294967283,1770153401.9846408
4294967295,4278196356,4278320563,4294967295,16776627,4294967295,4289629874,255,4294965700,4294967295,4278190323,4294967295,4278190323,1770153401.985574
4294967295,4278196357,4278320574,4294967295,16776638,4294967295,4289631695,4294967295,4294965700,4294902015,243,4294902015,243,1770153401.9865508
4294967295,4278196359,4278320595,4294967294,16776659,4294967295,4289635299,255,4294965700,4294967295,4278190323,4294967295,4278190323,1770153401.9875956
4294967292,4278196362,4278320626,4294967292,16776690,16777215,4289640426,252,4294965700,4294967295,243,4294967295,243,1770153401.9887204
4294967295,4278196366,4278320895,4294967293,16776959,4294967295,4289647751,255,4294965700,4294967295,243,4294967295,243,1770153401.9897802
4294967293,4278196367,4278320873,4294967292,16776937,4294967295,4289649404,253,4294965700,4294967295,4294902003,4294967295,4294902003,1770153401.990739
4294967295,4278196367,4278320875,4294967294,16776939,4294967295,4289649868,255,4294965700,4294967295,4278190323,4294967295,4278190323,1770153401.9916258
4294967295,4294908048,4294967030,4294967294,4278320886,4294967295,11461609,4294967295,4294965700,4294967295,4294967283,4294967295,4294967283,1770153401.993222
4294967295,4294908049,4294967039,4294967292,130815,4294967295,11463157,4294902015,4294965700,4294967295,243,4294967295,243,1770153401.9944017
4294967292,4294908049,4294966976,4294967293,4278320832,4294967295,11463133,4294967292,4278192580,4294967295,4294902003,4294967295,4294902003,1770153401.9955294
4294967293,4294908051,4294966995,4294967294,4278320851,4294967295,11466495,4294902013,4294904260,4294967295,4294967283,4294967295,4294967283,1770153401.9964702
4294967295,4294908051,4294966996,4294967295,4278320852,4294967295,11466439,4294967295,4294965700,4294967295,4294967283,4294967295,4294967283,1770153401.9973953
4294967294,4278196371,4278320854,4294967293,16776918,4294967295,4289657079,254,4294965700,4294967295,4294967283,4294967295,4294967283,1770153401.9983582
4294967293,4278196372,4278320863,4294967295,16776927,4294967295,4289658339,4294967293,4294965700,4294967295,4294902003,4294967295,4294902003,1770153401.9993057
4294967294,4294908054,4294967028,4294967294,4278320884,4294967295,11471859,4294902014,4294965700,4294967295,243,4294967295,243,1770153402.0003917
4294967293,4294908055,4294967037,4294967295,4278320893,4294967295,11530751,4294902013,4278254020,4294967295,4294967283,4294967295,4294967283,1770153402.0013485
4294967293,4294908055,4294966915,4294967294,4278320771,4294967295,11474418,4294967293,4294965700,4294967295,4294967283,4294967295,4294967283,1770153402.0022955
4294967295,4278196376,4278320784,4294967288,16776848,4294967295,4289666462,4294967295,4294965700,4294967295,243,4294967295,243,1770153402.003185
4294967294,4278196378,4278320804,4294967294,16776868,4294967295,4289669767,254,4294965700,4294967295,243,4294967295,243,1770153402.0041094
4294967292,4278196379,4278320812,4294967295,16776876,4294967295,4289671083,4294967292,16775620,4294967295,4294902003,4294967295,4294902003,1770153402.0049865
4294967293,4294908059,16776883,4294967290,130739,4294901760,11482073,4294967293,4294966488,4294967295,4294902010,4294967295,4294902010,1770153402.0059712
4294967293,4294908061,4294966975,4294967295,4278320831,4294967295,11533290,4294902013,4278254020,4294967295,4294967283,4294967295,4294967283,1770153402.006868
4294967295,4294908062,4294966988,4294967294,4278320844,4294967295,11486426,4294967295,4278192580,4294967295,4294967283,4294967295,4294967283,1770153402.0077915
4294967294,4278196384,4278320870,4294967294,16776934,4294967295,4289680882,254,4294965700,4294967295,243,4294967295,243,1770153402.0094233
4294967293,4278196385,4278320879,4294967292,16776943,4294967295,4289682174,253,4294965700,4294967295,4294902003,4294967295,4294902003,1770153402.010606
4294967295,4294908066,4294967033,4294967295,4278320889,4294967295,4289716724,4294967295,4278254020,4294967295,4294967283,4294967295,4294967283,1770153402.0116117
4294967294,4278196386,4278320894,4294967288,16776958,4294967295,4289684668,254,4294965700,4294967295,4278190323,4294967295,4278190323,1770153402.012544
4294967294,4294908068,4294967280,4294967292,4278321136,4294967295,11497685,4294902014,4278192580,4294967295,4294967283,4294967295,4294967283,1770153402.0136588
4294967295,4278196388,4278321140,4294967288,16777204,4294967295,4289688309,4294967295,4294965700,4294967295,243,4294967295,243,1770153402.0146315
4294967293,4278196389,4278321145,4294967294,16777209,4294967295,4289689314,4294967293,4294965700,4294967295,4294902003,4294967295,4294902003,1770153402.0157962
4294967294,4278196389,4278321148,4294967293,16777212,4294967295,4289689850,254,4294965700,4294967295,243,4294967295,243,1770153402.0167537
4294967295,4294908070,4294967267,4294967295,4278321123,4294967295,11500693,4294967295,4278192580,4294967295,4294902003,4294967295,4294902003,1770153402.0176888
4294967295,4278196392,4278321144,4294967295,16777208,4294967295,4289694438,4294967295,4294965700,4294967295,4294967283,4294967295,4294967283,1770153402.018633
4294967295,4294908072,4294967289,4294967295,4278321145,4294967295,11504334,4294967295,4294965700,4294967295,4294967283,4294967295,4294967283,1770153402.019607
4294967295,4278196393,4278321099,4294967288,16777163,4294967295,4289697411,255,4294965700,4294967295,243,4294967295,243,1770153402.0205803
4294967295,4278196394,4278321110,4294967288,16777174,4294967295,4289699233,4294967295,4294965700,4294967295,4278190323,4294967295,4278190323,1770153402.021494
4294967292,4278196397,4278321138,4294967295,16777202,4294967295,4289703854,4294967292,4294965700,4294967295,4294902003,4294967295,4294902003,1770153402.0224547
4294967294,4278196399,4278321038,4294967289,16777102,4294967295,4289708502,254,4278254020,4294967295,243,4294967295,243,1770153402.0233917
4294967295,4278196400,4278321048,4294967288,16777112,4294967295,4289710282,4294967295,4294965700,4294967295,4278190323,4294967295,4278190323,1770153402.024376
4294967295,4294908084,4294967234,4294967294,4278321090,4294967295,11527147,4294967295,4294965700,4294967295,243,4294967295,243,1770153402.0252154
4294967295,4278196406,4278321109,4294967295,16777173,4294967295,4289720235,4294967295,4294965700,4294967295,16711923,4294967295,16711923,1770153402.0263562
4294967294,4278196406,4278321110,4294967292,16777174,4294967295,4289720531,4278190082,63940,4294967295,65523,4294967295,65523,1770153402.0273979
4294967294,4294908087,4294967266,4294967293,4278321122,4294967295,11532535,254,4294965700,4294967295,4294967283,4294967295,4294967283,1770153402.0282664
4294967292,4278196408,4278321136,4294967288,16777200,4294967295,4289724907,252,4294965700,4294967295,243,4294967295,243,1770153402.0292869
4294967295,4278196409,131061,4294967042,16777205,4294967295,4289789144,4294967295,4294965700,4294967295,4294902003,4294967295,4294902003,1770153402.0302708
4294967295,4278196410,131071,4294967041,16777215,4294967295,4289788620,4294902015,4294965700,4294967295,4294902003,4294967295,4294902003,1770153402.0312726
4294967292,4278196410,4278317310,4294967292,16773374,4294967295,4289727684,252,4294965700,4294967295,243,4294967295,243,1770153402.0322452
4294967295,4278253754,4294906111,4294967289,16773375,4294967295,11596028,255,4294904260,4294967040,4294967283,4294967040,4294967283,1770153402.0332363
4294967292,4278196410,4278317304,4294967290,16773368,4294967295,4289728714,252,4294966488,4294967295,4278190330,4294967295,4278190330,1770153402.0341353
4294967295,4278196448,4278320359,4294967295,16776423,4294967295,4289564328,255,4294965700,4294967295,243,4294967295,243,1770153402.038201
4294967292,4278196450,130294,4294967040,16776438,4294967295,4289566920,16777212,4294965700,4294967295,4294967283,4294967295,4294967283,1770153402.039136
4294967293,4294908130,4294966519,4294967295,4278320375,4294967295,11376880,4294967293,4294965700,4294967295,4294967283,4294967295,4294967283,1770153402.0401483
4294967295,4278196450,4278320379,4294967293,16776443,4294967295,4289567632,255,4294965700,4294967295,243,4294967295,243,1770153402.0411184
4294967295,4278196454,4278320361,4294967295,16776425,4294967295,4289575380,255,4294965700,4294967295,243,4294967295,243,1770153402.0421011
4294967295,4294908137,4294966403,4294967295,4278320259,4294967295,4289579761,4294967295,4294904260,4294967295,4294902003,4294967295,4294902003,1770153402.0431216
4294967294,4278196459,4278258848,4294967295,16776352,4294967295,4289584359,254,4294965700,4294967295,243,4294967295,243,1770153402.0442545
4294967295,4294908140,4294966442,4294967294,4278320298,4294967295,11396062,4294967295,4294965700,4294967295,4294902003,4294967295,4294902003,1770153402.0452974
4294967295,4278196463,4278320334,4294967289,16776398,4294967295,4289591980,4294967295,4294965700,4294967295,4278190323,4294967295,4278190323,1770153402.04637
4294967295,4278196464,4278320341,4294967293,16776405,4294967295,4289593320,255,4294965700,4294967295,243,4294967295,243,1770153402.047598
4294967295,4294908151,4294966755,4294967294,4278320611,4294967295,11415961,255,4294965700,4294967295,4294902003,4294967295,4294902003,1770153402.048784
4294967292,4294908154,4294966724,4294967294,4278320580,4294967295,11421419,252,4294965700,4294967295,4294967283,4294967295,4294967283,1770153402.0498123
4294967295,4294908157,4294905313,4294967294,4278259169,4294967295,11458977,4294902015,4294904260,4294967295,4294967283,4294967295,4294967283,1770153402.0507488
4294967292,4294908157,4294966754,4294967295,4278320610,4294967295,11426505,4294967292,4294965700,4294967295,4294967283,4294967295,4294967283,1770153402.051748
4294967294,4278196477,4278320614,4294967295,16776678,4294967295,4289617129,254,4294965700,4294967295,243,4294967295,243,1770153402.05494
4294967295,4294908032,4294966658,4294967294,4278320514,4294967295,11431670,4294967295,4278192580,4294967295,4294967283,4294967295,4294967283,1770153402.0560853
4294967292,4278196352,4278320518,4294967294,16776582,4294967295,4289622422,252,4278254020,4294967295,243,4294967295,243,1770153402.057238
4294967294,4278196353,4278320528,4294967293,16776592,4294967295,4289624315,4294967294,4294965700,4294967295,4294902003,4294967295,4294902003,1770153402.0581946
4294967295,4278196355,4278320545,4294967295,16776609,4294967295,4289626877,4294967295,4294965700,4294967295,4294967283,4294967295,4294967283,1770153402.0592706
4294967295,4278196355,4278320547,4294967294,16776611,4294967295,4289627341,255,4294965700,4294967040,4294902003,4294967040,4294902003,1770153402.061007
4294967295,4294908036,4294966703,4278255615,4278320559,4294967295,11439346,4294967295,4294965700,4294967295,4294967283,4294967295,4294967283,1770153402.0620356
4294967295,4278196356,4278320563,4294967295,16776627,4294967295,4289629874,255,4294965700,4294967295,4278190323,4294967295,4278190323,1770153402.0634048
4294967295,4278196357,4278320574,4294967295,16776638,4294967295,4289631695,4294967295,4294965700,4294902015,243,4294902015,243,1770153402.065226
4294967295,4278196359,4278320595,4294967294,16776659,4294967295,4289635299,255,4294965700,4294967295,4278190323,4294967295,4278190323,1770153402.0661972
4294967292,4278196362,4278320626,4294967292,16776690,16777215,4289640426,252,4294965700,4294967295,243,4294967295,243,1770153402.0681155
4294967295,4278196366,4278320895,4294967293,16776959,4294967295,4289647751,255,4294965700,4294967295,243,4294967295,243,1770153402.0690753
4294967293,4278196367,4278320873,4294967292,16776937,4294967295,4289649404,253,4294965700,4294967295,4294902003,4294967295,4294902003,1770153402.0701184
4294967295,4278196367,4278320875,4294967294,16776939,4294967295,4289649868,255,4294965700,4294967295,4278190323,4294967295,4278190323,1770153402.0711331
4294967295,4294908048,4294967030,4294967294,4278320886,4294967295,11461609,4294967295,4294965700,4294967295,4294967283,4294967295,4294967283,1770153402.0725043
4294967295,4294908049,4294967039,4294967292,130815,4294967295,11463157,4294902015,4294965700,4294967295,243,4294967295,243,1770153402.073851
4294967292,4294908049,4294966976,4294967293,4278320832,4294967295,11463133,4294967292,4278192580,4294967295,4294902003,4294967295,4294902003,1770153402.0750484
4294967293,4294908051,4294966995,4294967294,4278320851,4294967295,11466495,4294902013,4294904260,4294967295,4294967283,4294967295,4294967283,1770153402.0763497
4294967295,4294908051,4294966996,4294967295,4278320852,4294967295,11466439,4294967295,4294965700,4294967295,4294967283,4294967295,4294967283,1770153402.0776982
4294967294,4278196371,4278320854,4294967293,16776918,4294967295,4289657079,254,4294965700,4294967295,4294967283,4294967295,4294967283,1770153402.080043
4294967293,4278196372,4278320863,4294967295,16776927,4294967295,4289658339,4294967293,4294965700,4294967295,4294902003,4294967295,4294902003,1770153402.0811439
4294967294,4294908054,4294967028,4294967294,4278320884,4294967295,11471859,4294902014,4294965700,4294967295,243,4294967295,243,1770153402.0821013
4294967293,4294908055,4294967037,4294967295,4278320893,4294967295,11530751,4294902013,4278254020,4294967295,4294967283,4294967295,4294967283,1770153402.083161
4294967293,4294908055,4294966915,4294967294,4278320771,4294967295,11474418,4294967293,4294965700,4294967295,4294967283,4294967295,4294967283,1770153402.0841575
4294967295,4278196376,4278320784,4294967288,16776848,4294967295,4289666462,4294967295,4294965700,4294967295,243,4294967295,243,1770153402.085217
4294967294,4278196378,4278320804,4294967294,16776868,4294967295,4289669767,254,4294965700,4294967295,243,4294967295,243,1770153402.0862386
4294967292,4278196379,4278320812,4294967295,16776876,4294967295,4289671083,4294967292,16775620,4294967295,4294902003,4294967295,4294902003,1770153402.0872312
4294967293,4294908059,16776883,4294967290,130739,4294901760,11482073,4294967293,4294966488,4294967295,4294902010,4294967295,4294902010,1770153402.0881662
4294967293,4294908061,4294966975,4294967295,4278320831,4294967295,11533290,4294902013,4278254020,4294967295,4294967283,4294967295,4294967283,1770153402.0890772
4294967295,4294908062,4294966988,4294967294,4278320844,4294967295,11486426,4294967295,4278192580,4294967295,4294967283,4294967295,4294967283,1770153402.089931
4294967294,4278196384,4278320870,4294967294,16776934,4294967295,4289680882,254,4294965700,4294967295,243,4294967295,243,1770153402.0907893
4294967293,4278196385,4278320879,4294967292,16776943,4294967295,4289682174,253,4294965700,4294967295,4294902003,4294967295,4294902003,1770153402.0917237
4294967295,4294908066,4294967033,4294967295,4278320889,4294967295,4289716724,4294967295,4278254020,4294967295,4294967283,4294967295,4294967283,1770153402.0927813
4294967294,4278196386,4278320894,4294967288,16776958,4294967295,4289684668,254,4294965700,4294967295,4278190323,4294967295,4278190323,1770153402.0938303
4294967294,4294908068,4294967280,4294967292,4278321136,4294967295,11497685,4294902014,4278192580,4294967295,4294967283,4294967295,4294967283,1770153402.0947843
4294967295,4278196388,4278321140,4294967288,16777204,4294967295,4289688309,4294967295,4294965700,4294967295,243,4294967295,243,1770153402.0957778
4294967293,4278196389,4278321145,4294967294,16777209,4294967295,4289689314,4294967293,4294965700,4294967295,4294902003,4294967295,4294902003,1770153402.0967398
4294967294,4278196389,4278321148,4294967293,16777212,4294967295,4289689850,254,4294965700,4294967295,243,4294967295,243,1770153402.0978281
4294967295,4294908070,4294967267,4294967295,4278321123,4294967295,11500693,4294967295,4278192580,4294967295,4294902003,4294967295,4294902003,1770153402.0987515
4294967295,4278196392,4278321144,4294967295,16777208,4294967295,4289694438,4294967295,4294965700,4294967295,4294967283,4294967295,4294967283,1770153402.0997703
4294967295,4294908072,4294967289,4294967295,4278321145,4294967295,11504334,4294967295,4294965700,4294967295,4294967283,4294967295,4294967283,1770153402.100806
4294967295,4278196393,4278321099,4294967288,16777163,4294967295,4289697411,255,4294965700,4294967295,243,4294967295,243,1770153402.1018338
4294967295,4278196394,4278321110,4294967288,16777174,4294967295,4289699233,4294967295,4294965700,4294967295,4278190323,4294967295,4278190323,1770153402.1027904
4294967292,4278196397,4278321138,4294967295,16777202,4294967295,4289703854,4294967292,4294965700,4294967295,4294902003,4294967295,4294902003,1770153402.103787
4294967294,4278196399,4278321038,4294967289,16777102,4294967295,4289708502,254,4278254020,4294967295,243,4294967295,243,1770153402.104777
4294967295,4278196400,4278321048,4294967288,16777112,4294967295,4289710282,4294967295,4294965700,4294967295,4278190323,4294967295,4278190323,1770153402.105807
4294967295,4294908084,4294967234,4294967294,4278321090,4294967295,11527147,4294967295,4294965700,4294967295,243,4294967295,243,1770153402.1068149
4294967295,4278196406,4278321109,4294967295,16777173,4294967295,4289720235,4294967295,4294965700,4294967295,16711923,4294967295,16711923,1770153402.1077945
4294967294,4278196406,4278321110,4294967292,16777174,4294967295,4289720531,4278190082,63940,4294967295,65523,4294967295,65523,1770153402.1088705
4294967294,4294908087,4294967266,4294967293,4278321122,4294967295,11532535,254,4294965700,4294967295,4294967283,4294967295,4294967283,1770153402.1099067
4294967292,4278196408,4278321136,4294967288,16777200,4294967295,4289724907,252,4294965700,4294967295,243,4294967295,243,1770153402.1108875
4294967295,4278196409,131061,4294967042,16777205,4294967295,4289789144,4294967295,4294965700,4294967295,4294902003,4294967295,4294902003,1770153402.1118083
4294967295,4278196410,131071,4294967041,16777215,4294967295,4289788620,4294902015,4294965700,4294967295,4294902003,4294967295,4294902003,1770153402.113074
4294967292,4278196410,4278317310,4294967292,16773374,4294967295,4289727684,252,4294965700,4294967295,243,4294967295,243,1770153402.1145146
4294967295,4278253754,4294906111,4294967289,16773375,4294967295,11596028,255,4294904260,4294967040,4294967283,4294967040,4294967283,1770153402.1156726
4294967292,4278196410,4278317304,4294967290,16773368,4294967295,4289728714,252,4294966488,4294967295,4278190330,4294967295,4278190330,1770153402.116796
4294967292,4294908092,4294963450,4294967294,4278317306,4294967295,11541708,4294967292,4294965700,4294967295,4294902003,4294967295,4294902003,1770153402.1178958
4294967295,4278196448,4278320359,4294967295,16776423,4294967295,4289564328,255,4294965700,4294967295,243,4294967295,243,1770153402.121609
4294967292,4278196450,130294,4294967040,16776438,4294967295,4289566920,16777212,4294965700,4294967295,4294967283,4294967295,4294967283,1770153402.1226702
4294967293,4294908130,4294966519,4294967295,4278320375,4294967295,11376880,4294967293,4294965700,4294967295,4294967283,4294967295,4294967283,1770153402.1237175
4294967295,4278196450,4278320379,4294967293,16776443,4294967295,4289567632,255,4294965700,4294967295,243,4294967295,243,1770153402.1247938
4294967295,4278196454,4278320361,4294967295,16776425,4294967295,4289575380,255,4294965700,4294967295,243,4294967295,243,1770153402.1259177
4294967295,4294908137,4294966403,4294967295,4278320259,4294967295,4289579761,4294967295,4294904260,4294967295,4294902003,4294967295,4294902003,1770153402.1272378
4294967294,4278196459,4278258848,4294967295,16776352,4294967295,4289584359,254,4294965700,4294967295,243,4294967295,243,1770153402.128361
4294967295,4294908140,4294966442,4294967294,4278320298,4294967295,11396062,4294967295,4294965700,4294967295,4294902003,4294967295,4294902003,1770153402.129473
4294967295,4278196463,4278320334,4294967289,16776398,4294967295,4289591980,4294967295,4294965700,4294967295,4278190323,4294967295,4278190323,1770153402.1303947
4294967295,4278196464,4278320341,4294967293,16776405,4294967295,4289593320,255,4294965700,4294967295,243,4294967295,243,1770153402.1313748
4294967295,4294908151,4294966755,4294967294,4278320611,4294967295,11415961,255,4294965700,4294967295,4294902003,4294967295,4294902003,1770153402.1323364
4294967292,4294908154,4294966724,4294967294,4278320580,4294967295,11421419,252,4294965700,4294967295,4294967283,4294967295,4294967283,1770153402.13334
4294967295,4294908157,4294905313,4294967294,4278259169,4294967295,11458977,4294902015,4294904260,4294967295,4294967283,4294967295,4294967283,1770153402.13437
4294967292,4294908157,4294966754,4294967295,4278320610,4294967295,11426505,4294967292,4294965700,4294967295,4294967283,4294967295,4294967283,1770153402.1354048
4294967294,4278196477,4278320614,4294967295,16776678,4294967295,4289617129,254,4294965700,4294967295,243,4294967295,243,1770153402.1364024
4294967295,4294908032,4294966658,4294967294,4278320514,4294967295,11431670,4294967295,4278192580,4294967295,4294967283,4294967295,4294967283,1770153402.1375089
4294967292,4278196352,4278320518,4294967294,16776582,4294967295,4289622422,252,4278254020,4294967295,243,4294967295,243,1770153402.1385672
4294967294,4278196353,4278320528,4294967293,16776592,4294967295,4289624315,4294967294,4294965700,4294967295,4294902003,4294967295,4294902003,1770153402.1398277
4294967295,4278196355,4278320545,4294967295,16776609,4294967295,4289626877,4294967295,4294965700,4294967295,4294967283,4294967295,4294967283,1770153402.1408038
4294967295,4278196355,4278320547,4294967294,16776611,4294967295,4289627341,255,4294965700,4294967040,4294902003,4294967040,4294902003,1770153402.1416993
4294967295,4294908036,4294966703,4278255615,4278320559,4294967295,11439346,4294967295,4294965700,4294967295,4294967283,4294967295,4294967283,1770153402.1433003
4294967295,4278196356,4278320563,4294967295,16776627,4294967295,4289629874,255,4294965700,4294967295,4278190323,4294967295,4278190323,1770153402.1445746
4294967295,4278196357,4278320574,4294967295,16776638,4294967295,4289631695,4294967295,4294965700,4294902015,243,4294902015,243,1770153402.1455996
4294967295,4278196359,4278320595,4294967294,16776659,4294967295,4289635299,255,4294965700,4294967295,4278190323,4294967295,4278190323,1770153402.1466432
4294967292,4278196362,4278320626,4294967292,16776690,16777215,4289640426,252,4294965700,4294967295,243,4294967295,243,1770153402.1476426
4294967295,4278196366,4278320895,4294967293,16776959,4294967295,4289647751,255,4294965700,4294967295,243,4294967295,243,1770153402.1485524
4294967293,4278196367,4278320873,4294967292,16776937,4294967295,4289649404,253,4294965700,4294967295,4294902003,4294967295,4294902003,1770153402.1494749
4294967295,4278196367,4278320875,4294967294,16776939,4294967295,4289649868,255,4294965700,4294967295,4278190323,4294967295,4278190323,1770153402.150349
4294967295,4294908048,4294967030,4294967294,4278320886,4294967295,11461609,4294967295,4294965700,4294967295,4294967283,4294967295,4294967283,1770153402.1512346
4294967295,4294908049,4294967039,4294967292,130815,4294967295,11463157,4294902015,4294965700,4294967295,243,4294967295,243,1770153402.152098
4294967292,4294908049,4294966976,4294967293,4278320832,4294967295,11463133,4294967292,4278192580,4294967295,4294902003,4294967295,4294902003,1770153402.153216
4294967293,4294908051,4294966995,4294967294,4278320851,4294967295,11466495,4294902013,4294904260,4294967295,4294967283,4294967295,4294967283,1770153402.15423
4294967295,4294908051,4294966996,4294967295,4278320852,4294967295,11466439,4294967295,4294965700,4294967295,4294967283,4294967295,4294967283,1770153402.1551507
4294967294,4278196371,4278320854,4294967293,16776918,4294967295,4289657079,254,4294965700,4294967295,4294967283,4294967295,4294967283,1770153402.1562874
4294967293,4278196372,4278320863,4294967295,16776927,4294967295,4289658339,4294967293,4294965700,4294967295,4294902003,4294967295,4294902003,1770153402.1572788
4294967294,4294908054,4294967028,4294967294,4278320884,4294967295,11471859,4294902014,4294965700,4294967295,243,4294967295,243,1770153402.1582313
4294967293,4294908055,4294967037,4294967295,4278320893,4294967295,11530751,4294902013,4278254020,4294967295,4294967283,4294967295,4294967283,1770153402.1591742
4294967293,4294908055,4294966915,4294967294,4278320771,4294967295,11474418,4294967293,4294965700,4294967295,4294967283,4294967295,4294967283,1770153402.160295
4294967295,4278196376,4278320784,4294967288,16776848,4294967295,4289666462,4294967295,4294965700,4294967295,243,4294967295,243,1770153402.161324
4294967294,4278196378,4278320804,4294967294,16776868,4294967295,4289669767,254,4294965700,4294967295,243,4294967295,243,1770153402.1623688
4294967292,4278196379,4278320812,4294967295,16776876,4294967295,4289671083,4294967292,16775620,4294967295,4294902003,4294967295,4294902003,1770153402.1633275
4294967293,4294908059,16776883,4294967290,130739,4294901760,11482073,4294967293,4294966488,4294967295,4294902010,4294967295,4294902010,1770153402.164302
4294967293,4294908061,4294966975,4294967295,4278320831,4294967295,11533290,4294902013,4278254020,4294967295,4294967283,4294967295,4294967283,1770153402.165284
4294967295,4294908062,4294966988,4294967294,4278320844,4294967295,11486426,4294967295,4278192580,4294967295,4294967283,4294967295,4294967283,1770153402.167781
4294967294,4278196384,4278320870,4294967294,16776934,4294967295,4289680882,254,4294965700,4294967295,243,4294967295,243,1770153402.1686976
4294967293,4278196385,4278320879,4294967292,16776943,4294967295,4289682174,253,4294965700,4294967295,4294902003,4294967295,4294902003,1770153402.1697612
4294967295,4294908066,4294967033,4294967295,4278320889,4294967295,4289716724,4294967295,4278254020,4294967295,4294967283,4294967295,4294967283,1770153402.1707597
4294967294,4278196386,4278320894,4294967288,16776958,4294967295,4289684668,254,4294965700,4294967295,4278190323,4294967295,4278190323,1770153402.1718214
4294967294,4294908068,4294967280,4294967292,4278321136,4294967295,11497685,4294902014,4278192580,4294967295,4294967283,4294967295,4294967283,1770153402.1728485
4294967295,4278196388,4278321140,4294967288,16777204,4294967295,4289688309,4294967295,4294965700,4294967295,243,4294967295,243,1770153402.174099
4294967293,4278196389,4278321145,4294967294,16777209,4294967295,4289689314,4294967293,4294965700,4294967295,4294902003,4294967295,4294902003,1770153402.1757066
4294967294,4278196389,4278321148,4294967293,16777212,4294967295,4289689850,254,4294965700,4294967295,243,4294967295,243,1770153402.176881
4294967295,4294908070,4294967267,4294967295,4278321123,4294967295,11500693,4294967295,4278192580,4294967295,4294902003,4294967295,4294902003,1770153402.177882
4294967295,4278196392,4278321144,4294967295,16777208,4294967295,4289694438,4294967295,4294965700,4294967295,4294967283,4294967295,4294967283,1770153402.178862
4294967295,4294908072,4294967289,4294967295,4278321145,4294967295,11504334,4294967295,4294965700,4294967295,4294967283,4294967295,4294967283,1770153402.1798368
4294967295,4278196393,4278321099,4294967288,16777163,4294967295,4289697411,255,4294965700,4294967295,243,4294967295,243,1770153402.1808488
4294967295,4278196394,4278321110,4294967288,16777174,4294967295,4289699233,4294967295,4294965700,4294967295,4278190323,4294967295,4278190323,1770153402.1818023
4294967292,4278196397,4278321138,4294967295,16777202,4294967295,4289703854,4294967292,4294965700,4294967295,4294902003,4294967295,4294902003,1770153402.1826916
4294967294,4278196399,4278321038,4294967289,16777102,4294967295,4289708502,254,4278254020,4294967295,243,4294967295,243,1770153402.1835573
4294967295,4278196400,4278321048,4294967288,16777112,4294967295,4289710282,4294967295,4294965700,4294967295,4278190323,4294967295,4278190323,1770153402.184439
4294967295,4294908084,4294967234,4294967294,4278321090,4294967295,11527147,4294967295,4294965700,4294967295,243,4294967295,243,1770153402.185315
4294967295,4278196406,4278321109,4294967295,16777173,4294967295,4289720235,4294967295,4294965700,4294967295,16711923,4294967295,16711923,1770153402.1862423
4294967294,4278196406,4278321110,4294967292,16777174,4294967295,4289720531,4278190082,63940,4294967295,65523,4294967295,65523,1770153402.1872268
4294967294,4294908087,4294967266,4294967293,4278321122,4294967295,11532535,254,4294965700,4294967295,4294967283,4294967295,4294967283,1770153402.1882057
4294967292,4278196408,4278321136,4294967288,16777200,4294967295,4289724907,252,4294965700,4294967295,243,4294967295,243,1770153402.18927
4294967295,4278196409,131061,4294967042,16777205,4294967295,4289789144,4294967295,4294965700,4294967295,4294902003,4294967295,4294902003,1770153402.1901417
4294967295,4278196410,131071,4294967041,16777215,4294967295,4289788620,4294902015,4294965700,4294967295,4294902003,4294967295,4294902003,1770153402.191125
4294967292,4278196410,4278317310,4294967292,16773374,4294967295,4289727684,252,4294965700,4294967295,243,4294967295,243,1770153402.1921864
4294967295,4278253754,4294906111,4294967289,16773375,4294967295,11596028,255,4294904260,4294967040,4294967283,4294967040,4294967283,1770153402.1931648
4294967292,4278196410,4278317304,4294967290,16773368,4294967295,4289728714,252,4294966488,4294967295,4278190330,4294967295,4278190330,1770153402.1942272
4294967292,4294908092,4294963450,4294967294,4278317306,4294967295,11541708,4294967292,4294965700,4294967295,4294902003,4294967295,4294902003,1770153402.195169
4294967294,4294908094,4294963440,4294967294,4278317296,4294967295,11545219,4294967294,4294965700,4294967295,4294902003,4294967295,4294902003,1770153402.1960804
4294967295,4278196448,4278320359,4294967295,16776423,4294967295,4289564328,255,4294965700,4294967295,243,4294967295,243,1770153402.199814
4294967292,4278196450,130294,4294967040,16776438,4294967295,4289566920,16777212,4294965700,4294967295,4294967283,4294967295,4294967283,1770153402.2008226
4294967293,4294908130,4294966519,4294967295,4278320375,4294967295,11376880,4294967293,4294965700,4294967295,4294967283,4294967295,4294967283,1770153402.2018952
4294967295,4278196450,4278320379,4294967293,16776443,4294967295,4289567632,255,4294965700,4294967295,243,4294967295,243,1770153402.2029183
4294967295,4278196454,4278320361,4294967295,16776425,4294967295,4289575380,255,4294965700,4294967295,243,4294967295,243,1770153402.203876
4294967295,4294908137,4294966403,4294967295,4278320259,4294967295,4289579761,4294967295,4294904260,4294967295,4294902003,4294967295,4294902003,1770153402.2047937
4294967294,4278196459,4278258848,4294967295,16776352,4294967295,4289584359,254,4294965700,4294967295,243,4294967295,243,1770153402.205887
4294967295,4294908140,4294966442,4294967294,4278320298,4294967295,11396062,4294967295,4294965700,4294967295,4294902003,4294967295,4294902003,1770153402.206867
4294967295,4278196463,4278320334,4294967289,16776398,4294967295,4289591980,4294967295,4294965700,4294967295,4278190323,4294967295,4278190323,1770153402.207767
4294967295,4278196464,4278320341,4294967293,16776405,4294967295,4289593320,255,4294965700,4294967295,243,4294967295,243,1770153402.2087348
4294967295,4294908151,4294966755,4294967294,4278320611,4294967295,11415961,255,4294965700,4294967295,4294902003,4294967295,4294902003,1770153402.2097695
4294967292,4294908154,4294966724,4294967294,4278320580,4294967295,11421419,252,4294965700,4294967295,4294967283,4294967295,4294967283,1770153402.210701
4294967295,4294908157,4294905313,4294967294,4278259169,4294967295,11458977,4294902015,4294904260,4294967295,4294967283,4294967295,4294967283,1770153402.2116358
4294967292,4294908157,4294966754,4294967295,4278320610,4294967295,11426505,4294967292,4294965700,4294967295,4294967283,4294967295,4294967283,1770153402.2126071
4294967294,4278196477,4278320614,4294967295,16776678,4294967295,4289617129,254,4294965700,4294967295,243,4294967295,243,1770153402.2135186
4294967295,4294908032,4294966658,4294967294,4278320514,4294967295,11431670,4294967295,4278192580,4294967295,4294967283,4294967295,4294967283,1770153402.2145202
4294967292,4278196352,4278320518,4294967294,16776582,4294967295,4289622422,252,4278254020,4294967295,243,4294967295,243,1770153402.2155557
4294967294,4278196353,4278320528,4294967293,16776592,4294967295,4289624315,4294967294,4294965700,4294967295,4294902003,4294967295,4294902003,1770153402.216677
4294967295,4278196355,4278320545,4294967295,16776609,4294967295,4289626877,4294967295,4294965700,4294967295,4294967283,4294967295,4294967283,1770153402.217719
4294967295,4278196355,4278320547,4294967294,16776611,4294967295,4289627341,255,4294965700,4294967040,4294902003,4294967040,4294902003,1770153402.218823
4294967295,4294908036,4294966703,4278255615,4278320559,4294967295,11439346,4294967295,4294965700,4294967295,4294967283,4294967295,4294967283,1770153402.2198575
4294967295,4278196356,4278320563,4294967295,16776627,4294967295,4289629874,255,4294965700,4294967295,4278190323,4294967295,4278190323,1770153402.220805
4294967295,4278196357,4278320574,4294967295,16776638,4294967295,4289631695,4294967295,4294965700,4294902015,243,4294902015,243,1770153402.2219095
4294967295,4278196359,4278320595,4294967294,16776659,4294967295,4289635299,255,4294965700,4294967295,4278190323,4294967295,4278190323,1770153402.222958
4294967292,4278196362,4278320626,4294967292,16776690,16777215,4289640426,252,4294965700,4294967295,243,4294967295,243,1770153402.2239473
4294967295,4278196366,4278320895,4294967293,16776959,4294967295,4289647751,255,4294965700,4294967295,243,4294967295,243,1770153402.2250843
4294967293,4278196367,4278320873,4294967292,16776937,4294967295,4289649404,253,4294965700,4294967295,4294902003,4294967295,4294902003,1770153402.2262783
4294967295,4278196367,4278320875,4294967294,16776939,4294967295,4289649868,255,4294965700,4294967295,4278190323,4294967295,4278190323,1770153402.2275345
4294967295,4294908048,4294967030,4294967294,4278320886,4294967295,11461609,4294967295,4294965700,4294967295,4294967283,4294967295,4294967283,1770153402.228572
4294967295,4294908049,4294967039,4294967292,130815,4294967295,11463157,4294902015,4294965700,4294967295,243,4294967295,243,1770153402.2296424
4294967292,4294908049,4294966976,4294967293,4278320832,4294967295,11463133,4294967292,4278192580,4294967295,4294902003,4294967295,4294902003,1770153402.2306612
4294967293,4294908051,4294966995,4294967294,4278320851,4294967295,11466495,4294902013,4294904260,4294967295,4294967283,4294967295,4294967283,1770153402.2316825
4294967295,4294908051,4294966996,4294967295,4278320852,4294967295,11466439,4294967295,4294965700,4294967295,4294967283,4294967295,4294967283,1770153402.2327788
4294967294,4278196371,4278320854,4294967293,16776918,4294967295,4289657079,254,4294965700,4294967295,4294967283,4294967295,4294967283,1770153402.2340786
4294967293,4278196372,4278320863,4294967295,16776927,4294967295,4289658339,4294967293,4294965700,4294967295,4294902003,4294967295,4294902003,1770153402.2351818
4294967294,4294908054,4294967028,4294967294,4278320884,4294967295,11471859,4294902014,4294965700,4294967295,243,4294967295,243,1770153402.2362797
4294967293,4294908055,4294967037,4294967295,4278320893,4294967295,11530751,4294902013,4278254020,4294967295,4294967283,4294967295,4294967283,1770153402.2375169
4294967293,4294908055,4294966915,4294967294,4278320771,4294967295,11474418,4294967293,4294965700,4294967295,4294967283,4294967295,4294967283,1770153402.238702
4294967295,4278196376,4278320784,4294967288,16776848,4294967295,4289666462,4294967295,4294965700,4294967295,243,4294967295,243,1770153402.239822
4294967294,4278196378,4278320804,4294967294,16776868,4294967295,4289669767,254,4294965700,4294967295,243,4294967295,243,1770153402.2409112
4294967292,4278196379,4278320812,4294967295,16776876,4294967295,4289671083,4294967292,16775620,4294967295,4294902003,4294967295,4294902003,1770153402.2419324
4294967293,4294908059,16776883,4294967290,130739,4294901760,11482073,4294967293,4294966488,4294967295,4294902010,4294967295,4294902010,1770153402.243048
4294967293,4294908061,4294966975,4294967295,4278320831,4294967295,11533290,4294902013,4278254020,4294967295,4294967283,4294967295,4294967283,1770153402.2442021
4294967295,4294908062,4294966988,4294967294,4278320844,4294967295,11486426,4294967295,4278192580,4294967295,4294967283,4294967295,4294967283,1770153402.2452228
4294967294,4278196384,4278320870,4294967294,16776934,4294967295,4289680882,254,4294965700,4294967295,243,4294967295,243,1770153402.246135
4294967293,4278196385,4278320879,4294967292,16776943,4294967295,4289682174,253,4294965700,4294967295,4294902003,4294967295,4294902003,1770153402.2471113
4294967295,4294908066,4294967033,4294967295,4278320889,4294967295,4289716724,4294967295,4278254020,4294967295,4294967283,4294967295,4294967283,1770153402.2480228
4294967294,4278196386,4278320894,4294967288,16776958,4294967295,4289684668,254,4294965700,4294967295,4278190323,4294967295,4278190323,1770153402.2489839
4294967294,4294908068,4294967280,4294967292,4278321136,4294967295,11497685,4294902014,4278192580,4294967295,4294967283,4294967295,4294967283,1770153402.249842
4294967295,4278196388,4278321140,4294967288,16777204,4294967295,4289688309,4294967295,4294965700,4294967295,243,4294967295,243,1770153402.2509441
4294967293,4278196389,4278321145,4294967294,16777209,4294967295,4289689314,4294967293,4294965700,4294967295,4294902003,4294967295,4294902003,1770153402.2519855
4294967294,4278196389,4278321148,4294967293,16777212,4294967295,4289689850,254,4294965700,4294967295,243,4294967295,243,1770153402.2529838
4294967295,4294908070,4294967267,4294967295,4278321123,4294967295,11500693,4294967295,4278192580,4294967295,4294902003,4294967295,4294902003,1770153402.2539382
4294967295,4278196392,4278321144,4294967295,16777208,4294967295,4289694438,4294967295,4294965700,4294967295,4294967283,4294967295,4294967283,1770153402.2548764
4294967295,4294908072,4294967289,4294967295,4278321145,4294967295,11504334,4294967295,4294965700,4294967295,4294967283,4294967295,4294967283,1770153402.2558389
4294967295,4278196393,4278321099,4294967288,16777163,4294967295,4289697411,255,4294965700,4294967295,243,4294967295,243,1770153402.2568047
4294967295,4278196394,4278321110,4294967288,16777174,4294967295,4289699233,4294967295,4294965700,4294967295,4278190323,4294967295,4278190323,1770153402.2577183
4294967292,4278196397,4278321138,4294967295,16777202,4294967295,4289703854,4294967292,4294965700,4294967295,4294902003,4294967295,4294902003,1770153402.258729
4294967294,4278196399,4278321038,4294967289,16777102,4294967295,4289708502,254,4278254020,4294967295,243,4294967295,243,1770153402.259694
4294967295,4278196400,4278321048,4294967288,16777112,4294967295,4289710282,4294967295,4294965700,4294967295,4278190323,4294967295,4278190323,1770153402.2606568
4294967295,4294908084,4294967234,4294967294,4278321090,4294967295,11527147,4294967295,4294965700,4294967295,243,4294967295,243,1770153402.2615726
4294967295,4278196406,4278321109,4294967295,16777173,4294967295,4289720235,4294967295,4294965700,4294967295,16711923,4294967295,16711923,1770153402.2625372
4294967294,4278196406,4278321110,4294967292,16777174,4294967295,4289720531,4278190082,63940,4294967295,65523,4294967295,65523,1770153402.2635205
4294967294,4294908087,4294967266,4294967293,4278321122,4294967295,11532535,254,4294965700,4294967295,4294967283,4294967295,4294967283,1770153402.2651453
4294967292,4278196408,4278321136,4294967288,16777200,4294967295,4289724907,252,4294965700,4294967295,243,4294967295,243,1770153402.266268
4294967295,4278196409,131061,4294967042,16777205,4294967295,4289789144,4294967295,4294965700,4294967295,4294902003,4294967295,4294902003,1770153402.2671304
4294967295,4278196410,131071,4294967041,16777215,4294967295,4289788620,4294902015,4294965700,4294967295,4294902003,4294967295,4294902003,1770153402.2687647
4294967292,4278196410,4278317310,4294967292,16773374,4294967295,4289727684,252,4294965700,4294967295,243,4294967295,243,1770153402.2702923
4294967295,4278253754,4294906111,4294967289,16773375,4294967295,11596028,255,4294904260,4294967040,4294967283,4294967040,4294967283,1770153402.2714245
4294967292,4278196410,4278317304,4294967290,16773368,4294967295,4289728714,252,4294966488,4294967295,4278190330,4294967295,4278190330,1770153402.2724855
4294967292,4294908092,4294963450,4294967294,4278317306,4294967295,11541708,4294967292,4294965700,4294967295,4294902003,4294967295,4294902003,1770153402.2735848
4294967294,4294908094,4294963440,4294967294,4278317296,4294967295,11545219,4294967294,4294965700,4294967295,4294902003,4294967295,4294902003,1770153402.2763238
4294967293,4278196416,4278317253,4294967293,16773317,4294967295,4289738994,253,4294965700,4294967295,243,4294967295,243,1770153402.277713
4294967295,4278196448,4278320359,4294967295,16776423,4294967295,4289564328,255,4294965700,4294967295,243,4294967295,243,1770153402.281323
4294967292,4278196450,130294,4294967040,16776438,4294967295,4289566920,16777212,4294965700,4294967295,4294967283,4294967295,4294967283,1770153402.282346
4294967293,4294908130,4294966519,4294967295,4278320375,4294967295,11376880,4294967293,4294965700,4294967295,4294967283,4294967295,4294967283,1770153402.283346
4294967295,4278196450,4278320379,4294967293,16776443,4294967295,4289567632,255,4294965700,4294967295,243,4294967295,243,1770153402.2842884
4294967295,4278196454,4278320361,4294967295,16776425,4294967295,4289575380,255,4294965700,4294967295,243,4294967295,243,1770153402.2852838
4294967295,4294908137,4294966403,4294967295,4278320259,4294967295,4289579761,4294967295,4294904260,4294967295,4294902003,4294967295,4294902003,1770153402.2862494
4294967294,4278196459,4278258848,4294967295,16776352,4294967295,4289584359,254,4294965700,4294967295,243,4294967295,243,1770153402.2873268
4294967295,4294908140,4294966442,4294967294,4278320298,4294967295,11396062,4294967295,4294965700,4294967295,4294902003,4294967295,4294902003,1770153402.2882612
4294967295,4278196463,4278320334,4294967289,16776398,4294967295,4289591980,4294967295,4294965700,4294967295,4278190323,4294967295,4278190323,1770153402.2892814
4294967295,4278196464,4278320341,4294967293,16776405,4294967295,4289593320,255,4294965700,4294967295,243,4294967295,243,1770153402.2902527
4294967295,4294908151,4294966755,4294967294,4278320611,4294967295,11415961,255,4294965700,4294967295,4294902003,4294967295,4294902003,1770153402.2912285
4294967292,4294908154,4294966724,4294967294,4278320580,4294967295,11421419,252,4294965700,4294967295,4294967283,4294967295,4294967283,1770153402.292233
4294967295,4294908157,4294905313,4294967294,4278259169,4294967295,11458977,4294902015,4294904260,4294967295,4294967283,4294967295,4294967283,1770153402.2932215
4294967292,4294908157,4294966754,4294967295,4278320610,4294967295,11426505,4294967292,4294965700,4294967295,4294967283,4294967295,4294967283,1770153402.2942824
4294967294,4278196477,4278320614,4294967295,16776678,4294967295,4289617129,254,4294965700,4294967295,243,4294967295,243,1770153402.2953565
4294967295,4294908032,4294966658,4294967294,4278320514,4294967295,11431670,4294967295,4278192580,4294967295,4294967283,4294967295,4294967283,1770153402.2962625
4294967292,4278196352,4278320518,4294967294,16776582,4294967295,4289622422,252,4278254020,4294967295,243,4294967295,243,1770153402.297199
4294967294,4278196353,4278320528,4294967293,16776592,4294967295,4289624315,4294967294,4294965700,4294967295,4294902003,4294967295,4294902003,1770153402.2982807
4294967295,4278196355,4278320545,4294967295,16776609,4294967295,4289626877,4294967295,4294965700,4294967295,4294967283,4294967295,4294967283,1770153402.2994845
4294967295,4278196355,4278320547,4294967294,16776611,4294967295,4289627341,255,4294965700,4294967040,4294902003,4294967040,4294902003,1770153402.3005323
4294967295,4294908036,4294966703,4278255615,4278320559,4294967295,11439346,4294967295,4294965700,4294967295,4294967283,4294967295,4294967283,1770153402.3017583
4294967295,4278196356,4278320563,4294967295,16776627,4294967295,4289629874,255,4294965700,4294967295,4278190323,4294967295,4278190323,1770153402.3027973
4294967295,4278196357,4278320574,4294967295,16776638,4294967295,4289631695,4294967295,4294965700,4294902015,243,4294902015,243,1770153402.3038497
4294967295,4278196359,4278320595,4294967294,16776659,4294967295,4289635299,255,4294965700,4294967295,4278190323,4294967295,4278190323,1770153402.3048074
4294967292,4278196362,4278320626,4294967292,16776690,16777215,4289640426,252,4294965700,4294967295,243,4294967295,243,1770153402.3058906
4294967295,4278196366,4278320895,4294967293,16776959,4294967295,4289647751,255,4294965700,4294967295,243,4294967295,243,1770153402.306874
4294967293,4278196367,4278320873,4294967292,16776937,4294967295,4289649404,253,4294965700,4294967295,4294902003,4294967295,4294902003,1770153402.3078725
4294967295,4278196367,4278320875,4294967294,16776939,4294967295,4289649868,255,4294965700,4294967295,4278190323,4294967295,4278190323,1770153402.3088598
4294967295,4294908048,4294967030,4294967294,4278320886,4294967295,11461609,4294967295,4294965700,4294967295,4294967283,4294967295,4294967283,1770153402.3097246
4294967295,4294908049,4294967039,4294967292,130815,4294967295,11463157,4294902015,4294965700,4294967295,243,4294967295,243,1770153402.3107579
4294967292,4294908049,4294966976,4294967293,4278320832,4294967295,11463133,4294967292,4278192580,4294967295,4294902003,4294967295,4294902003,1770153402.3117673
4294967293,4294908051,4294966995,4294967294,4278320851,4294967295,11466495,4294902013,4294904260,4294967295,4294967283,4294967295,4294967283,1770153402.3127704
4294967295,4294908051,4294966996,4294967295,4278320852,4294967295,11466439,4294967295,4294965700,4294967295,4294967283,4294967295,4294967283,1770153402.313658
4294967294,4278196371,4278320854,4294967293,16776918,4294967295,4289657079,254,4294965700,4294967295,4294967283,4294967295,4294967283,1770153402.314634
4294967293,4278196372,4278320863,4294967295,16776927,4294967295,4289658339,4294967293,4294965700,4294967295,4294902003,4294967295,4294902003,1770153402.3155477
4294967294,4294908054,4294967028,4294967294,4278320884,4294967295,11471859,4294902014,4294965700,4294967295,243,4294967295,243,1770153402.316444
4294967293,4294908055,4294967037,4294967295,4278320893,4294967295,11530751,4294902013,4278254020,4294967295,4294967283,4294967295,4294967283,1770153402.3173559
4294967293,4294908055,4294966915,4294967294,4278320771,4294967295,11474418,4294967293,4294965700,4294967295,4294967283,4294967295,4294967283,1770153402.31829
4294967295,4278196376,4278320784,4294967288,16776848,4294967295,4289666462,4294967295,4294965700,4294967295,243,4294967295,243,1770153402.3192518
4294967294,4278196378,4278320804,4294967294,16776868,4294967295,4289669767,254,4294965700,4294967295,243,4294967295,243,1770153402.320252
4294967292,4278196379,4278320812,4294967295,16776876,4294967295,4289671083,4294967292,16775620,4294967295,4294902003,4294967295,4294902003,1770153402.3211446
4294967293,4294908059,16776883,4294967290,130739,4294901760,11482073,4294967293,4294966488,4294967295,4294902010,4294967295,4294902010,1770153402.3220968
4294967293,4294908061,4294966975,4294967295,4278320831,4294967295,11533290,4294902013,4278254020,4294967295,4294967283,4294967295,4294967283,1770153402.3231132
4294967295,4294908062,4294966988,4294967294,4278320844,4294967295,11486426,4294967295,4278192580,4294967295,4294967283,4294967295,4294967283,1770153402.3241148
4294967294,4278196384,4278320870,4294967294,16776934,4294967295,4289680882,254,4294965700,4294967295,243,4294967295,243,1770153402.3250937
4294967293,4278196385,4278320879,4294967292,16776943,4294967295,4289682174,253,4294965700,4294967295,4294902003,4294967295,4294902003,1770153402.3266344
4294967295,4294908066,4294967033,4294967295,4278320889,4294967295,4289716724,4294967295,4278254020,4294967295,4294967283,4294967295,4294967283,1770153402.3278136
4294967294,4278196386,4278320894,4294967288,16776958,4294967295,4289684668,254,4294965700,4294967295,4278190323,4294967295,4278190323,1770153402.3291066
4294967294,4294908068,4294967280,4294967292,4278321136,4294967295,11497685,4294902014,4278192580,4294967295,4294967283,4294967295,4294967283,1770153402.330457
4294967295,4278196388,4278321140,4294967288,16777204,4294967295,4289688309,4294967295,4294965700,4294967295,243,4294967295,243,1770153402.3314369
4294967293,4278196389,4278321145,4294967294,16777209,4294967295,4289689314,4294967293,4294965700,4294967295,4294902003,4294967295,4294902003,1770153402.3324323
4294967294,4278196389,4278321148,4294967293,16777212,4294967295,4289689850,254,4294965700,4294967295,243,4294967295,243,1770153402.3334885
4294967295,4294908070,4294967267,4294967295,4278321123,4294967295,11500693,4294967295,4278192580,4294967295,4294902003,4294967295,4294902003,1770153402.334555
4294967295,4278196392,4278321144,4294967295,16777208,4294967295,4289694438,4294967295,4294965700,4294967295,4294967283,4294967295,4294967283,1770153402.335547
4294967295,4294908072,4294967289,4294967295,4278321145,4294967295,11504334,4294967295,4294965700,4294967295,4294967283,4294967295,4294967283,1770153402.3364666
4294967295,4278196393,4278321099,4294967288,16777163,4294967295,4289697411,255,4294965700,4294967295,243,4294967295,243,1770153402.3374572
4294967295,4278196394,4278321110,4294967288,16777174,4294967295,4289699233,4294967295,4294965700,4294967295,4278190323,4294967295,4278190323,1770153402.3383813
4294967292,4278196397,4278321138,4294967295,16777202,4294967295,4289703854,4294967292,4294965700,4294967295,4294902003,4294967295,4294902003,1770153402.3393369
4294967294,4278196399,4278321038,4294967289,16777102,4294967295,4289708502,254,4278254020,4294967295,243,4294967295,243,1770153402.3402858
4294967295,4278196400,4278321048,4294967288,16777112,4294967295,4289710282,4294967295,4294965700,4294967295,4278190323,4294967295,4278190323,1770153402.3412075
4294967295,4294908084,4294967234,4294967294,4278321090,4294967295,11527147,4294967295,4294965700,4294967295,243,4294967295,243,1770153402.342147
4294967295,4278196406,4278321109,4294967295,16777173,4294967295,4289720235,4294967295,4294965700,4294967295,16711923,4294967295,16711923,1770153402.3433814
4294967294,4278196406,4278321110,4294967292,16777174,4294967295,4289720531,4278190082,63940,4294967295,65523,4294967295,65523,1770153402.3446996
4294967294,4294908087,4294967266,4294967293,4278321122,4294967295,11532535,254,4294965700,4294967295,4294967283,4294967295,4294967283,1770153402.3456726
4294967292,4278196408,4278321136,4294967288,16777200,4294967295,4289724907,252,4294965700,4294967295,243,4294967295,243,1770153402.3466733
4294967295,4278196409,131061,4294967042,16777205,4294967295,4289789144,4294967295,4294965700,4294967295,4294902003,4294967295,4294902003,1770153402.347713
4294967295,4278196410,131071,4294967041,16777215,4294967295,4289788620,4294902015,4294965700,4294967295,4294902003,4294967295,4294902003,1770153402.348761
4294967292,4278196410,4278317310,4294967292,16773374,4294967295,4289727684,252,4294965700,4294967295,243,4294967295,243,1770153402.3497527
4294967295,4278253754,4294906111,4294967289,16773375,4294967295,11596028,255,4294904260,4294967040,4294967283,4294967040,4294967283,1770153402.3507383
4294967292,4278196410,4278317304,4294967290,16773368,4294967295,4289728714,252,4294966488,4294967295,4278190330,4294967295,4278190330,1770153402.351676
4294967292,4294908092,4294963450,4294967294,4278317306,4294967295,11541708,4294967292,4294965700,4294967295,4294902003,4294967295,4294902003,1770153402.3526435
4294967294,4294908094,4294963440,4294967294,4278317296,4294967295,11545219,4294967294,4294965700,4294967295,4294902003,4294967295,4294902003,1770153402.3535378
4294967293,4278196416,4278317253,4294967293,16773317,4294967295,4289738994,253,4294965700,4294967295,243,4294967295,243,1770153402.3546267
4294902012,4278196417,4278317264,4294967293,16773328,4294967295,4289740782,252,4294965700,4294967295,243,4294967295,243,1770153402.3557127
4294967295,4278196448,4278320359,4294967295,16776423,4294967295,4289564328,255,4294965700,4294967295,243,4294967295,243,1770153402.3599885
4294967292,4278196450,130294,4294967040,16776438,4294967295,4289566920,16777212,4294965700,4294967295,4294967283,4294967295,4294967283,1770153402.36114
4294967293,4294908130,4294966519,4294967295,4278320375,4294967295,11376880,4294967293,4294965700,4294967295,4294967283,4294967295,4294967283,1770153402.362119
4294967295,4278196450,4278320379,4294967293,16776443,4294967295,4289567632,255,4294965700,4294967295,243,4294967295,243,1770153402.36335
4294967295,4278196454,4278320361,4294967295,16776425,4294967295,4289575380,255,4294965700,4294967295,243,4294967295,243,1770153402.3644168
4294967295,4294908137,4294966403,4294967295,4278320259,4294967295,4289579761,4294967295,4294904260,4294967295,4294902003,4294967295,4294902003,1770153402.365344
4294967294,4278196459,4278258848,4294967295,16776352,4294967295,4289584359,254,4294965700,4294967295,243,4294967295,243,1770153402.36622
4294967295,4294908140,4294966442,4294967294,4278320298,4294967295,11396062,4294967295,4294965700,4294967295,4294902003,4294967295,4294902003,1770153402.3671157
4294967295,4278196463,4278320334,4294967289,16776398,4294967295,4289591980,4294967295,4294965700,4294967295,4278190323,4294967295,4278190323,1770153402.3679364
4294967295,4278196464,4278320341,4294967293,16776405,4294967295,4289593320,255,4294965700,4294967295,243,4294967295,243,1770153402.3688262
4294967295,4294908151,4294966755,4294967294,4278320611,4294967295,11415961,255,4294965700,4294967295,4294902003,4294967295,4294902003,1770153402.3697152
4294967292,4294908154,4294966724,4294967294,4278320580,4294967295,11421419,252,4294965700,4294967295,4294967283,4294967295,4294967283,1770153402.3706443
4294967295,4294908157,4294905313,4294967294,4278259169,4294967295,11458977,4294902015,4294904260,4294967295,4294967283,4294967295,4294967283,1770153402.3715072
4294967292,4294908157,4294966754,4294967295,4278320610,4294967295,11426505,4294967292,4294965700,4294967295,4294967283,4294967295,4294967283,1770153402.3724709
4294967294,4278196477,4278320614,4294967295,16776678,4294967295,4289617129,254,4294965700,4294967295,243,4294967295,243,1770153402.3734663
4294967295,4294908032,4294966658,4294967294,4278320514,4294967295,11431670,4294967295,4278192580,4294967295,4294967283,4294967295,4294967283,1770153402.3744256
4294967292,4278196352,4278320518,4294967294,16776582,4294967295,4289622422,252,4278254020,4294967295,243,4294967295,243,1770153402.3753934
4294967294,4278196353,4278320528,4294967293,16776592,4294967295,4289624315,4294967294,4294965700,4294967295,4294902003,4294967295,4294902003,1770153402.3762977
4294967295,4278196355,4278320545,4294967295,16776609,4294967295,4289626877,4294967295,4294965700,4294967295,4294967283,4294967295,4294967283,1770153402.3772295
4294967295,4278196355,4278320547,4294967294,16776611,4294967295,4289627341,255,4294965700,4294967040,4294902003,4294967040,4294902003,1770153402.378214
4294967295,4294908036,4294966703,4278255615,4278320559,4294967295,11439346,4294967295,4294965700,4294967295,4294967283,4294967295,4294967283,1770153402.379208
4294967295,4278196356,4278320563,4294967295,16776627,4294967295,4289629874,255,4294965700,4294967295,4278190323,4294967295,4278190323,1770153402.380193
4294967295,4278196357,4278320574,4294967295,16776638,4294967295,4289631695,4294967295,4294965700,4294902015,243,4294902015,243,1770153402.3810794
4294967295,4278196359,4278320595,4294967294,16776659,4294967295,4289635299,255,4294965700,4294967295,4278190323,4294967295,4278190323,1770153402.3819754
4294967292,4278196362,4278320626,4294967292,16776690,16777215,4289640426,252,4294965700,4294967295,243,4294967295,243,1770153402.3845828
4294967295,4278196366,4278320895,4294967293,16776959,4294967295,4289647751,255,4294965700,4294967295,243,4294967295,243,1770153402.3855104
4294967293,4278196367,4278320873,4294967292,16776937,4294967295,4289649404,253,4294965700,4294967295,4294902003,4294967295,4294902003,1770153402.386395
4294967295,4278196367,4278320875,4294967294,16776939,4294967295,4289649868,255,4294965700,4294967295,4278190323,4294967295,4278190323,1770153402.387282
4294967295,4294908048,4294967030,4294967294,4278320886,4294967295,11461609,4294967295,4294965700,4294967295,4294967283,4294967295,4294967283,1770153402.3883052
4294967295,4294908049,4294967039,4294967292,130815,4294967295,11463157,4294902015,4294965700,4294967295,243,4294967295,243,1770153402.3892055
4294967292,4294908049,4294966976,4294967293,4278320832,4294967295,11463133,4294967292,4278192580,4294967295,4294902003,4294967295,4294902003,1770153402.390178
4294967293,4294908051,4294966995,4294967294,4278320851,4294967295,11466495,4294902013,4294904260,4294967295,4294967283,4294967295,4294967283,1770153402.3910475
4294967295,4294908051,4294966996,4294967295,4278320852,4294967295,11466439,4294967295,4294965700,4294967295,4294967283,4294967295,4294967283,1770153402.3924603
4294967294,4278196371,4278320854,4294967293,16776918,4294967295,4289657079,254,4294965700,4294967295,4294967283,4294967295,4294967283,1770153402.3939323
4294967293,4278196372,4278320863,4294967295,16776927,4294967295,4289658339,4294967293,4294965700,4294967295,4294902003,4294967295,4294902003,1770153402.3950343
4294967294,4294908054,4294967028,4294967294,4278320884,4294967295,11471859,4294902014,4294965700,4294967295,243,4294967295,243,1770153402.396005
4294967293,4294908055,4294967037,4294967295,4278320893,4294967295,11530751,4294902013,4278254020,4294967295,4294967283,4294967295,4294967283,1770153402.3970265
4294967293,4294908055,4294966915,4294967294,4278320771,4294967295,11474418,4294967293,4294965700,4294967295,4294967283,4294967295,4294967283,1770153402.3980181
4294967295,4278196376,4278320784,4294967288,16776848,4294967295,4289666462,4294967295,4294965700,4294967295,243,4294967295,243,1770153402.3989272
4294967294,4278196378,4278320804,4294967294,16776868,4294967295,4289669767,254,4294965700,4294967295,243,4294967295,243,1770153402.3997982
4294967292,4278196379,4278320812,4294967295,16776876,4294967295,4289671083,4294967292,16775620,4294967295,4294902003,4294967295,4294902003,1770153402.4006991
4294967293,4294908059,16776883,4294967290,130739,4294901760,11482073,4294967293,4294966488,4294967295,4294902010,4294967295,4294902010,1770153402.4015644
4294967293,4294908061,4294966975,4294967295,4278320831,4294967295,11533290,4294902013,4278254020,4294967295,4294967283,4294967295,4294967283,1770153402.4024587
4294967295,4294908062,4294966988,4294967294,4278320844,4294967295,11486426,4294967295,4278192580,4294967295,4294967283,4294967295,4294967283,1770153402.4033134
4294967294,4278196384,4278320870,4294967294,16776934,4294967295,4289680882,254,4294965700,4294967295,243,4294967295,243,1770153402.4044955
4294967293,4278196385,4278320879,4294967292,16776943,4294967295,4289682174,253,4294965700,4294967295,4294902003,4294967295,4294902003,1770153402.4054732
4294967295,4294908066,4294967033,4294967295,4278320889,4294967295,4289716724,4294967295,4278254020,4294967295,4294967283,4294967295,4294967283,1770153402.4064217
4294967294,4278196386,4278320894,4294967288,16776958,4294967295,4289684668,254,4294965700,4294967295,4278190323,4294967295,4278190323,1770153402.4073446
4294967294,4294908068,4294967280,4294967292,4278321136,4294967295,11497685,4294902014,4278192580,4294967295,4294967283,4294967295,4294967283,1770153402.4082463
4294967295,4278196388,4278321140,4294967288,16777204,4294967295,4289688309,4294967295,4294965700,4294967295,243,4294967295,243,1770153402.4091442
4294967293,4278196389,4278321145,4294967294,16777209,4294967295,4289689314,4294967293,4294965700,4294967295,4294902003,4294967295,4294902003,1770153402.4103699
4294967294,4278196389,4278321148,4294967293,16777212,4294967295,4289689850,254,4294965700,4294967295,243,4294967295,243,1770153402.411454
4294967295,4294908070,4294967267,4294967295,4278321123,4294967295,11500693,4294967295,4278192580,4294967295,4294902003,4294967295,4294902003,1770153402.4124227
4294967295,4278196392,4278321144,4294967295,16777208,4294967295,4289694438,4294967295,4294965700,4294967295,4294967283,4294967295,4294967283,1770153402.4133534
4294967295,4294908072,4294967289,4294967295,4278321145,4294967295,11504334,4294967295,4294965700,4294967295,4294967283,4294967295,4294967283,1770153402.414241
4294967295,4278196393,4278321099,4294967288,16777163,4294967295,4289697411,255,4294965700,4294967295,243,4294967295,243,1770153402.4151552
4294967295,4278196394,4278321110,4294967288,16777174,4294967295,4289699233,4294967295,4294965700,4294967295,4278190323,4294967295,4278190323,1770153402.4160943
4294967292,4278196397,4278321138,4294967295,16777202,4294967295,4289703854,4294967292,4294965700,4294967295,4294902003,4294967295,4294902003,1770153402.4170368
4294967294,4278196399,4278321038,4294967289,16777102,4294967295,4289708502,254,4278254020,4294967295,243,4294967295,243,1770153402.417928
4294967295,4278196400,4278321048,4294967288,16777112,4294967295,4289710282,4294967295,4294965700,4294967295,4278190323,4294967295,4278190323,1770153402.4189522
4294967295,4294908084,4294967234,4294967294,4278321090,4294967295,11527147,4294967295,4294965700,4294967295,243,4294967295,243,1770153402.420021
4294967295,4278196406,4278321109,4294967295,16777173,4294967295,4289720235,4294967295,4294965700,4294967295,16711923,4294967295,16711923,1770153402.4209301
4294967294,4278196406,4278321110,4294967292,16777174,4294967295,4289720531,4278190082,63940,4294967295,65523,4294967295,65523,1770153402.4221277
4294967294,4294908087,4294967266,4294967293,4278321122,4294967295,11532535,254,4294965700,4294967295,4294967283,4294967295,4294967283,1770153402.4231403
4294967292,4278196408,4278321136,4294967288,16777200,4294967295,4289724907,252,4294965700,4294967295,243,4294967295,243,1770153402.4240906
4294967295,4278196409,131061,4294967042,16777205,4294967295,4289789144,4294967295,4294965700,4294967295,4294902003,4294967295,4294902003,1770153402.4250488
4294967295,4278196410,131071,4294967041,16777215,4294967295,4289788620,4294902015,4294965700,4294967295,4294902003,4294967295,4294902003,1770153402.4262352
4294967292,4278196410,4278317310,4294967292,16773374,4294967295,4289727684,252,4294965700,4294967295,243,4294967295,243,1770153402.4273612
4294967295,4278253754,4294906111,4294967289,16773375,4294967295,11596028,255,4294904260,4294967040,4294967283,4294967040,4294967283,1770153402.428355
4294967292,4278196410,4278317304,4294967290,16773368,4294967295,4289728714,252,4294966488,4294967295,4278190330,4294967295,4278190330,1770153402.4293127
4294967292,4294908092,4294963450,4294967294,4278317306,4294967295,11541708,4294967292,4294965700,4294967295,4294902003,4294967295,4294902003,1770153402.4302924
4294967294,4294908094,4294963440,4294967294,4278317296,4294967295,11545219,4294967294,4294965700,4294967295,4294902003,4294967295,4294902003,1770153402.431208
4294967293,4278196416,4278317253,4294967293,16773317,4294967295,4289738994,253,4294965700,4294967295,243,4294967295,243,1770153402.432118
4294902012,4278196417,4278317264,4294967293,16773328,4294967295,4289740782,252,4294965700,4294967295,243,4294967295,243,1770153402.4329941
4294967295,4278196417,4278317266,4294967295,16773330,4294967295,4289741054,4294967295,4294965700,4294967295,4278190323,4294967295,4278190323,1770153402.4338515
4294967295,4278196448,4278320359,4294967295,16776423,4294967295,4289564328,255,4294965700,4294967295,243,4294967295,243,1770153402.4377394
4294967292,4278196450,130294,4294967040,16776438,4294967295,4289566920,16777212,4294965700,4294967295,4294967283,4294967295,4294967283,1770153402.4388022
4294967293,4294908130,4294966519,4294967295,4278320375,4294967295,11376880,4294967293,4294965700,4294967295,4294967283,4294967295,4294967283,1770153402.439715
4294967295,4278196450,4278320379,4294967293,16776443,4294967295,4289567632,255,4294965700,4294967295,243,4294967295,243,1770153402.4405992
4294967295,4278196454,4278320361,4294967295,16776425,4294967295,4289575380,255,4294965700,4294967295,243,4294967295,243,1770153402.441489
4294967295,4294908137,4294966403,4294967295,4278320259,4294967295,4289579761,4294967295,4294904260,4294967295,4294902003,4294967295,4294902003,1770153402.4425097
4294967294,4278196459,4278258848,4294967295,16776352,4294967295,4289584359,254,4294965700,4294967295,243,4294967295,243,1770153402.443657
4294967295,4294908140,4294966442,4294967294,4278320298,4294967295,11396062,4294967295,4294965700,4294967295,4294902003,4294967295,4294902003,1770153402.4447594
4294967295,4278196463,4278320334,4294967289,16776398,4294967295,4289591980,4294967295,4294965700,4294967295,4278190323,4294967295,4278190323,1770153402.445695
4294967295,4278196464,4278320341,4294967293,16776405,4294967295,4289593320,255,4294965700,4294967295,243,4294967295,243,1770153402.446662
4294967295,4294908151,4294966755,4294967294,4278320611,4294967295,11415961,255,4294965700,4294967295,4294902003,4294967295,4294902003,1770153402.4475944
4294967292,4294908154,4294966724,4294967294,4278320580,4294967295,11421419,252,4294965700,4294967295,4294967283,4294967295,4294967283,1770153402.4485788
4294967295,4294908157,4294905313,4294967294,4278259169,4294967295,11458977,4294902015,4294904260,4294967295,4294967283,4294967295,4294967283,1770153402.449616
4294967292,4294908157,4294966754,4294967295,4278320610,4294967295,11426505,4294967292,4294965700,4294967295,4294967283,4294967295,4294967283,1770153402.45062
4294967294,4278196477,4278320614,4294967295,16776678,4294967295,4289617129,254,4294965700,4294967295,243,4294967295,243,1770153402.4516687
4294967295,4294908032,4294966658,4294967294,4278320514,4294967295,11431670,4294967295,4278192580,4294967295,4294967283,4294967295,4294967283,1770153402.452717
4294967292,4278196352,4278320518,4294967294,16776582,4294967295,4289622422,252,4278254020,4294967295,243,4294967295,243,1770153402.4538178
4294967294,4278196353,4278320528,4294967293,16776592,4294967295,4289624315,4294967294,4294965700,4294967295,4294902003,4294967295,4294902003,1770153402.4548254
4294967295,4278196355,4278320545,4294967295,16776609,4294967295,4289626877,4294967295,4294965700,4294967295,4294967283,4294967295,4294967283,1770153402.4558709
4294967295,4278196355,4278320547,4294967294,16776611,4294967295,4289627341,255,4294965700,4294967040,4294902003,4294967040,4294902003,1770153402.456866
4294967295,4294908036,4294966703,4278255615,4278320559,4294967295,11439346,4294967295,4294965700,4294967295,4294967283,4294967295,4294967283,1770153402.4578912
4294967295,4278196356,4278320563,4294967295,16776627,4294967295,4289629874,255,4294965700,4294967295,4278190323,4294967295,4278190323,1770153402.4589515
4294967295,4278196357,4278320574,4294967295,16776638,4294967295,4289631695,4294967295,4294965700,4294902015,243,4294902015,243,1770153402.4598284
4294967295,4278196359,4278320595,4294967294,16776659,4294967295,4289635299,255,4294965700,4294967295,4278190323,4294967295,4278190323,1770153402.460767
4294967292,4278196362,4278320626,4294967292,16776690,16777215,4289640426,252,4294965700,4294967295,243,4294967295,243,1770153402.4617476
4294967295,4278196366,4278320895,4294967293,16776959,4294967295,4289647751,255,4294965700,4294967295,243,4294967295,243,1770153402.4627123
4294967293,4278196367,4278320873,4294967292,16776937,4294967295,4289649404,253,4294965700,4294967295,4294902003,4294967295,4294902003,1770153402.463671
4294967295,4278196367,4278320875,4294967294,16776939,4294967295,4289649868,255,4294965700,4294967295,4278190323,4294967295,4278190323,1770153402.464679
4294967295,4294908048,4294967030,4294967294,4278320886,4294967295,11461609,4294967295,4294965700,4294967295,4294967283,4294967295,4294967283,1770153402.46576
4294967295,4294908049,4294967039,4294967292,130815,4294967295,11463157,4294902015,4294965700,4294967295,243,4294967295,243,1770153402.466731
4294967292,4294908049,4294966976,4294967293,4278320832,4294967295,11463133,4294967292,4278192580,4294967295,4294902003,4294967295,4294902003,1770153402.4677846
4294967293,4294908051,4294966995,4294967294,4278320851,4294967295,11466495,4294902013,4294904260,4294967295,4294967283,4294967295,4294967283,1770153402.4687762
4294967295,4294908051,4294966996,4294967295,4278320852,4294967295,11466439,4294967295,4294965700,4294967295,4294967283,4294967295,4294967283,1770153402.4698293
4294967294,4278196371,4278320854,4294967293,16776918,4294967295,4289657079,254,4294965700,4294967295,4294967283,4294967295,4294967283,1770153402.4708214
4294967293,4278196372,4278320863,4294967295,16776927,4294967295,4289658339,4294967293,4294965700,4294967295,4294902003,4294967295,4294902003,1770153402.4717786
4294967294,4294908054,4294967028,4294967294,4278320884,4294967295,11471859,4294902014,4294965700,4294967295,243,4294967295,243,1770153402.4727635
4294967293,4294908055,4294967037,4294967295,4278320893,4294967295,11530751,4294902013,4278254020,4294967295,4294967283,4294967295,4294967283,1770153402.4736483
4294967293,4294908055,4294966915,4294967294,4278320771,4294967295,11474418,4294967293,4294965700,4294967295,4294967283,4294967295,4294967283,1770153402.4745648
4294967295,4278196376,4278320784,4294967288,16776848,4294967295,4289666462,4294967295,4294965700,4294967295,243,4294967295,243,1770153402.4755309
4294967294,4278196378,4278320804,4294967294,16776868,4294967295,4289669767,254,4294965700,4294967295,243,4294967295,243,1770153402.4768164
4294967292,4278196379,4278320812,4294967295,16776876,4294967295,4289671083,4294967292,16775620,4294967295,4294902003,4294967295,4294902003,1770153402.4778678
4294967293,4294908059,16776883,4294967290,130739,4294901760,11482073,4294967293,4294966488,4294967295,4294902010,4294967295,4294902010,1770153402.4788322
4294967293,4294908061,4294966975,4294967295,4278320831,4294967295,11533290,4294902013,4278254020,4294967295,4294967283,4294967295,4294967283,1770153402.4798555
4294967295,4294908062,4294966988,4294967294,4278320844,4294967295,11486426,4294967295,4278192580,4294967295,4294967283,4294967295,4294967283,1770153402.4809148
4294967294,4278196384,4278320870,4294967294,16776934,4294967295,4289680882,254,4294965700,4294967295,243,4294967295,243,1770153402.4819112
4294967293,4278196385,4278320879,4294967292,16776943,4294967295,4289682174,253,4294965700,4294967295,4294902003,4294967295,4294902003,1770153402.4828503
4294967295,4294908066,4294967033,4294967295,4278320889,4294967295,4289716724,4294967295,4278254020,4294967295,4294967283,4294967295,4294967283,1770153402.4837093
4294967294,4278196386,4278320894,4294967288,16776958,4294967295,4289684668,254,4294965700,4294967295,4278190323,4294967295,4278190323,1770153402.4846613
4294967294,4294908068,4294967280,4294967292,4278321136,4294967295,11497685,4294902014,4278192580,4294967295,4294967283,4294967295,4294967283,1770153402.4862094
4294967295,4278196388,4278321140,4294967288,16777204,4294967295,4289688309,4294967295,4294965700,4294967295,243,4294967295,243,1770153402.4888036
4294967293,4278196389,4278321145,4294967294,16777209,4294967295,4289689314,4294967293,4294965700,4294967295,4294902003,4294967295,4294902003,1770153402.489754
4294967294,4278196389,4278321148,4294967293,16777212,4294967295,4289689850,254,4294965700,4294967295,243,4294967295,243,1770153402.4906507
4294967295,4294908070,4294967267,4294967295,4278321123,4294967295,11500693,4294967295,4278192580,4294967295,4294902003,4294967295,4294902003,1770153402.4915388
4294967295,4278196392,4278321144,4294967295,16777208,4294967295,4289694438,4294967295,4294965700,4294967295,4294967283,4294967295,4294967283,1770153402.4925168
4294967295,4294908072,4294967289,4294967295,4278321145,4294967295,11504334,4294967295,4294965700,4294967295,4294967283,4294967295,4294967283,1770153402.493719
4294967295,4278196393,4278321099,4294967288,16777163,4294967295,4289697411,255,4294965700,4294967295,243,4294967295,243,1770153402.494871
4294967295,4278196394,4278321110,4294967288,16777174,4294967295,4289699233,4294967295,4294965700,4294967295,4278190323,4294967295,4278190323,1770153402.4959097
4294967292,4278196397,4278321138,4294967295,16777202,4294967295,4289703854,4294967292,4294965700,4294967295,4294902003,4294967295,4294902003,1770153402.4969308
4294967294,4278196399,4278321038,4294967289,16777102,4294967295,4289708502,254,4278254020,4294967295,243,4294967295,243,1770153402.4981956
4294967295,4278196400,4278321048,4294967288,16777112,4294967295,4289710282,4294967295,4294965700,4294967295,4278190323,4294967295,4278190323,1770153402.4993694
4294967295,4294908084,4294967234,4294967294,4278321090,4294967295,11527147,4294967295,4294965700,4294967295,243,4294967295,243,1770153402.5003734
4294967295,4278196406,4278321109,4294967295,16777173,4294967295,4289720235,4294967295,4294965700,4294967295,16711923,4294967295,16711923,1770153402.5013082
4294967294,4278196406,4278321110,4294967292,16777174,4294967295,4289720531,4278190082,63940,4294967295,65523,4294967295,65523,1770153402.5022144
4294967294,4294908087,4294967266,4294967293,4278321122,4294967295,11532535,254,4294965700,4294967295,4294967283,4294967295,4294967283,1770153402.5030837
4294967292,4278196408,4278321136,4294967288,16777200,4294967295,4289724907,252,4294965700,4294967295,243,4294967295,243,1770153402.5039392
4294967295,4278196409,131061,4294967042,16777205,4294967295,4289789144,4294967295,4294965700,4294967295,4294902003,4294967295,4294902003,1770153402.5047987
4294967295,4278196410,131071,4294967041,16777215,4294967295,4289788620,4294902015,4294965700,4294967295,4294902003,4294967295,4294902003,1770153402.5056472
4294967292,4278196410,4278317310,4294967292,16773374,4294967295,4289727684,252,4294965700,4294967295,243,4294967295,243,1770153402.506488
4294967295,4278253754,4294906111,4294967289,16773375,4294967295,11596028,255,4294904260,4294967040,4294967283,4294967040,4294967283,1770153402.5073845
4294967292,4278196410,4278317304,4294967290,16773368,4294967295,4289728714,252,4294966488,4294967295,4278190330,4294967295,4278190330,1770153402.5083444
4294967292,4294908092,4294963450,4294967294,4278317306,4294967295,11541708,4294967292,4294965700,4294967295,4294902003,4294967295,4294902003,1770153402.5094242
4294967294,4294908094,4294963440,4294967294,4278317296,4294967295,11545219,4294967294,4294965700,4294967295,4294902003,4294967295,4294902003,1770153402.5104506
4294967293,4278196416,4278317253,4294967293,16773317,4294967295,4289738994,253,4294965700,4294967295,243,4294967295,243,1770153402.5114605
4294902012,4278196417,4278317264,4294967293,16773328,4294967295,4289740782,252,4294965700,4294967295,243,4294967295,243,1770153402.512401
4294967295,4278196417,4278317266,4294967295,16773330,4294967295,4289741054,4294967295,4294965700,4294967295,4278190323,4294967295,4278190323,1770153402.5135043
1,4294965441,16773331,4294967288,4294906067,4294967295,4289774054,255,4294904260,4294967040,243,4294967040,243,1770153402.5144734
4294967295,4278196448,4278320359,4294967295,16776423,4294967295,4289564328,255,4294965700,4294967295,243,4294967295,243,1770153402.51839
4294967292,4278196450,130294,4294967040,16776438,4294967295,4289566920,16777212,4294965700,4294967295,4294967283,4294967295,4294967283,1770153402.5194604
4294967293,4294908130,4294966519,4294967295,4278320375,4294967295,11376880,4294967293,4294965700,4294967295,4294967283,4294967295,4294967283,1770153402.5204265
4294967295,4278196450,4278320379,4294967293,16776443,4294967295,4289567632,255,4294965700,4294967295,243,4294967295,243,1770153402.521335
4294967295,4278196454,4278320361,4294967295,16776425,4294967295,4289575380,255,4294965700,4294967295,243,4294967295,243,1770153402.522251
4294967295,4294908137,4294966403,4294967295,4278320259,4294967295,4289579761,4294967295,4294904260,4294967295,4294902003,4294967295,4294902003,1770153402.5231333
4294967294,4278196459,4278258848,4294967295,16776352,4294967295,4289584359,254,4294965700,4294967295,243,4294967295,243,1770153402.5240436
4294967295,4294908140,4294966442,4294967294,4278320298,4294967295,11396062,4294967295,4294965700,4294967295,4294902003,4294967295,4294902003,1770153402.5249064
4294967295,4278196463,4278320334,4294967289,16776398,4294967295,4289591980,4294967295,4294965700,4294967295,4278190323,4294967295,4278190323,1770153402.5257945
4294967295,4278196464,4278320341,4294967293,16776405,4294967295,4289593320,255,4294965700,4294967295,243,4294967295,243,1770153402.527435
4294967295,4294908151,4294966755,4294967294,4278320611,4294967295,11415961,255,4294965700,4294967295,4294902003,4294967295,4294902003,1770153402.528546
4294967292,4294908154,4294966724,4294967294,4278320580,4294967295,11421419,252,4294965700,4294967295,4294967283,4294967295,4294967283,1770153402.5296016
4294967295,4294908157,4294905313,4294967294,4278259169,4294967295,11458977,4294902015,4294904260,4294967295,4294967283,4294967295,4294967283,1770153402.5306878
4294967292,4294908157,4294966754,4294967295,4278320610,4294967295,11426505,4294967292,4294965700,4294967295,4294967283,4294967295,4294967283,1770153402.5317779
4294967294,4278196477,4278320614,4294967295,16776678,4294967295,4289617129,254,4294965700,4294967295,243,4294967295,243,1770153402.5328622
4294967295,4294908032,4294966658,4294967294,4278320514,4294967295,11431670,4294967295,4278192580,4294967295,4294967283,4294967295,4294967283,1770153402.5342999
4294967292,4278196352,4278320518,4294967294,16776582,4294967295,4289622422,252,4278254020,4294967295,243,4294967295,243,1770153402.5353503
4294967294,4278196353,4278320528,4294967293,16776592,4294967295,4289624315,4294967294,4294965700,4294967295,4294902003,4294967295,4294902003,1770153402.536402
4294967295,4278196355,4278320545,4294967295,16776609,4294967295,4289626877,4294967295,4294965700,4294967295,4294967283,4294967295,4294967283,1770153402.5373595
4294967295,4278196355,4278320547,4294967294,16776611,4294967295,4289627341,255,4294965700,4294967040,4294902003,4294967040,4294902003,1770153402.5382714
4294967295,4294908036,4294966703,4278255615,4278320559,4294967295,11439346,4294967295,4294965700,4294967295,4294967283,4294967295,4294967283,1770153402.5393975
4294967295,4278196356,4278320563,4294967295,16776627,4294967295,4289629874,255,4294965700,4294967295,4278190323,4294967295,4278190323,1770153402.5403173
4294967295,4278196357,4278320574,4294967295,16776638,4294967295,4289631695,4294967295,4294965700,4294902015,243,4294902015,243,1770153402.541254
4294967295,4278196359,4278320595,4294967294,16776659,4294967295,4289635299,255,4294965700,4294967295,4278190323,4294967295,4278190323,1770153402.5423622
4294967292,4278196362,4278320626,4294967292,16776690,16777215,4289640426,252,4294965700,4294967295,243,4294967295,243,1770153402.5439181
4294967295,4278196366,4278320895,4294967293,16776959,4294967295,4289647751,255,4294965700,4294967295,243,4294967295,243,1770153402.5491934
4294967293,4278196367,4278320873,4294967292,16776937,4294967295,4289649404,253,4294965700,4294967295,4294902003,4294967295,4294902003,1770153402.5502534
4294967295,4278196367,4278320875,4294967294,16776939,4294967295,4289649868,255,4294965700,4294967295,4278190323,4294967295,4278190323,1770153402.5513353
4294967295,4294908048,4294967030,4294967294,4278320886,4294967295,11461609,4294967295,4294965700,4294967295,4294967283,4294967295,4294967283,1770153402.5522566
4294967295,4294908049,4294967039,4294967292,130815,4294967295,11463157,4294902015,4294965700,4294967295,243,4294967295,243,1770153402.5533388
4294967292,4294908049,4294966976,4294967293,4278320832,4294967295,11463133,4294967292,4278192580,4294967295,4294902003,4294967295,4294902003,1770153402.5543296
4294967293,4294908051,4294966995,4294967294,4278320851,4294967295,11466495,4294902013,4294904260,4294967295,4294967283,4294967295,4294967283,1770153402.5553265
4294967295,4294908051,4294966996,4294967295,4278320852,4294967295,11466439,4294967295,4294965700,4294967295,4294967283,4294967295,4294967283,1770153402.5563185
4294967294,4278196371,4278320854,4294967293,16776918,4294967295,4289657079,254,4294965700,4294967295,4294967283,4294967295,4294967283,1770153402.557767
4294967293,4278196372,4278320863,4294967295,16776927,4294967295,4289658339,4294967293,4294965700,4294967295,4294902003,4294967295,4294902003,1770153402.558896
4294967294,4294908054,4294967028,4294967294,4278320884,4294967295,11471859,4294902014,4294965700,4294967295,243,4294967295,243,1770153402.5599604
4294967293,4294908055,4294967037,4294967295,4278320893,4294967295,11530751,4294902013,4278254020,4294967295,4294967283,4294967295,4294967283,1770153402.5613208
4294967293,4294908055,4294966915,4294967294,4278320771,4294967295,11474418,4294967293,4294965700,4294967295,4294967283,4294967295,4294967283,1770153402.5624373
4294967295,4278196376,4278320784,4294967288,16776848,4294967295,4289666462,4294967295,4294965700,4294967295,243,4294967295,243,1770153402.5635588
4294967294,4278196378,4278320804,4294967294,16776868,4294967295,4289669767,254,4294965700,4294967295,243,4294967295,243,1770153402.564557
4294967292,4278196379,4278320812,4294967295,16776876,4294967295,4289671083,4294967292,16775620,4294967295,4294902003,4294967295,4294902003,1770153402.5655262
4294967293,4294908059,16776883,4294967290,130739,4294901760,11482073,4294967293,4294966488,4294967295,4294902010,4294967295,4294902010,1770153402.5664856
4294967293,4294908061,4294966975,4294967295,4278320831,4294967295,11533290,4294902013,4278254020,4294967295,4294967283,4294967295,4294967283,1770153402.5674672
4294967295,4294908062,4294966988,4294967294,4278320844,4294967295,11486426,4294967295,4278192580,4294967295,4294967283,4294967295,4294967283,1770153402.5684485
4294967294,4278196384,4278320870,4294967294,16776934,4294967295,4289680882,254,4294965700,4294967295,243,4294967295,243,1770153402.5694091
4294967293,4278196385,4278320879,4294967292,16776943,4294967295,4289682174,253,4294965700,4294967295,4294902003,4294967295,4294902003,1770153402.570365
4294967295,4294908066,4294967033,4294967295,4278320889,4294967295,4289716724,4294967295,4278254020,4294967295,4294967283,4294967295,4294967283,1770153402.5712512
4294967294,4278196386,4278320894,4294967288,16776958,4294967295,4289684668,254,4294965700,4294967295,4278190323,4294967295,4278190323,1770153402.5721648
4294967294,4294908068,4294967280,4294967292,4278321136,4294967295,11497685,4294902014,4278192580,4294967295,4294967283,4294967295,4294967283,1770153402.573155
4294967295,4278196388,4278321140,4294967288,16777204,4294967295,4289688309,4294967295,4294965700,4294967295,243,4294967295,243,1770153402.5740323
4294967293,4278196389,4278321145,4294967294,16777209,4294967295,4289689314,4294967293,4294965700,4294967295,4294902003,4294967295,4294902003,1770153402.5750446
4294967294,4278196389,4278321148,4294967293,16777212,4294967295,4289689850,254,4294965700,4294967295,243,4294967295,243,1770153402.5759797
4294967295,4294908070,4294967267,4294967295,4278321123,4294967295,11500693,4294967295,4278192580,4294967295,4294902003,4294967295,4294902003,1770153402.5771487
4294967295,4278196392,4278321144,4294967295,16777208,4294967295,4289694438,4294967295,4294965700,4294967295,4294967283,4294967295,4294967283,1770153402.578243
4294967295,4294908072,4294967289,4294967295,4278321145,4294967295,11504334,4294967295,4294965700,4294967295,4294967283,4294967295,4294967283,1770153402.579562
4294967295,4278196393,4278321099,4294967288,16777163,4294967295,4289697411,255,4294965700,4294967295,243,4294967295,243,1770153402.580584
4294967295,4278196394,4278321110,4294967288,16777174,4294967295,4289699233,4294967295,4294965700,4294967295,4278190323,4294967295,4278190323,1770153402.5816615
4294967292,4278196397,4278321138,4294967295,16777202,4294967295,4289703854,4294967292,4294965700,4294967295,4294902003,4294967295,4294902003,1770153402.5827057
4294967294,4278196399,4278321038,4294967289,16777102,4294967295,4289708502,254,4278254020,4294967295,243,4294967295,243,1770153402.583702
4294967295,4278196400,4278321048,4294967288,16777112,4294967295,4289710282,4294967295,4294965700,4294967295,4278190323,4294967295,4278190323,1770153402.5846498
4294967295,4294908084,4294967234,4294967294,4278321090,4294967295,11527147,4294967295,4294965700,4294967295,243,4294967295,243,1770153402.5855787
4294967295,4278196406,4278321109,4294967295,16777173,4294967295,4289720235,4294967295,4294965700,4294967295,16711923,4294967295,16711923,1770153402.5865746
4294967294,4278196406,4278321110,4294967292,16777174,4294967295,4289720531,4278190082,63940,4294967295,65523,4294967295,65523,1770153402.5876646
4294967294,4294908087,4294967266,4294967293,4278321122,4294967295,11532535,254,4294965700,4294967295,4294967283,4294967295,4294967283,1770153402.5885992
4294967292,4278196408,4278321136,4294967288,16777200,4294967295,4289724907,252,4294965700,4294967295,243,4294967295,243,1770153402.589532
4294967295,4278196409,131061,4294967042,16777205,4294967295,4289789144,4294967295,4294965700,4294967295,4294902003,4294967295,4294902003,1770153402.590567
4294967295,4278196410,131071,4294967041,16777215,4294967295,4289788620,4294902015,4294965700,4294967295,4294902003,4294967295,4294902003,1770153402.5915978
4294967292,4278196410,4278317310,4294967292,16773374,4294967295,4289727684,252,4294965700,4294967295,243,4294967295,243,1770153402.5927584
4294967295,4278253754,4294906111,4294967289,16773375,4294967295,11596028,255,4294904260,4294967040,4294967283,4294967040,4294967283,1770153402.594106
4294967292,4278196410,4278317304,4294967290,16773368,4294967295,4289728714,252,4294966488,4294967295,4278190330,4294967295,4278190330,1770153402.5951586
4294967292,4294908092,4294963450,4294967294,4278317306,4294967295,11541708,4294967292,4294965700,4294967295,4294902003,4294967295,4294902003,1770153402.5961466
4294967294,4294908094,4294963440,4294967294,4278317296,4294967295,11545219,4294967294,4294965700,4294967295,4294902003,4294967295,4294902003,1770153402.597106
4294967293,4278196416,4278317253,4294967293,16773317,4294967295,4289738994,253,4294965700,4294967295,243,4294967295,243,1770153402.5980885
4294902012,4278196417,4278317264,4294967293,16773328,4294967295,4289740782,252,4294965700,4294967295,243,4294967295,243,1770153402.6008918
4294967295,4278196417,4278317266,4294967295,16773330,4294967295,4289741054,4294967295,4294965700,4294967295,4278190323,4294967295,4278190323,1770153402.6018755
1,4294965441,16773331,4294967288,4294906067,4294967295,4289774054,255,4294904260,4294967040,243,4294967040,243,1770153402.6028628
4294967292,4294908098,4294963420,4294967294,4278317276,4294967295,11552498,4294967292,4294965700,4294967295,4294902003,4294967295,4294902003,1770153402.603784
4294967295,4278196448,4278320359,4294967295,16776423,4294967295,4289564328,255,4294965700,4294967295,243,4294967295,243,1770153402.6078415
4294967292,4278196450,130294,4294967040,16776438,4294967295,4289566920,16777212,4294965700,4294967295,4294967283,4294967295,4294967283,1770153402.6088417
4294967293,4294908130,4294966519,4294967295,4278320375,4294967295,11376880,4294967293,4294965700,4294967295,4294967283,4294967295,4294967283,1770153402.61002
4294967295,4278196450,4278320379,4294967293,16776443,4294967295,4289567632,255,4294965700,4294967295,243,4294967295,243,1770153402.6111627
4294967295,4278196454,4278320361,4294967295,16776425,4294967295,4289575380,255,4294965700,4294967295,243,4294967295,243,1770153402.6121957
4294967295,4294908137,4294966403,4294967295,4278320259,4294967295,4289579761,4294967295,4294904260,4294967295,4294902003,4294967295,4294902003,1770153402.6130574
4294967294,4278196459,4278258848,4294967295,16776352,4294967295,4289584359,254,4294965700,4294967295,243,4294967295,243,1770153402.6142657
4294967295,4294908140,4294966442,4294967294,4278320298,4294967295,11396062,4294967295,4294965700,4294967295,4294902003,4294967295,4294902003,1770153402.6153193
4294967295,4278196463,4278320334,4294967289,16776398,4294967295,4289591980,4294967295,4294965700,4294967295,4278190323,4294967295,4278190323,1770153402.616336
4294967295,4278196464,4278320341,4294967293,16776405,4294967295,4289593320,255,4294965700,4294967295,243,4294967295,243,1770153402.617365
4294967295,4294908151,4294966755,4294967294,4278320611,4294967295,11415961,255,4294965700,4294967295,4294902003,4294967295,4294902003,1770153402.6183255
4294967292,4294908154,4294966724,4294967294,4278320580,4294967295,11421419,252,4294965700,4294967295,4294967283,4294967295,4294967283,1770153402.619264
4294967295,4294908157,4294905313,4294967294,4278259169,4294967295,11458977,4294902015,4294904260,4294967295,4294967283,4294967295,4294967283,1770153402.6201978
4294967292,4294908157,4294966754,4294967295,4278320610,4294967295,11426505,4294967292,4294965700,4294967295,4294967283,4294967295,4294967283,1770153402.621053
4294967294,4278196477,4278320614,4294967295,16776678,4294967295,4289617129,254,4294965700,4294967295,243,4294967295,243,1770153402.6221201
4294967295,4294908032,4294966658,4294967294,4278320514,4294967295,11431670,4294967295,4278192580,4294967295,4294967283,4294967295,4294967283,1770153402.623183
4294967292,4278196352,4278320518,4294967294,16776582,4294967295,4289622422,252,4278254020,4294967295,243,4294967295,243,1770153402.6241012
4294967294,4278196353,4278320528,4294967293,16776592,4294967295,4289624315,4294967294,4294965700,4294967295,4294902003,4294967295,4294902003,1770153402.6251347
4294967295,4278196355,4278320545,4294967295,16776609,4294967295,4289626877,4294967295,4294965700,4294967295,4294967283,4294967295,4294967283,1770153402.6264899
4294967295,4278196355,4278320547,4294967294,16776611,4294967295,4289627341,255,4294965700,4294967040,4294902003,4294967040,4294902003,1770153402.6277552
4294967295,4294908036,4294966703,4278255615,4278320559,4294967295,11439346,4294967295,4294965700,4294967295,4294967283,4294967295,4294967283,1770153402.6286716
4294967295,4278196356,4278320563,4294967295,16776627,4294967295,4289629874,255,4294965700,4294967295,4278190323,4294967295,4278190323,1770153402.6299088
4294967295,4278196357,4278320574,4294967295,16776638,4294967295,4289631695,4294967295,4294965700,4294902015,243,4294902015,243,1770153402.6308544
4294967295,4278196359,4278320595,4294967294,16776659,4294967295,4289635299,255,4294965700,4294967295,4278190323,4294967295,4278190323,1770153402.6319058
4294967292,4278196362,4278320626,4294967292,16776690,16777215,4289640426,252,4294965700,4294967295,243,4294967295,243,1770153402.6329124
4294967295,4278196366,4278320895,4294967293,16776959,4294967295,4289647751,255,4294965700,4294967295,243,4294967295,243,1770153402.6340673
4294967293,4278196367,4278320873,4294967292,16776937,4294967295,4289649404,253,4294965700,4294967295,4294902003,4294967295,4294902003,1770153402.6349468
4294967295,4278196367,4278320875,4294967294,16776939,4294967295,4289649868,255,4294965700,4294967295,4278190323,4294967295,4278190323,1770153402.6360657
4294967295,4294908048,4294967030,4294967294,4278320886,4294967295,11461609,4294967295,4294965700,4294967295,4294967283,4294967295,4294967283,1770153402.6370783
4294967295,4294908049,4294967039,4294967292,130815,4294967295,11463157,4294902015,4294965700,4294967295,243,4294967295,243,1770153402.6387627
4294967292,4294908049,4294966976,4294967293,4278320832,4294967295,11463133,4294967292,4278192580,4294967295,4294902003,4294967295,4294902003,1770153402.639738
4294967293,4294908051,4294966995,4294967294,4278320851,4294967295,11466495,4294902013,4294904260,4294967295,4294967283,4294967295,4294967283,1770153402.6407166
4294967295,4294908051,4294966996,4294967295,4278320852,4294967295,11466439,4294967295,4294965700,4294967295,4294967283,4294967295,4294967283,1770153402.641827
4294967294,4278196371,4278320854,4294967293,16776918,4294967295,4289657079,254,4294965700,4294967295,4294967283,4294967295,4294967283,1770153402.6429725
4294967293,4278196372,4278320863,4294967295,16776927,4294967295,4289658339,4294967293,4294965700,4294967295,4294902003,4294967295,4294902003,1770153402.6439517
4294967294,4294908054,4294967028,4294967294,4278320884,4294967295,11471859,4294902014,4294965700,4294967295,243,4294967295,243,1770153402.6449072
4294967293,4294908055,4294967037,4294967295,4278320893,4294967295,11530751,4294902013,4278254020,4294967295,4294967283,4294967295,4294967283,1770153402.6458433
4294967293,4294908055,4294966915,4294967294,4278320771,4294967295,11474418,4294967293,4294965700,4294967295,4294967283,4294967295,4294967283,1770153402.6467714
4294967295,4278196376,4278320784,4294967288,16776848,4294967295,4289666462,4294967295,4294965700,4294967295,243,4294967295,243,1770153402.6477613
4294967294,4278196378,4278320804,4294967294,16776868,4294967295,4289669767,254,4294965700,4294967295,243,4294967295,243,1770153402.6487405
4294967292,4278196379,4278320812,4294967295,16776876,4294967295,4289671083,4294967292,16775620,4294967295,4294902003,4294967295,4294902003,1770153402.6497073
4294967293,4294908059,16776883,4294967290,130739,4294901760,11482073,4294967293,4294966488,4294967295,4294902010,4294967295,4294902010,1770153402.650719
4294967293,4294908061,4294966975,4294967295,4278320831,4294967295,11533290,4294902013,4278254020,4294967295,4294967283,4294967295,4294967283,1770153402.6516166
4294967295,4294908062,4294966988,4294967294,4278320844,4294967295,11486426,4294967295,4278192580,4294967295,4294967283,4294967295,4294967283,1770153402.6526122
4294967294,4278196384,4278320870,4294967294,16776934,4294967295,4289680882,254,4294965700,4294967295,243,4294967295,243,1770153402.6535814
4294967293,4278196385,4278320879,4294967292,16776943,4294967295,4289682174,253,4294965700,4294967295,4294902003,4294967295,4294902003,1770153402.6545148
4294967295,4294908066,4294967033,4294967295,4278320889,4294967295,4289716724,4294967295,4278254020,4294967295,4294967283,4294967295,4294967283,1770153402.655459
4294967294,4278196386,4278320894,4294967288,16776958,4294967295,4289684668,254,4294965700,4294967295,4278190323,4294967295,4278190323,1770153402.6564677
4294967294,4294908068,4294967280,4294967292,4278321136,4294967295,11497685,4294902014,4278192580,4294967295,4294967283,4294967295,4294967283,1770153402.6573179
4294967295,4278196388,4278321140,4294967288,16777204,4294967295,4289688309,4294967295,4294965700,4294967295,243,4294967295,243,1770153402.6582515
4294967293,4278196389,4278321145,4294967294,16777209,4294967295,4289689314,4294967293,4294965700,4294967295,4294902003,4294967295,4294902003,1770153402.6591103
4294967294,4278196389,4278321148,4294967293,16777212,4294967295,4289689850,254,4294965700,4294967295,243,4294967295,243,1770153402.6600547
4294967295,4294908070,4294967267,4294967295,4278321123,4294967295,11500693,4294967295,4278192580,4294967295,4294902003,4294967295,4294902003,1770153402.6609385
4294967295,4278196392,4278321144,4294967295,16777208,4294967295,4289694438,4294967295,4294965700,4294967295,4294967283,4294967295,4294967283,1770153402.6620023
4294967295,4294908072,4294967289,4294967295,4278321145,4294967295,11504334,4294967295,4294965700,4294967295,4294967283,4294967295,4294967283,1770153402.6629755
4294967295,4278196393,4278321099,4294967288,16777163,4294967295,4289697411,255,4294965700,4294967295,243,4294967295,243,1770153402.663895
4294967295,4278196394,4278321110,4294967288,16777174,4294967295,4289699233,4294967295,4294965700,4294967295,4278190323,4294967295,4278190323,1770153402.6648161
4294967292,4278196397,4278321138,4294967295,16777202,4294967295,4289703854,4294967292,4294965700,4294967295,4294902003,4294967295,4294902003,1770153402.6657803
4294967294,4278196399,4278321038,4294967289,16777102,4294967295,4289708502,254,4278254020,4294967295,243,4294967295,243,1770153402.666685
4294967295,4278196400,4278321048,4294967288,16777112,4294967295,4289710282,4294967295,4294965700,4294967295,4278190323,4294967295,4278190323,1770153402.6675947
4294967295,4294908084,4294967234,4294967294,4278321090,4294967295,11527147,4294967295,4294965700,4294967295,243,4294967295,243,1770153402.6686816
4294967295,4278196406,4278321109,4294967295,16777173,4294967295,4289720235,4294967295,4294965700,4294967295,16711923,4294967295,16711923,1770153402.6697764
4294967294,4278196406,4278321110,4294967292,16777174,4294967295,4289720531,4278190082,63940,4294967295,65523,4294967295,65523,1770153402.670822
4294967294,4294908087,4294967266,4294967293,4278321122,4294967295,11532535,254,4294965700,4294967295,4294967283,4294967295,4294967283,1770153402.6717834
4294967292,4278196408,4278321136,4294967288,16777200,4294967295,4289724907,252,4294965700,4294967295,243,4294967295,243,1770153402.6727934
4294967295,4278196409,131061,4294967042,16777205,4294967295,4289789144,4294967295,4294965700,4294967295,4294902003,4294967295,4294902003,1770153402.6737347
4294967295,4278196410,131071,4294967041,16777215,4294967295,4289788620,4294902015,4294965700,4294967295,4294902003,4294967295,4294902003,1770153402.6746755
4294967292,4278196410,4278317310,4294967292,16773374,4294967295,4289727684,252,4294965700,4294967295,243,4294967295,243,1770153402.6755776
4294967295,4278253754,4294906111,4294967289,16773375,4294967295,11596028,255,4294904260,4294967040,4294967283,4294967040,4294967283,1770153402.6765645
4294967292,4278196410,4278317304,4294967290,16773368,4294967295,4289728714,252,4294966488,4294967295,4278190330,4294967295,4278190330,1770153402.677718
4294967292,4294908092,4294963450,4294967294,4278317306,4294967295,11541708,4294967292,4294965700,4294967295,4294902003,4294967295,4294902003,1770153402.6787698
4294967294,4294908094,4294963440,4294967294,4278317296,4294967295,11545219,4294967294,4294965700,4294967295,4294902003,4294967295,4294902003,1770153402.6796503
4294967293,4278196416,4278317253,4294967293,16773317,4294967295,4289738994,253,4294965700,4294967295,243,4294967295,243,1770153402.680587
4294902012,4278196417,4278317264,4294967293,16773328,4294967295,4289740782,252,4294965700,4294967295,243,4294967295,243,1770153402.6816006
4294967295,4278196417,4278317266,4294967295,16773330,4294967295,4289741054,4294967295,4294965700,4294967295,4278190323,4294967295,4278190323,1770153402.6825721
1,4294965441,16773331,4294967288,4294906067,4294967295,4289774054,255,4294904260,4294967040,243,4294967040,243,1770153402.6834826
4294967292,4294908098,4294963420,4294967294,4278317276,4294967295,11552498,4294967292,4294965700,4294967295,4294902003,4294967295,4294902003,1770153402.684518
4294967294,4294908100,4294963442,4294967294,4278317298,4294967295,11556330,4294967294,4294965700,4294967295,4294967283,4294967295,4294967283,1770153402.6855876
4294967295,4278196448,4278320359,4294967295,16776423,4294967295,4289564328,255,4294965700,4294967295,243,4294967295,243,1770153402.6893513
4294967292,4278196450,130294,4294967040,16776438,4294967295,4289566920,16777212,4294965700,4294967295,4294967283,4294967295,4294967283,1770153402.6903613
4294967293,4294908130,4294966519,4294967295,4278320375,4294967295,11376880,4294967293,4294965700,4294967295,4294967283,4294967295,4294967283,1770153402.6913145
4294967295,4278196450,4278320379,4294967293,16776443,4294967295,4289567632,255,4294965700,4294967295,243,4294967295,243,1770153402.6921551
4294967295,4278196454,4278320361,4294967295,16776425,4294967295,4289575380,255,4294965700,4294967295,243,4294967295,243,1770153402.693602
4294967295,4294908137,4294966403,4294967295,4278320259,4294967295,4289579761,4294967295,4294904260,4294967295,4294902003,4294967295,4294902003,1770153402.6945765
4294967294,4278196459,4278258848,4294967295,16776352,4294967295,4289584359,254,4294965700,4294967295,243,4294967295,243,1770153402.6955006
4294967295,4294908140,4294966442,4294967294,4278320298,4294967295,11396062,4294967295,4294965700,4294967295,4294902003,4294967295,4294902003,1770153402.6963928
4294967295,4278196463,4278320334,4294967289,16776398,4294967295,4289591980,4294967295,4294965700,4294967295,4278190323,4294967295,4278190323,1770153402.6972961
4294967295,4278196464,4278320341,4294967293,16776405,4294967295,4289593320,255,4294965700,4294967295,243,4294967295,243,1770153402.6981845
4294967295,4294908151,4294966755,4294967294,4278320611,4294967295,11415961,255,4294965700,4294967295,4294902003,4294967295,4294902003,1770153402.699234
4294967292,4294908154,4294966724,4294967294,4278320580,4294967295,11421419,252,4294965700,4294967295,4294967283,4294967295,4294967283,1770153402.7002096
4294967295,4294908157,4294905313,4294967294,4278259169,4294967295,11458977,4294902015,4294904260,4294967295,4294967283,4294967295,4294967283,1770153402.7010858
4294967292,4294908157,4294966754,4294967295,4278320610,4294967295,11426505,4294967292,4294965700,4294967295,4294967283,4294967295,4294967283,1770153402.7020283
4294967294,4278196477,4278320614,4294967295,16776678,4294967295,4289617129,254,4294965700,4294967295,243,4294967295,243,1770153402.7029812
4294967295,4294908032,4294966658,4294967294,4278320514,4294967295,11431670,4294967295,4278192580,4294967295,4294967283,4294967295,4294967283,1770153402.7040334
4294967292,4278196352,4278320518,4294967294,16776582,4294967295,4289622422,252,4278254020,4294967295,243,4294967295,243,1770153402.7050102
4294967294,4278196353,4278320528,4294967293,16776592,4294967295,4289624315,4294967294,4294965700,4294967295,4294902003,4294967295,4294902003,1770153402.705908
4294967295,4278196355,4278320545,4294967295,16776609,4294967295,4289626877,4294967295,4294965700,4294967295,4294967283,4294967295,4294967283,1770153402.7086828
4294967295,4278196355,4278320547,4294967294,16776611,4294967295,4289627341,255,4294965700,4294967040,4294902003,4294967040,4294902003,1770153402.709739
4294967295,4294908036,4294966703,4278255615,4278320559,4294967295,11439346,4294967295,4294965700,4294967295,4294967283,4294967295,4294967283,1770153402.7107496
4294967295,4278196356,4278320563,4294967295,16776627,4294967295,4289629874,255,4294965700,4294967295,4278190323,4294967295,4278190323,1770153402.711824
4294967295,4278196357,4278320574,4294967295,16776638,4294967295,4289631695,4294967295,4294965700,4294902015,243,4294902015,243,1770153402.7128134
4294967295,4278196359,4278320595,4294967294,16776659,4294967295,4289635299,255,4294965700,4294967295,4278190323,4294967295,4278190323,1770153402.7138624
4294967292,4278196362,4278320626,4294967292,16776690,16777215,4289640426,252,4294965700,4294967295,243,4294967295,243,1770153402.7148755
4294967295,4278196366,4278320895,4294967293,16776959,4294967295,4289647751,255,4294965700,4294967295,243,4294967295,243,1770153402.7157755
4294967293,4278196367,4278320873,4294967292,16776937,4294967295,4289649404,253,4294965700,4294967295,4294902003,4294967295,4294902003,1770153402.716736
4294967295,4278196367,4278320875,4294967294,16776939,4294967295,4289649868,255,4294965700,4294967295,4278190323,4294967295,4278190323,1770153402.71788
4294967295,4294908048,4294967030,4294967294,4278320886,4294967295,11461609,4294967295,4294965700,4294967295,4294967283,4294967295,4294967283,1770153402.718858
4294967295,4294908049,4294967039,4294967292,130815,4294967295,11463157,4294902015,4294965700,4294967295,243,4294967295,243,1770153402.719783
4294967292,4294908049,4294966976,4294967293,4278320832,4294967295,11463133,4294967292,4278192580,4294967295,4294902003,4294967295,4294902003,1770153402.720689
4294967293,4294908051,4294966995,4294967294,4278320851,4294967295,11466495,4294902013,4294904260,4294967295,4294967283,4294967295,4294967283,1770153402.7216148
4294967295,4294908051,4294966996,4294967295,4278320852,4294967295,11466439,4294967295,4294965700,4294967295,4294967283,4294967295,4294967283,1770153402.7224987
4294967294,4278196371,4278320854,4294967293,16776918,4294967295,4289657079,254,4294965700,4294967295,4294967283,4294967295,4294967283,1770153402.723347
4294967293,4278196372,4278320863,4294967295,16776927,4294967295,4289658339,4294967293,4294965700,4294967295,4294902003,4294967295,4294902003,1770153402.7242362
4294967294,4294908054,4294967028,4294967294,4278320884,4294967295,11471859,4294902014,4294965700,4294967295,243,4294967295,243,1770153402.7251012
4294967293,4294908055,4294967037,4294967295,4278320893,4294967295,11530751,4294902013,4278254020,4294967295,4294967283,4294967295,4294967283,1770153402.7260623
4294967293,4294908055,4294966915,4294967294,4278320771,4294967295,11474418,4294967293,4294965700,4294967295,4294967283,4294967295,4294967283,1770153402.7270823
4294967295,4278196376,4278320784,4294967288,16776848,4294967295,4289666462,4294967295,4294965700,4294967295,243,4294967295,243,1770153402.7280958
4294967294,4278196378,4278320804,4294967294,16776868,4294967295,4289669767,254,4294965700,4294967295,243,4294967295,243,1770153402.7290068
4294967292,4278196379,4278320812,4294967295,16776876,4294967295,4289671083,4294967292,16775620,4294967295,4294902003,4294967295,4294902003,1770153402.7301657
4294967293,4294908059,16776883,4294967290,130739,4294901760,11482073,4294967293,4294966488,4294967295,4294902010,4294967295,4294902010,1770153402.731065
4294967293,4294908061,4294966975,4294967295,4278320831,4294967295,11533290,4294902013,4278254020,4294967295,4294967283,4294967295,4294967283,1770153402.7319689
4294967295,4294908062,4294966988,4294967294,4278320844,4294967295,11486426,4294967295,4278192580,4294967295,4294967283,4294967295,4294967283,1770153402.7329695
4294967294,4278196384,4278320870,4294967294,16776934,4294967295,4289680882,254,4294965700,4294967295,243,4294967295,243,1770153402.7341254
4294967293,4278196385,4278320879,4294967292,16776943,4294967295,4289682174,253,4294965700,4294967295,4294902003,4294967295,4294902003,1770153402.7351503
4294967295,4294908066,4294967033,4294967295,4278320889,4294967295,4289716724,4294967295,4278254020,4294967295,4294967283,4294967295,4294967283,1770153402.7361438
4294967294,4278196386,4278320894,4294967288,16776958,4294967295,4289684668,254,4294965700,4294967295,4278190323,4294967295,4278190323,1770153402.7369869
4294967294,4294908068,4294967280,4294967292,4278321136,4294967295,11497685,4294902014,4278192580,4294967295,4294967283,4294967295,4294967283,1770153402.7378864
4294967295,4278196388,4278321140,4294967288,16777204,4294967295,4289688309,4294967295,4294965700,4294967295,243,4294967295,243,1770153402.738888
4294967293,4278196389,4278321145,4294967294,16777209,4294967295,4289689314,4294967293,4294965700,4294967295,4294902003,4294967295,4294902003,1770153402.7399275
4294967294,4278196389,4278321148,4294967293,16777212,4294967295,4289689850,254,4294965700,4294967295,243,4294967295,243,1770153402.7409353
4294967295,4294908070,4294967267,4294967295,4278321123,4294967295,11500693,4294967295,4278192580,4294967295,4294902003,4294967295,4294902003,1770153402.7419512
4294967295,4278196392,4278321144,4294967295,16777208,4294967295,4289694438,4294967295,4294965700,4294967295,4294967283,4294967295,4294967283,1770153402.7429488
4294967295,4294908072,4294967289,4294967295,4278321145,4294967295,11504334,4294967295,4294965700,4294967295,4294967283,4294967295,4294967283,1770153402.7439027
4294967295,4278196393,4278321099,4294967288,16777163,4294967295,4289697411,255,4294965700,4294967295,243,4294967295,243,1770153402.7449174
4294967295,4278196394,4278321110,4294967288,16777174,4294967295,4289699233,4294967295,4294965700,4294967295,4278190323,4294967295,4278190323,1770153402.745893
4294967292,4278196397,4278321138,4294967295,16777202,4294967295,4289703854,4294967292,4294965700,4294967295,4294902003,4294967295,4294902003,1770153402.7470486
4294967294,4278196399,4278321038,4294967289,16777102,4294967295,4289708502,254,4278254020,4294967295,243,4294967295,243,1770153402.7481062
4294967295,4278196400,4278321048,4294967288,16777112,4294967295,4289710282,4294967295,4294965700,4294967295,4278190323,4294967295,4278190323,1770153402.7490652
4294967295,4294908084,4294967234,4294967294,4278321090,4294967295,11527147,4294967295,4294965700,4294967295,243,4294967295,243,1770153402.750142
4294967295,4278196406,4278321109,4294967295,16777173,4294967295,4289720235,4294967295,4294965700,4294967295,16711923,4294967295,16711923,1770153402.7510676
4294967294,4278196406,4278321110,4294967292,16777174,4294967295,4289720531,4278190082,63940,4294967295,65523,4294967295,65523,1770153402.752081
4294967294,4294908087,4294967266,4294967293,4278321122,4294967295,11532535,254,4294965700,4294967295,4294967283,4294967295,4294967283,1770153402.75304
4294967292,4278196408,4278321136,4294967288,16777200,4294967295,4289724907,252,4294965700,4294967295,243,4294967295,243,1770153402.7538867
4294967295,4278196409,131061,4294967042,16777205,4294967295,4289789144,4294967295,4294965700,4294967295,4294902003,4294967295,4294902003,1770153402.7547827
4294967295,4278196410,131071,4294967041,16777215,4294967295,4289788620,4294902015,4294965700,4294967295,4294902003,4294967295,4294902003,1770153402.7555845
4294967292,4278196410,4278317310,4294967292,16773374,4294967295,4289727684,252,4294965700,4294967295,243,4294967295,243,1770153402.7565386
4294967295,4278253754,4294906111,4294967289,16773375,4294967295,11596028,255,4294904260,4294967040,4294967283,4294967040,4294967283,1770153402.7574844
4294967292,4278196410,4278317304,4294967290,16773368,4294967295,4289728714,252,4294966488,4294967295,4278190330,4294967295,4278190330,1770153402.7584212
4294967292,4294908092,4294963450,4294967294,4278317306,4294967295,11541708,4294967292,4294965700,4294967295,4294902003,4294967295,4294902003,1770153402.7592704
4294967294,4294908094,4294963440,4294967294,4278317296,4294967295,11545219,4294967294,4294965700,4294967295,4294902003,4294967295,4294902003,1770153402.7602077
4294967293,4278196416,4278317253,4294967293,16773317,4294967295,4289738994,253,4294965700,4294967295,243,4294967295,243,1770153402.7612417
4294902012,4278196417,4278317264,4294967293,16773328,4294967295,4289740782,252,4294965700,4294967295,243,4294967295,243,1770153402.7623844
4294967295,4278196417,4278317266,4294967295,16773330,4294967295,4289741054,4294967295,4294965700,4294967295,4278190323,4294967295,4278190323,1770153402.7633595
1,4294965441,16773331,4294967288,4294906067,4294967295,4289774054,255,4294904260,4294967040,243,4294967040,243,1770153402.7642722
4294967292,4294908098,4294963420,4294967294,4278317276,4294967295,11552498,4294967292,4294965700,4294967295,4294902003,4294967295,4294902003,1770153402.765436
4294967294,4294908100,4294963442,4294967294,4278317298,4294967295,11556330,4294967294,4294965700,4294967295,4294967283,4294967295,4294967283,1770153402.7665088
4294967292,6341,127226,4294967043,16773370,4294967295,4289747662,4294967292,4294965700,4294967295,4294902003,4294967295,4294902003,1770153402.767516
4294967295,4278196448,4278320359,4294967295,16776423,4294967295,4289564328,255,4294965700,4294967295,243,4294967295,243,1770153402.7711222
4294967292,4278196450,130294,4294967040,16776438,4294967295,4289566920,16777212,4294965700,4294967295,4294967283,4294967295,4294967283,1770153402.7720535
4294967293,4294908130,4294966519,4294967295,4278320375,4294967295,11376880,4294967293,4294965700,4294967295,4294967283,4294967295,4294967283,1770153402.7729313
4294967295,4278196450,4278320379,4294967293,16776443,4294967295,4289567632,255,4294965700,4294967295,243,4294967295,243,1770153402.7738361
4294967295,4278196454,4278320361,4294967295,16776425,4294967295,4289575380,255,4294965700,4294967295,243,4294967295,243,1770153402.7747045
4294967295,4294908137,4294966403,4294967295,4278320259,4294967295,4289579761,4294967295,4294904260,4294967295,4294902003,4294967295,4294902003,1770153402.7755094
4294967294,4278196459,4278258848,4294967295,16776352,4294967295,4289584359,254,4294965700,4294967295,243,4294967295,243,1770153402.776667
4294967295,4294908140,4294966442,4294967294,4278320298,4294967295,11396062,4294967295,4294965700,4294967295,4294902003,4294967295,4294902003,1770153402.777877
4294967295,4278196463,4278320334,4294967289,16776398,4294967295,4289591980,4294967295,4294965700,4294967295,4278190323,4294967295,4278190323,1770153402.7793307
4294967295,4278196464,4278320341,4294967293,16776405,4294967295,4289593320,255,4294965700,4294967295,243,4294967295,243,1770153402.780442
4294967295,4294908151,4294966755,4294967294,4278320611,4294967295,11415961,255,4294965700,4294967295,4294902003,4294967295,4294902003,1770153402.7813911
4294967292,4294908154,4294966724,4294967294,4278320580,4294967295,11421419,252,4294965700,4294967295,4294967283,4294967295,4294967283,1770153402.7823107
4294967295,4294908157,4294905313,4294967294,4278259169,4294967295,11458977,4294902015,4294904260,4294967295,4294967283,4294967295,4294967283,1770153402.7832255
4294967292,4294908157,4294966754,4294967295,4278320610,4294967295,11426505,4294967292,4294965700,4294967295,4294967283,4294967295,4294967283,1770153402.784104
4294967294,4278196477,4278320614,4294967295,16776678,4294967295,4289617129,254,4294965700,4294967295,243,4294967295,243,1770153402.7849824
4294967295,4294908032,4294966658,4294967294,4278320514,4294967295,11431670,4294967295,4278192580,4294967295,4294967283,4294967295,4294967283,1770153402.7858465
4294967292,4278196352,4278320518,4294967294,16776582,4294967295,4289622422,252,4278254020,4294967295,243,4294967295,243,1770153402.7866995
4294967294,4278196353,4278320528,4294967293,16776592,4294967295,4289624315,4294967294,4294965700,4294967295,4294902003,4294967295,4294902003,1770153402.7875502
4294967295,4278196355,4278320545,4294967295,16776609,4294967295,4289626877,4294967295,4294965700,4294967295,4294967283,4294967295,4294967283,1770153402.78839
4294967295,4278196355,4278320547,4294967294,16776611,4294967295,4289627341,255,4294965700,4294967040,4294902003,4294967040,4294902003,1770153402.7892487
4294967295,4294908036,4294966703,4278255615,4278320559,4294967295,11439346,4294967295,4294965700,4294967295,4294967283,4294967295,4294967283,1770153402.7901301
4294967295,4278196356,4278320563,4294967295,16776627,4294967295,4289629874,255,4294965700,4294967295,4278190323,4294967295,4278190323,1770153402.7910404
4294967295,4278196357,4278320574,4294967295,16776638,4294967295,4289631695,4294967295,4294965700,4294902015,243,4294902015,243,1770153402.7920802
4294967295,4278196359,4278320595,4294967294,16776659,4294967295,4289635299,255,4294965700,4294967295,4278190323,4294967295,4278190323,1770153402.7929559
4294967292,4278196362,4278320626,4294967292,16776690,16777215,4289640426,252,4294965700,4294967295,243,4294967295,243,1770153402.7939847
4294967295,4278196366,4278320895,4294967293,16776959,4294967295,4289647751,255,4294965700,4294967295,243,4294967295,243,1770153402.7950325
4294967293,4278196367,4278320873,4294967292,16776937,4294967295,4289649404,253,4294965700,4294967295,4294902003,4294967295,4294902003,1770153402.79595
4294967295,4278196367,4278320875,4294967294,16776939,4294967295,4289649868,255,4294965700,4294967295,4278190323,4294967295,4278190323,1770153402.7970552
4294967295,4294908048,4294967030,4294967294,4278320886,4294967295,11461609,4294967295,4294965700,4294967295,4294967283,4294967295,4294967283,1770153402.7980235
4294967295,4294908049,4294967039,4294967292,130815,4294967295,11463157,4294902015,4294965700,4294967295,243,4294967295,243,1770153402.7989461
4294967292,4294908049,4294966976,4294967293,4278320832,4294967295,11463133,4294967292,4278192580,4294967295,4294902003,4294967295,4294902003,1770153402.7999082
4294967293,4294908051,4294966995,4294967294,4278320851,4294967295,11466495,4294902013,4294904260,4294967295,4294967283,4294967295,4294967283,1770153402.800947
4294967295,4294908051,4294966996,4294967295,4278320852,4294967295,11466439,4294967295,4294965700,4294967295,4294967283,4294967295,4294967283,1770153402.8018377
4294967294,4278196371,4278320854,4294967293,16776918,4294967295,4289657079,254,4294965700,4294967295,4294967283,4294967295,4294967283,1770153402.8027027
4294967293,4278196372,4278320863,4294967295,16776927,4294967295,4289658339,4294967293,4294965700,4294967295,4294902003,4294967295,4294902003,1770153402.8070867
4294967294,4294908054,4294967028,4294967294,4278320884,4294967295,11471859,4294902014,4294965700,4294967295,243,4294967295,243,1770153402.8083556
4294967293,4294908055,4294967037,4294967295,4278320893,4294967295,11530751,4294902013,4278254020,4294967295,4294967283,4294967295,4294967283,1770153402.8094063
4294967293,4294908055,4294966915,4294967294,4278320771,4294967295,11474418,4294967293,4294965700,4294967295,4294967283,4294967295,4294967283,1770153402.8115401
4294967295,4278196376,4278320784,4294967288,16776848,4294967295,4289666462,4294967295,4294965700,4294967295,243,4294967295,243,1770153402.8133044
4294967294,4278196378,4278320804,4294967294,16776868,4294967295,4289669767,254,4294965700,4294967295,243,4294967295,243,1770153402.8161526
4294967292,4278196379,4278320812,4294967295,16776876,4294967295,4289671083,4294967292,16775620,4294967295,4294902003,4294967295,4294902003,1770153402.8171601
4294967293,4294908059,16776883,4294967290,130739,4294901760,11482073,4294967293,4294966488,4294967295,4294902010,4294967295,4294902010,1770153402.818241
4294967293,4294908061,4294966975,4294967295,4278320831,4294967295,11533290,4294902013,4278254020,4294967295,4294967283,4294967295,4294967283,1770153402.8192606
4294967295,4294908062,4294966988,4294967294,4278320844,4294967295,11486426,4294967295,4278192580,4294967295,4294967283,4294967295,4294967283,1770153402.8202164
4294967294,4278196384,4278320870,4294967294,16776934,4294967295,4289680882,254,4294965700,4294967295,243,4294967295,243,1770153402.8211145
4294967293,4278196385,4278320879,4294967292,16776943,4294967295,4289682174,253,4294965700,4294967295,4294902003,4294967295,4294902003,1770153402.8220408
4294967295,4294908066,4294967033,4294967295,4278320889,4294967295,4289716724,4294967295,4278254020,4294967295,4294967283,4294967295,4294967283,1770153402.8231573
4294967294,4278196386,4278320894,4294967288,16776958,4294967295,4289684668,254,4294965700,4294967295,4278190323,4294967295,4278190323,1770153402.8242018
4294967294,4294908068,4294967280,4294967292,4278321136,4294967295,11497685,4294902014,4278192580,4294967295,4294967283,4294967295,4294967283,1770153402.8251035
4294967295,4278196388,4278321140,4294967288,16777204,4294967295,4289688309,4294967295,4294965700,4294967295,243,4294967295,243,1770153402.8261714
4294967293,4278196389,4278321145,4294967294,16777209,4294967295,4289689314,4294967293,4294965700,4294967295,4294902003,4294967295,4294902003,1770153402.8273668
4294967294,4278196389,4278321148,4294967293,16777212,4294967295,4289689850,254,4294965700,4294967295,243,4294967295,243,1770153402.8286517
4294967295,4294908070,4294967267,4294967295,4278321123,4294967295,11500693,4294967295,4278192580,4294967295,4294902003,4294967295,4294902003,1770153402.8297184
4294967295,4278196392,4278321144,4294967295,16777208,4294967295,4289694438,4294967295,4294965700,4294967295,4294967283,4294967295,4294967283,1770153402.8310835
4294967295,4294908072,4294967289,4294967295,4278321145,4294967295,11504334,4294967295,4294965700,4294967295,4294967283,4294967295,4294967283,1770153402.8321168
4294967295,4278196393,4278321099,4294967288,16777163,4294967295,4289697411,255,4294965700,4294967295,243,4294967295,243,1770153402.8331316
4294967295,4278196394,4278321110,4294967288,16777174,4294967295,4289699233,4294967295,4294965700,4294967295,4278190323,4294967295,4278190323,1770153402.8341668
4294967292,4278196397,4278321138,4294967295,16777202,4294967295,4289703854,4294967292,4294965700,4294967295,4294902003,4294967295,4294902003,1770153402.8352075
4294967294,4278196399,4278321038,4294967289,16777102,4294967295,4289708502,254,4278254020,4294967295,243,4294967295,243,1770153402.8362148
4294967295,4278196400,4278321048,4294967288,16777112,4294967295,4289710282,4294967295,4294965700,4294967295,4278190323,4294967295,4278190323,1770153402.83732
4294967295,4294908084,4294967234,4294967294,4278321090,4294967295,11527147,4294967295,4294965700,4294967295,243,4294967295,243,1770153402.83859
4294967295,4278196406,4278321109,4294967295,16777173,4294967295,4289720235,4294967295,4294965700,4294967295,16711923,4294967295,16711923,1770153402.8401513
4294967294,4278196406,4278321110,4294967292,16777174,4294967295,4289720531,4278190082,63940,4294967295,65523,4294967295,65523,1770153402.8414874
4294967294,4294908087,4294967266,4294967293,4278321122,4294967295,11532535,254,4294965700,4294967295,4294967283,4294967295,4294967283,1770153402.8427594
4294967292,4278196408,4278321136,4294967288,16777200,4294967295,4289724907,252,4294965700,4294967295,243,4294967295,243,1770153402.8440816
4294967295,4278196409,131061,4294967042,16777205,4294967295,4289789144,4294967295,4294965700,4294967295,4294902003,4294967295,4294902003,1770153402.8452396
4294967295,4278196410,131071,4294967041,16777215,4294967295,4289788620,4294902015,4294965700,4294967295,4294902003,4294967295,4294902003,1770153402.8463027
4294967292,4278196410,4278317310,4294967292,16773374,4294967295,4289727684,252,4294965700,4294967295,243,4294967295,243,1770153402.8471973
4294967295,4278253754,4294906111,4294967289,16773375,4294967295,11596028,255,4294904260,4294967040,4294967283,4294967040,4294967283,1770153402.848438
4294967292,4278196410,4278317304,4294967290,16773368,4294967295,4289728714,252,4294966488,4294967295,4278190330,4294967295,4278190330,1770153402.84949
4294967292,4294908092,4294963450,4294967294,4278317306,4294967295,11541708,4294967292,4294965700,4294967295,4294902003,4294967295,4294902003,1770153402.8504906
4294967294,4294908094,4294963440,4294967294,4278317296,4294967295,11545219,4294967294,4294965700,4294967295,4294902003,4294967295,4294902003,1770153402.8516998
4294967293,4278196416,4278317253,4294967293,16773317,4294967295,4289738994,253,4294965700,4294967295,243,4294967295,243,1770153402.8527832
4294902012,4278196417,4278317264,4294967293,16773328,4294967295,4289740782,252,4294965700,4294967295,243,4294967295,243,1770153402.85371
4294967295,4278196417,4278317266,4294967295,16773330,4294967295,4289741054,4294967295,4294965700,4294967295,4278190323,4294967295,4278190323,1770153402.854645
1,4294965441,16773331,4294967288,4294906067,4294967295,4289774054,255,4294904260,4294967040,243,4294967040,243,1770153402.8557081
4294967292,4294908098,4294963420,4294967294,4278317276,4294967295,11552498,4294967292,4294965700,4294967295,4294902003,4294967295,4294902003,1770153402.8566558
4294967294,4294908100,4294963442,4294967294,4278317298,4294967295,11556330,4294967294,4294965700,4294967295,4294967283,4294967295,4294967283,1770153402.857587
4294967292,6341,127226,4294967043,16773370,4294967295,4289747662,4294967292,4294965700,4294967295,4294902003,4294967295,4294902003,1770153402.8585763
4294967295,4278196423,4278317204,4294967295,16773268,4294967295,4289752039,4294967295,4294965700,4294967295,243,4294967295,243,1770153402.8594651
4294967295,4278196448,4278320359,4294967295,16776423,4294967295,4289564328,255,4294965700,4294967295,243,4294967295,243,1770153402.8633373
4294967292,4278196450,130294,4294967040,16776438,4294967295,4289566920,16777212,4294965700,4294967295,4294967283,4294967295,4294967283,1770153402.864325
4294967293,4294908130,4294966519,4294967295,4278320375,4294967295,11376880,4294967293,4294965700,4294967295,4294967283,4294967295,4294967283,1770153402.865305
4294967295,4278196450,4278320379,4294967293,16776443,4294967295,4289567632,255,4294965700,4294967295,243,4294967295,243,1770153402.8663275
4294967295,4278196454,4278320361,4294967295,16776425,4294967295,4289575380,255,4294965700,4294967295,243,4294967295,243,1770153402.867333
4294967295,4294908137,4294966403,4294967295,4278320259,4294967295,4289579761,4294967295,4294904260,4294967295,4294902003,4294967295,4294902003,1770153402.8684707
4294967294,4278196459,4278258848,4294967295,16776352,4294967295,4289584359,254,4294965700,4294967295,243,4294967295,243,1770153402.8696125
4294967295,4294908140,4294966442,4294967294,4278320298,4294967295,11396062,4294967295,4294965700,4294967295,4294902003,4294967295,4294902003,1770153402.870565
4294967295,4278196463,4278320334,4294967289,16776398,4294967295,4289591980,4294967295,4294965700,4294967295,4278190323,4294967295,4278190323,1770153402.8714652
4294967295,4278196464,4278320341,4294967293,16776405,4294967295,4289593320,255,4294965700,4294967295,243,4294967295,243,1770153402.8733594
4294967295,4294908151,4294966755,4294967294,4278320611,4294967295,11415961,255,4294965700,4294967295,4294902003,4294967295,4294902003,1770153402.8743978
4294967292,4294908154,4294966724,4294967294,4278320580,4294967295,11421419,252,4294965700,4294967295,4294967283,4294967295,4294967283,1770153402.8753679
4294967295,4294908157,4294905313,4294967294,4278259169,4294967295,11458977,4294902015,4294904260,4294967295,4294967283,4294967295,4294967283,1770153402.8762665
4294967292,4294908157,4294966754,4294967295,4278320610,4294967295,11426505,4294967292,4294965700,4294967295,4294967283,4294967295,4294967283,1770153402.8771987
4294967294,4278196477,4278320614,4294967295,16776678,4294967295,4289617129,254,4294965700,4294967295,243,4294967295,243,1770153402.8780684
4294967295,4294908032,4294966658,4294967294,4278320514,4294967295,11431670,4294967295,4278192580,4294967295,4294967283,4294967295,4294967283,1770153402.8789985
4294967292,4278196352,4278320518,4294967294,16776582,4294967295,4289622422,252,4278254020,4294967295,243,4294967295,243,1770153402.8799205
4294967294,4278196353,4278320528,4294967293,16776592,4294967295,4289624315,4294967294,4294965700,4294967295,4294902003,4294967295,4294902003,1770153402.8808553
4294967295,4278196355,4278320545,4294967295,16776609,4294967295,4289626877,4294967295,4294965700,4294967295,4294967283,4294967295,4294967283,1770153402.8818946
4294967295,4278196355,4278320547,4294967294,16776611,4294967295,4289627341,255,4294965700,4294967040,4294902003,4294967040,4294902003,1770153402.8828046
4294967295,4294908036,4294966703,4278255615,4278320559,4294967295,11439346,4294967295,4294965700,4294967295,4294967283,4294967295,4294967283,1770153402.8838897
4294967295,4278196356,4278320563,4294967295,16776627,4294967295,4289629874,255,4294965700,4294967295,4278190323,4294967295,4278190323,1770153402.884919
4294967295,4278196357,4278320574,4294967295,16776638,4294967295,4289631695,4294967295,4294965700,4294902015,243,4294902015,243,1770153402.8860097
4294967295,4278196359,4278320595,4294967294,16776659,4294967295,4289635299,255,4294965700,4294967295,4278190323,4294967295,4278190323,1770153402.8870203
4294967292,4278196362,4278320626,4294967292,16776690,16777215,4289640426,252,4294965700,4294967295,243,4294967295,243,1770153402.8879516
4294967295,4278196366,4278320895,4294967293,16776959,4294967295,4289647751,255,4294965700,4294967295,243,4294967295,243,1770153402.8889453
4294967293,4278196367,4278320873,4294967292,16776937,4294967295,4289649404,253,4294965700,4294967295,4294902003,4294967295,4294902003,1770153402.889865
4294967295,4278196367,4278320875,4294967294,16776939,4294967295,4289649868,255,4294965700,4294967295,4278190323,4294967295,4278190323,1770153402.8908482
4294967295,4294908048,4294967030,4294967294,4278320886,4294967295,11461609,4294967295,4294965700,4294967295,4294967283,4294967295,4294967283,1770153402.8919027
4294967295,4294908049,4294967039,4294967292,130815,4294967295,11463157,4294902015,4294965700,4294967295,243,4294967295,243,1770153402.8927968
4294967292,4294908049,4294966976,4294967293,4278320832,4294967295,11463133,4294967292,4278192580,4294967295,4294902003,4294967295,4294902003,1770153402.8938007
4294967293,4294908051,4294966995,4294967294,4278320851,4294967295,11466495,4294902013,4294904260,4294967295,4294967283,4294967295,4294967283,1770153402.894748
4294967295,4294908051,4294966996,4294967295,4278320852,4294967295,11466439,4294967295,4294965700,4294967295,4294967283,4294967295,4294967283,1770153402.895735
4294967294,4278196371,4278320854,4294967293,16776918,4294967295,4289657079,254,4294965700,4294967295,4294967283,4294967295,4294967283,1770153402.8965957
4294967293,4278196372,4278320863,4294967295,16776927,4294967295,4289658339,4294967293,4294965700,4294967295,4294902003,4294967295,4294902003,1770153402.8980358
4294967294,4294908054,4294967028,4294967294,4278320884,4294967295,11471859,4294902014,4294965700,4294967295,243,4294967295,243,1770153402.8991156
4294967293,4294908055,4294967037,4294967295,4278320893,4294967295,11530751,4294902013,4278254020,4294967295,4294967283,4294967295,4294967283,1770153402.9000835
4294967293,4294908055,4294966915,4294967294,4278320771,4294967295,11474418,4294967293,4294965700,4294967295,4294967283,4294967295,4294967283,1770153402.9012084
4294967295,4278196376,4278320784,4294967288,16776848,4294967295,4289666462,4294967295,4294965700,4294967295,243,4294967295,243,1770153402.9021692
4294967294,4278196378,4278320804,4294967294,16776868,4294967295,4289669767,254,4294965700,4294967295,243,4294967295,243,1770153402.9030745
4294967292,4278196379,4278320812,4294967295,16776876,4294967295,4289671083,4294967292,16775620,4294967295,4294902003,4294967295,4294902003,1770153402.9043865
4294967293,4294908059,16776883,4294967290,130739,4294901760,11482073,4294967293,4294966488,4294967295,4294902010,4294967295,4294902010,1770153402.9053519
4294967293,4294908061,4294966975,4294967295,4278320831,4294967295,11533290,4294902013,4278254020,4294967295,4294967283,4294967295,4294967283,1770153402.9065611
4294967295,4294908062,4294966988,4294967294,4278320844,4294967295,11486426,4294967295,4278192580,4294967295,4294967283,4294967295,4294967283,1770153402.907501
4294967294,4278196384,4278320870,4294967294,16776934,4294967295,4289680882,254,4294965700,4294967295,243,4294967295,243,1770153402.9084473
4294967293,4278196385,4278320879,4294967292,16776943,4294967295,4289682174,253,4294965700,4294967295,4294902003,4294967295,4294902003,1770153402.9093297
4294967295,4294908066,4294967033,4294967295,4278320889,4294967295,4289716724,4294967295,4278254020,4294967295,4294967283,4294967295,4294967283,1770153402.9102798
4294967294,4278196386,4278320894,4294967288,16776958,4294967295,4289684668,254,4294965700,4294967295,4278190323,4294967295,4278190323,1770153402.9112263
4294967294,4294908068,4294967280,4294967292,4278321136,4294967295,11497685,4294902014,4278192580,4294967295,4294967283,4294967295,4294967283,1770153402.9124713
4294967295,4278196388,4278321140,4294967288,16777204,4294967295,4289688309,4294967295,4294965700,4294967295,243,4294967295,243,1770153402.913651
4294967293,4278196389,4278321145,4294967294,16777209,4294967295,4289689314,4294967293,4294965700,4294967295,4294902003,4294967295,4294902003,1770153402.9148421
4294967294,4278196389,4278321148,4294967293,16777212,4294967295,4289689850,254,4294965700,4294967295,243,4294967295,243,1770153402.9157379
4294967295,4294908070,4294967267,4294967295,4278321123,4294967295,11500693,4294967295,4278192580,4294967295,4294902003,4294967295,4294902003,1770153402.9166555
4294967295,4278196392,4278321144,4294967295,16777208,4294967295,4289694438,4294967295,4294965700,4294967295,4294967283,4294967295,4294967283,1770153402.9176316
4294967295,4294908072,4294967289,4294967295,4278321145,4294967295,11504334,4294967295,4294965700,4294967295,4294967283,4294967295,4294967283,1770153402.918646
4294967295,4278196393,4278321099,4294967288,16777163,4294967295,4289697411,255,4294965700,4294967295,243,4294967295,243,1770153402.9196725
4294967295,4278196394,4278321110,4294967288,16777174,4294967295,4289699233,4294967295,4294965700,4294967295,4278190323,4294967295,4278190323,1770153402.9205785
4294967292,4278196397,4278321138,4294967295,16777202,4294967295,4289703854,4294967292,4294965700,4294967295,4294902003,4294967295,4294902003,1770153402.9215562
4294967294,4278196399,4278321038,4294967289,16777102,4294967295,4289708502,254,4278254020,4294967295,243,4294967295,243,1770153402.9226892
4294967295,4278196400,4278321048,4294967288,16777112,4294967295,4289710282,4294967295,4294965700,4294967295,4278190323,4294967295,4278190323,1770153402.925453
4294967295,4294908084,4294967234,4294967294,4278321090,4294967295,11527147,4294967295,4294965700,4294967295,243,4294967295,243,1770153402.926489
4294967295,4278196406,4278321109,4294967295,16777173,4294967295,4289720235,4294967295,4294965700,4294967295,16711923,4294967295,16711923,1770153402.9274516
4294967294,4278196406,4278321110,4294967292,16777174,4294967295,4289720531,4278190082,63940,4294967295,65523,4294967295,65523,1770153402.9284272
4294967294,4294908087,4294967266,4294967293,4278321122,4294967295,11532535,254,4294965700,4294967295,4294967283,4294967295,4294967283,1770153402.9294052
4294967292,4278196408,4278321136,4294967288,16777200,4294967295,4289724907,252,4294965700,4294967295,243,4294967295,243,1770153402.930587
4294967295,4278196409,131061,4294967042,16777205,4294967295,4289789144,4294967295,4294965700,4294967295,4294902003,4294967295,4294902003,1770153402.9315467
4294967295,4278196410,131071,4294967041,16777215,4294967295,4289788620,4294902015,4294965700,4294967295,4294902003,4294967295,4294902003,1770153402.9325235
4294967292,4278196410,4278317310,4294967292,16773374,4294967295,4289727684,252,4294965700,4294967295,243,4294967295,243,1770153402.9335825
4294967295,4278253754,4294906111,4294967289,16773375,4294967295,11596028,255,4294904260,4294967040,4294967283,4294967040,4294967283,1770153402.9347126
4294967292,4278196410,4278317304,4294967290,16773368,4294967295,4289728714,252,4294966488,4294967295,4278190330,4294967295,4278190330,1770153402.9357166
4294967292,4294908092,4294963450,4294967294,4278317306,4294967295,11541708,4294967292,4294965700,4294967295,4294902003,4294967295,4294902003,1770153402.9366705
4294967294,4294908094,4294963440,4294967294,4278317296,4294967295,11545219,4294967294,4294965700,4294967295,4294902003,4294967295,4294902003,1770153402.937828
4294967293,4278196416,4278317253,4294967293,16773317,4294967295,4289738994,253,4294965700,4294967295,243,4294967295,243,1770153402.9388113
4294902012,4278196417,4278317264,4294967293,16773328,4294967295,4289740782,252,4294965700,4294967295,243,4294967295,243,1770153402.9397383
4294967295,4278196417,4278317266,4294967295,16773330,4294967295,4289741054,4294967295,4294965700,4294967295,4278190323,4294967295,4278190323,1770153402.9405994
1,4294965441,16773331,4294967288,4294906067,4294967295,4289774054,255,4294904260,4294967040,243,4294967040,243,1770153402.9414623
4294967292,4294908098,4294963420,4294967294,4278317276,4294967295,11552498,4294967292,4294965700,4294967295,4294902003,4294967295,4294902003,1770153402.9424732
4294967294,4294908100,4294963442,4294967294,4278317298,4294967295,11556330,4294967294,4294965700,4294967295,4294967283,4294967295,4294967283,1770153402.9435678
4294967292,6341,127226,4294967043,16773370,4294967295,4289747662,4294967292,4294965700,4294967295,4294902003,4294967295,4294902003,1770153402.94459
4294967295,4278196423,4278317204,4294967295,16773268,4294967295,4289752039,4294967295,4294965700,4294967295,243,4294967295,243,1770153402.9457517
4294967295,4294965449,16773283,4294967295,4294906019,4294967295,4289754313,4294967295,4294965700,4294967295,4294967283,4294967295,4294967283,1770153402.9468493
4294967295,4278196448,4278320359,4294967295,16776423,4294967295,4289564328,255,4294965700,4294967295,243,4294967295,243,1770153402.9508862
4294967292,4278196450,130294,4294967040,16776438,4294967295,4289566920,16777212,4294965700,4294967295,4294967283,4294967295,4294967283,1770153402.9519477
4294967293,4294908130,4294966519,4294967295,4278320375,4294967295,11376880,4294967293,4294965700,4294967295,4294967283,4294967295,4294967283,1770153402.9529438
4294967295,4278196450,4278320379,4294967293,16776443,4294967295,4289567632,255,4294965700,4294967295,243,4294967295,243,1770153402.9538703
4294967295,4278196454,4278320361,4294967295,16776425,4294967295,4289575380,255,4294965700,4294967295,243,4294967295,243,1770153402.954869
4294967295,4294908137,4294966403,4294967295,4278320259,4294967295,4289579761,4294967295,4294904260,4294967295,4294902003,4294967295,4294902003,1770153402.9557798
4294967294,4278196459,4278258848,4294967295,16776352,4294967295,4289584359,254,4294965700,4294967295,243,4294967295,243,1770153402.9566998
4294967295,4294908140,4294966442,4294967294,4278320298,4294967295,11396062,4294967295,4294965700,4294967295,4294902003,4294967295,4294902003,1770153402.957629
4294967295,4278196463,4278320334,4294967289,16776398,4294967295,4289591980,4294967295,4294965700,4294967295,4278190323,4294967295,4278190323,1770153402.9586272
4294967295,4278196464,4278320341,4294967293,16776405,4294967295,4289593320,255,4294965700,4294967295,243,4294967295,243,1770153402.9596145
4294967295,4294908151,4294966755,4294967294,4278320611,4294967295,11415961,255,4294965700,4294967295,4294902003,4294967295,4294902003,1770153402.9607074
4294967292,4294908154,4294966724,4294967294,4278320580,4294967295,11421419,252,4294965700,4294967295,4294967283,4294967295,4294967283,1770153402.9620209
4294967295,4294908157,4294905313,4294967294,4278259169,4294967295,11458977,4294902015,4294904260,4294967295,4294967283,4294967295,4294967283,1770153402.9629335
4294967292,4294908157,4294966754,4294967295,4278320610,4294967295,11426505,4294967292,4294965700,4294967295,4294967283,4294967295,4294967283,1770153402.9638407
4294967294,4278196477,4278320614,4294967295,16776678,4294967295,4289617129,254,4294965700,4294967295,243,4294967295,243,1770153402.9646704
4294967295,4294908032,4294966658,4294967294,4278320514,4294967295,11431670,4294967295,4278192580,4294967295,4294967283,4294967295,4294967283,1770153402.965621
4294967292,4278196352,4278320518,4294967294,16776582,4294967295,4289622422,252,4278254020,4294967295,243,4294967295,243,1770153402.966616
4294967294,4278196353,4278320528,4294967293,16776592,4294967295,4289624315,4294967294,4294965700,4294967295,4294902003,4294967295,4294902003,1770153402.9676352
4294967295,4278196355,4278320545,4294967295,16776609,4294967295,4289626877,4294967295,4294965700,4294967295,4294967283,4294967295,4294967283,1770153402.968566
4294967295,4278196355,4278320547,4294967294,16776611,4294967295,4289627341,255,4294965700,4294967040,4294902003,4294967040,4294902003,1770153402.9695737
4294967295,4294908036,4294966703,4278255615,4278320559,4294967295,11439346,4294967295,4294965700,4294967295,4294967283,4294967295,4294967283,1770153402.9705355
4294967295,4278196356,4278320563,4294967295,16776627,4294967295,4289629874,255,4294965700,4294967295,4278190323,4294967295,4278190323,1770153402.971646
4294967295,4278196357,4278320574,4294967295,16776638,4294967295,4289631695,4294967295,4294965700,4294902015,243,4294902015,243,1770153402.9725826
4294967295,4278196359,4278320595,4294967294,16776659,4294967295,4289635299,255,4294965700,4294967295,4278190323,4294967295,4278190323,1770153402.9734495
4294967292,4278196362,4278320626,4294967292,16776690,16777215,4289640426,252,4294965700,4294967295,243,4294967295,243,1770153402.9743066
4294967295,4278196366,4278320895,4294967293,16776959,4294967295,4289647751,255,4294965700,4294967295,243,4294967295,243,1770153402.9751494
4294967293,4278196367,4278320873,4294967292,16776937,4294967295,4289649404,253,4294965700,4294967295,4294902003,4294967295,4294902003,1770153402.9761562
4294967295,4278196367,4278320875,4294967294,16776939,4294967295,4289649868,255,4294965700,4294967295,4278190323,4294967295,4278190323,1770153402.977357
4294967295,4294908048,4294967030,4294967294,4278320886,4294967295,11461609,4294967295,4294965700,4294967295,4294967283,4294967295,4294967283,1770153402.9783394
4294967295,4294908049,4294967039,4294967292,130815,4294967295,11463157,4294902015,4294965700,4294967295,243,4294967295,243,1770153402.9793227
4294967292,4294908049,4294966976,4294967293,4278320832,4294967295,11463133,4294967292,4278192580,4294967295,4294902003,4294967295,4294902003,1770153402.9803479
4294967293,4294908051,4294966995,4294967294,4278320851,4294967295,11466495,4294902013,4294904260,4294967295,4294967283,4294967295,4294967283,1770153402.9813032
4294967295,4294908051,4294966996,4294967295,4278320852,4294967295,11466439,4294967295,4294965700,4294967295,4294967283,4294967295,4294967283,1770153402.9821517
4294967294,4278196371,4278320854,4294967293,16776918,4294967295,4289657079,254,4294965700,4294967295,4294967283,4294967295,4294967283,1770153402.9830453
4294967293,4278196372,4278320863,4294967295,16776927,4294967295,4289658339,4294967293,4294965700,4294967295,4294902003,4294967295,4294902003,1770153402.983949
4294967294,4294908054,4294967028,4294967294,4278320884,4294967295,11471859,4294902014,4294965700,4294967295,243,4294967295,243,1770153402.984811
4294967293,4294908055,4294967037,4294967295,4278320893,4294967295,11530751,4294902013,4278254020,4294967295,4294967283,4294967295,4294967283,1770153402.985805
4294967293,4294908055,4294966915,4294967294,4278320771,4294967295,11474418,4294967293,4294965700,4294967295,4294967283,4294967295,4294967283,1770153402.9869032
4294967295,4278196376,4278320784,4294967288,16776848,4294967295,4289666462,4294967295,4294965700,4294967295,243,4294967295,243,1770153402.9880545
4294967294,4278196378,4278320804,4294967294,16776868,4294967295,4289669767,254,4294965700,4294967295,243,4294967295,243,1770153402.9890428
4294967292,4278196379,4278320812,4294967295,16776876,4294967295,4289671083,4294967292,16775620,4294967295,4294902003,4294967295,4294902003,1770153402.9900305
4294967293,4294908059,16776883,4294967290,130739,4294901760,11482073,4294967293,4294966488,4294967295,4294902010,4294967295,4294902010,1770153402.990865
4294967293,4294908061,4294966975,4294967295,4278320831,4294967295,11533290,4294902013,4278254020,4294967295,4294967283,4294967295,4294967283,1770153402.9918299
4294967295,4294908062,4294966988,4294967294,4278320844,4294967295,11486426,4294967295,4278192580,4294967295,4294967283,4294967295,4294967283,1770153402.9930491
4294967294,4278196384,4278320870,4294967294,16776934,4294967295,4289680882,254,4294965700,4294967295,243,4294967295,243,1770153402.9942162
4294967293,4278196385,4278320879,4294967292,16776943,4294967295,4289682174,253,4294965700,4294967295,4294902003,4294967295,4294902003,1770153402.9951928
4294967295,4294908066,4294967033,4294967295,4278320889,4294967295,4289716724,4294967295,4278254020,4294967295,4294967283,4294967295,4294967283,1770153402.996309
4294967294,4278196386,4278320894,4294967288,16776958,4294967295,4289684668,254,4294965700,4294967295,4278190323,4294967295,4278190323,1770153402.9973319
4294967294,4294908068,4294967280,4294967292,4278321136,4294967295,11497685,4294902014,4278192580,4294967295,4294967283,4294967295,4294967283,1770153402.9983175
4294967295,4278196388,4278321140,4294967288,16777204,4294967295,4289688309,4294967295,4294965700,4294967295,243,4294967295,243,1770153402.9992437
4294967293,4278196389,4278321145,4294967294,16777209,4294967295,4289689314,4294967293,4294965700,4294967295,4294902003,4294967295,4294902003,1770153403.0001175
4294967294,4278196389,4278321148,4294967293,16777212,4294967295,4289689850,254,4294965700,4294967295,243,4294967295,243,1770153403.000987
4294967295,4294908070,4294967267,4294967295,4278321123,4294967295,11500693,4294967295,4278192580,4294967295,4294902003,4294967295,4294902003,1770153403.001893
4294967295,4278196392,4278321144,4294967295,16777208,4294967295,4289694438,4294967295,4294965700,4294967295,4294967283,4294967295,4294967283,1770153403.0027642
4294967295,4294908072,4294967289,4294967295,4278321145,4294967295,11504334,4294967295,4294965700,4294967295,4294967283,4294967295,4294967283,1770153403.003765
4294967295,4278196393,4278321099,4294967288,16777163,4294967295,4289697411,255,4294965700,4294967295,243,4294967295,243,1770153403.0076137
4294967295,4278196394,4278321110,4294967288,16777174,4294967295,4289699233,4294967295,4294965700,4294967295,4278190323,4294967295,4278190323,1770153403.0092452
4294967292,4278196397,4278321138,4294967295,16777202,4294967295,4289703854,4294967292,4294965700,4294967295,4294902003,4294967295,4294902003,1770153403.0104804
4294967294,4278196399,4278321038,4294967289,16777102,4294967295,4289708502,254,4278254020,4294967295,243,4294967295,243,1770153403.0117323
4294967295,4278196400,4278321048,4294967288,16777112,4294967295,4289710282,4294967295,4294965700,4294967295,4278190323,4294967295,4278190323,1770153403.0127854
4294967295,4294908084,4294967234,4294967294,4278321090,4294967295,11527147,4294967295,4294965700,4294967295,243,4294967295,243,1770153403.0137258
4294967295,4278196406,4278321109,4294967295,16777173,4294967295,4289720235,4294967295,4294965700,4294967295,16711923,4294967295,16711923,1770153403.014657
4294967294,4278196406,4278321110,4294967292,16777174,4294967295,4289720531,4278190082,63940,4294967295,65523,4294967295,65523,1770153403.0155425
4294967294,4294908087,4294967266,4294967293,4278321122,4294967295,11532535,254,4294965700,4294967295,4294967283,4294967295,4294967283,1770153403.016399
4294967292,4278196408,4278321136,4294967288,16777200,4294967295,4289724907,252,4294965700,4294967295,243,4294967295,243,1770153403.0172687
4294967295,4278196409,131061,4294967042,16777205,4294967295,4289789144,4294967295,4294965700,4294967295,4294902003,4294967295,4294902003,1770153403.018144
4294967295,4278196410,131071,4294967041,16777215,4294967295,4289788620,4294902015,4294965700,4294967295,4294902003,4294967295,4294902003,1770153403.0193014
4294967292,4278196410,4278317310,4294967292,16773374,4294967295,4289727684,252,4294965700,4294967295,243,4294967295,243,1770153403.0201945
4294967295,4278253754,4294906111,4294967289,16773375,4294967295,11596028,255,4294904260,4294967040,4294967283,4294967040,4294967283,1770153403.0211778
4294967292,4278196410,4278317304,4294967290,16773368,4294967295,4289728714,252,4294966488,4294967295,4278190330,4294967295,4278190330,1770153403.0222275
4294967292,4294908092,4294963450,4294967294,4278317306,4294967295,11541708,4294967292,4294965700,4294967295,4294902003,4294967295,4294902003,1770153403.0234585
4294967294,4294908094,4294963440,4294967294,4278317296,4294967295,11545219,4294967294,4294965700,4294967295,4294902003,4294967295,4294902003,1770153403.0247037
4294967293,4278196416,4278317253,4294967293,16773317,4294967295,4289738994,253,4294965700,4294967295,243,4294967295,243,1770153403.0257487
4294902012,4278196417,4278317264,4294967293,16773328,4294967295,4289740782,252,4294965700,4294967295,243,4294967295,243,1770153403.027243
4294967295,4278196417,4278317266,4294967295,16773330,4294967295,4289741054,4294967295,4294965700,4294967295,4278190323,4294967295,4278190323,1770153403.0286016
1,4294965441,16773331,4294967288,4294906067,4294967295,4289774054,255,4294904260,4294967040,243,4294967040,243,1770153403.0298173
4294967292,4294908098,4294963420,4294967294,4278317276,4294967295,11552498,4294967292,4294965700,4294967295,4294902003,4294967295,4294902003,1770153403.0308635
4294967294,4294908100,4294963442,4294967294,4278317298,4294967295,11556330,4294967294,4294965700,4294967295,4294967283,4294967295,4294967283,1770153403.031878
4294967292,6341,127226,4294967043,16773370,4294967295,4289747662,4294967292,4294965700,4294967295,4294902003,4294967295,4294902003,1770153403.0345538
4294967295,4278196423,4278317204,4294967295,16773268,4294967295,4289752039,4294967295,4294965700,4294967295,243,4294967295,243,1770153403.0356054
4294967295,4294965449,16773283,4294967295,4294906019,4294967295,4289754313,4294967295,4294965700,4294967295,4294967283,4294967295,4294967283,1770153403.0366073
4294967293,4294908105,4294963365,4294967294,4278317221,4294967295,11564793,4294967293,4294965700,4294967295,4294967283,4294967295,4294967283,1770153403.0376563
4294967295,4278196448,4278320359,4294967295,16776423,4294967295,4289564328,255,4294965700,4294967295,243,4294967295,243,1770153403.0413392
4294967292,4278196450,130294,4294967040,16776438,4294967295,4289566920,16777212,4294965700,4294967295,4294967283,4294967295,4294967283,1770153403.042443
4294967293,4294908130,4294966519,4294967295,4278320375,4294967295,11376880,4294967293,4294965700,4294967295,4294967283,4294967295,4294967283,1770153403.0434954
4294967295,4278196450,4278320379,4294967293,16776443,4294967295,4289567632,255,4294965700,4294967295,243,4294967295,243,1770153403.044477
4294967295,4278196454,4278320361,4294967295,16776425,4294967295,4289575380,255,4294965700,4294967295,243,4294967295,243,1770153403.045505
4294967295,4294908137,4294966403,4294967295,4278320259,4294967295,4289579761,4294967295,4294904260,4294967295,4294902003,4294967295,4294902003,1770153403.0465112
4294967294,4278196459,4278258848,4294967295,16776352,4294967295,4289584359,254,4294965700,4294967295,243,4294967295,243,1770153403.0476186
4294967295,4294908140,4294966442,4294967294,4278320298,4294967295,11396062,4294967295,4294965700,4294967295,4294902003,4294967295,4294902003,1770153403.0486367
4294967295,4278196463,4278320334,4294967289,16776398,4294967295,4289591980,4294967295,4294965700,4294967295,4278190323,4294967295,4278190323,1770153403.0495672
4294967295,4278196464,4278320341,4294967293,16776405,4294967295,4289593320,255,4294965700,4294967295,243,4294967295,243,1770153403.0505323
4294967295,4294908151,4294966755,4294967294,4278320611,4294967295,11415961,255,4294965700,4294967295,4294902003,4294967295,4294902003,1770153403.0514708
4294967292,4294908154,4294966724,4294967294,4278320580,4294967295,11421419,252,4294965700,4294967295,4294967283,4294967295,4294967283,1770153403.0523446
4294967295,4294908157,4294905313,4294967294,4278259169,4294967295,11458977,4294902015,4294904260,4294967295,4294967283,4294967295,4294967283,1770153403.0534334
4294967292,4294908157,4294966754,4294967295,4278320610,4294967295,11426505,4294967292,4294965700,4294967295,4294967283,4294967295,4294967283,1770153403.0545075
4294967294,4278196477,4278320614,4294967295,16776678,4294967295,4289617129,254,4294965700,4294967295,243,4294967295,243,1770153403.055713
4294967295,4294908032,4294966658,4294967294,4278320514,4294967295,11431670,4294967295,4278192580,4294967295,4294967283,4294967295,4294967283,1770153403.0567718
4294967292,4278196352,4278320518,4294967294,16776582,4294967295,4289622422,252,4278254020,4294967295,243,4294967295,243,1770153403.0576396
4294967294,4278196353,4278320528,4294967293,16776592,4294967295,4289624315,4294967294,4294965700,4294967295,4294902003,4294967295,4294902003,1770153403.0585833
4294967295,4278196355,4278320545,4294967295,16776609,4294967295,4289626877,4294967295,4294965700,4294967295,4294967283,4294967295,4294967283,1770153403.0598824
4294967295,4278196355,4278320547,4294967294,16776611,4294967295,4289627341,255,4294965700,4294967040,4294902003,4294967040,4294902003,1770153403.0608997
4294967295,4294908036,4294966703,4278255615,4278320559,4294967295,11439346,4294967295,4294965700,4294967295,4294967283,4294967295,4294967283,1770153403.0618231
4294967295,4278196356,4278320563,4294967295,16776627,4294967295,4289629874,255,4294965700,4294967295,4278190323,4294967295,4278190323,1770153403.062721
4294967295,4278196357,4278320574,4294967295,16776638,4294967295,4289631695,4294967295,4294965700,4294902015,243,4294902015,243,1770153403.0635877
4294967295,4278196359,4278320595,4294967294,16776659,4294967295,4289635299,255,4294965700,4294967295,4278190323,4294967295,4278190323,1770153403.0644417
4294967292,4278196362,4278320626,4294967292,16776690,16777215,4289640426,252,4294965700,4294967295,243,4294967295,243,1770153403.0690527
4294967295,4278196366,4278320895,4294967293,16776959,4294967295,4289647751,255,4294965700,4294967295,243,4294967295,243,1770153403.0702112
4294967293,4278196367,4278320873,4294967292,16776937,4294967295,4289649404,253,4294965700,4294967295,4294902003,4294967295,4294902003,1770153403.0712366
4294967295,4278196367,4278320875,4294967294,16776939,4294967295,4289649868,255,4294965700,4294967295,4278190323,4294967295,4278190323,1770153403.0722282
4294967295,4294908048,4294967030,4294967294,4278320886,4294967295,11461609,4294967295,4294965700,4294967295,4294967283,4294967295,4294967283,1770153403.0732594
4294967295,4294908049,4294967039,4294967292,130815,4294967295,11463157,4294902015,4294965700,4294967295,243,4294967295,243,1770153403.0741847
4294967292,4294908049,4294966976,4294967293,4278320832,4294967295,11463133,4294967292,4278192580,4294967295,4294902003,4294967295,4294902003,1770153403.075227
4294967293,4294908051,4294966995,4294967294,4278320851,4294967295,11466495,4294902013,4294904260,4294967295,4294967283,4294967295,4294967283,1770153403.0762608
4294967295,4294908051,4294966996,4294967295,4278320852,4294967295,11466439,4294967295,4294965700,4294967295,4294967283,4294967295,4294967283,1770153403.077295
4294967294,4278196371,4278320854,4294967293,16776918,4294967295,4289657079,254,4294965700,4294967295,4294967283,4294967295,4294967283,1770153403.078336
4294967293,4278196372,4278320863,4294967295,16776927,4294967295,4289658339,4294967293,4294965700,4294967295,4294902003,4294967295,4294902003,1770153403.0793357
4294967294,4294908054,4294967028,4294967294,4278320884,4294967295,11471859,4294902014,4294965700,4294967295,243,4294967295,243,1770153403.080307
4294967293,4294908055,4294967037,4294967295,4278320893,4294967295,11530751,4294902013,4278254020,4294967295,4294967283,4294967295,4294967283,1770153403.0812216
4294967293,4294908055,4294966915,4294967294,4278320771,4294967295,11474418,4294967293,4294965700,4294967295,4294967283,4294967295,4294967283,1770153403.0821068
4294967295,4278196376,4278320784,4294967288,16776848,4294967295,4289666462,4294967295,4294965700,4294967295,243,4294967295,243,1770153403.0829911
4294967294,4278196378,4278320804,4294967294,16776868,4294967295,4289669767,254,4294965700,4294967295,243,4294967295,243,1770153403.0839753
4294967292,4278196379,4278320812,4294967295,16776876,4294967295,4289671083,4294967292,16775620,4294967295,4294902003,4294967295,4294902003,1770153403.0850105
4294967293,4294908059,16776883,4294967290,130739,4294901760,11482073,4294967293,4294966488,4294967295,4294902010,4294967295,4294902010,1770153403.0862029
4294967293,4294908061,4294966975,4294967295,4278320831,4294967295,11533290,4294902013,4278254020,4294967295,4294967283,4294967295,4294967283,1770153403.087163
4294967295,4294908062,4294966988,4294967294,4278320844,4294967295,11486426,4294967295,4278192580,4294967295,4294967283,4294967295,4294967283,1770153403.0883138
4294967294,4278196384,4278320870,4294967294,16776934,4294967295,4289680882,254,4294965700,4294967295,243,4294967295,243,1770153403.089606
4294967293,4278196385,4278320879,4294967292,16776943,4294967295,4289682174,253,4294965700,4294967295,4294902003,4294967295,4294902003,1770153403.0906987
4294967295,4294908066,4294967033,4294967295,4278320889,4294967295,4289716724,4294967295,4278254020,4294967295,4294967283,4294967295,4294967283,1770153403.0923543
4294967294,4278196386,4278320894,4294967288,16776958,4294967295,4289684668,254,4294965700,4294967295,4278190323,4294967295,4278190323,1770153403.0937822
4294967294,4294908068,4294967280,4294967292,4278321136,4294967295,11497685,4294902014,4278192580,4294967295,4294967283,4294967295,4294967283,1770153403.094813
4294967295,4278196388,4278321140,4294967288,16777204,4294967295,4289688309,4294967295,4294965700,4294967295,243,4294967295,243,1770153403.0958655
4294967293,4278196389,4278321145,4294967294,16777209,4294967295,4289689314,4294967293,4294965700,4294967295,4294902003,4294967295,4294902003,1770153403.096859
4294967294,4278196389,4278321148,4294967293,16777212,4294967295,4289689850,254,4294965700,4294967295,243,4294967295,243,1770153403.098022
4294967295,4294908070,4294967267,4294967295,4278321123,4294967295,11500693,4294967295,4278192580,4294967295,4294902003,4294967295,4294902003,1770153403.0989113
4294967295,4278196392,4278321144,4294967295,16777208,4294967295,4289694438,4294967295,4294965700,4294967295,4294967283,4294967295,4294967283,1770153403.0998797
4294967295,4294908072,4294967289,4294967295,4278321145,4294967295,11504334,4294967295,4294965700,4294967295,4294967283,4294967295,4294967283,1770153403.1010795
4294967295,4278196393,4278321099,4294967288,16777163,4294967295,4289697411,255,4294965700,4294967295,243,4294967295,243,1770153403.1022253
4294967295,4278196394,4278321110,4294967288,16777174,4294967295,4289699233,4294967295,4294965700,4294967295,4278190323,4294967295,4278190323,1770153403.1032467
4294967292,4278196397,4278321138,4294967295,16777202,4294967295,4289703854,4294967292,4294965700,4294967295,4294902003,4294967295,4294902003,1770153403.10416
4294967294,4278196399,4278321038,4294967289,16777102,4294967295,4289708502,254,4278254020,4294967295,243,4294967295,243,1770153403.1052177
4294967295,4278196400,4278321048,4294967288,16777112,4294967295,4289710282,4294967295,4294965700,4294967295,4278190323,4294967295,4278190323,1770153403.1062028
4294967295,4294908084,4294967234,4294967294,4278321090,4294967295,11527147,4294967295,4294965700,4294967295,243,4294967295,243,1770153403.1072724
4294967295,4278196406,4278321109,4294967295,16777173,4294967295,4289720235,4294967295,4294965700,4294967295,16711923,4294967295,16711923,1770153403.1083083
4294967294,4278196406,4278321110,4294967292,16777174,4294967295,4289720531,4278190082,63940,4294967295,65523,4294967295,65523,1770153403.10955
4294967294,4294908087,4294967266,4294967293,4278321122,4294967295,11532535,254,4294965700,4294967295,4294967283,4294967295,4294967283,1770153403.1106002
4294967292,4278196408,4278321136,4294967288,16777200,4294967295,4289724907,252,4294965700,4294967295,243,4294967295,243,1770153403.1116252
4294967295,4278196409,131061,4294967042,16777205,4294967295,4289789144,4294967295,4294965700,4294967295,4294902003,4294967295,4294902003,1770153403.1125607
4294967295,4278196410,131071,4294967041,16777215,4294967295,4289788620,4294902015,4294965700,4294967295,4294902003,4294967295,4294902003,1770153403.1135314
4294967292,4278196410,4278317310,4294967292,16773374,4294967295,4289727684,252,4294965700,4294967295,243,4294967295,243,1770153403.1145334
4294967295,4278253754,4294906111,4294967289,16773375,4294967295,11596028,255,4294904260,4294967040,4294967283,4294967040,4294967283,1770153403.1156533
4294967292,4278196410,4278317304,4294967290,16773368,4294967295,4289728714,252,4294966488,4294967295,4278190330,4294967295,4278190330,1770153403.11671
4294967292,4294908092,4294963450,4294967294,4278317306,4294967295,11541708,4294967292,4294965700,4294967295,4294902003,4294967295,4294902003,1770153403.1177225
4294967294,4294908094,4294963440,4294967294,4278317296,4294967295,11545219,4294967294,4294965700,4294967295,4294902003,4294967295,4294902003,1770153403.1187723
4294967293,4278196416,4278317253,4294967293,16773317,4294967295,4289738994,253,4294965700,4294967295,243,4294967295,243,1770153403.1197705
4294902012,4278196417,4278317264,4294967293,16773328,4294967295,4289740782,252,4294965700,4294967295,243,4294967295,243,1770153403.120821
4294967295,4278196417,4278317266,4294967295,16773330,4294967295,4289741054,4294967295,4294965700,4294967295,4278190323,4294967295,4278190323,1770153403.1218953
1,4294965441,16773331,4294967288,4294906067,4294967295,4289774054,255,4294904260,4294967040,243,4294967040,243,1770153403.1228282
4294967292,4294908098,4294963420,4294967294,4278317276,4294967295,11552498,4294967292,4294965700,4294967295,4294902003,4294967295,4294902003,1770153403.1237068
4294967294,4294908100,4294963442,4294967294,4278317298,4294967295,11556330,4294967294,4294965700,4294967295,4294967283,4294967295,4294967283,1770153403.1247058
4294967292,6341,127226,4294967043,16773370,4294967295,4289747662,4294967292,4294965700,4294967295,4294902003,4294967295,4294902003,1770153403.1256475
4294967295,4278196423,4278317204,4294967295,16773268,4294967295,4289752039,4294967295,4294965700,4294967295,243,4294967295,243,1770153403.126682
4294967295,4294965449,16773283,4294967295,4294906019,4294967295,4289754313,4294967295,4294965700,4294967295,4294967283,4294967295,4294967283,1770153403.1275678
4294967293,4294908105,4294963365,4294967294,4278317221,4294967295,11564793,4294967293,4294965700,4294967295,4294967283,4294967295,4294967283,1770153403.128509
4294967295,4278196425,127145,4294967046,16773289,4294967295,4289755321,255,4294965700,4294967295,243,4294967295,243,1770153403.1294272
4294967295,4278196448,4278320359,4294967295,16776423,4294967295,4289564328,255,4294965700,4294967295,243,4294967295,243,1770153403.1332934
4294967292,4278196450,130294,4294967040,16776438,4294967295,4289566920,16777212,4294965700,4294967295,4294967283,4294967295,4294967283,1770153403.1343033
4294967293,4294908130,4294966519,4294967295,4278320375,4294967295,11376880,4294967293,4294965700,4294967295,4294967283,4294967295,4294967283,1770153403.1352818
4294967295,4278196450,4278320379,4294967293,16776443,4294967295,4289567632,255,4294965700,4294967295,243,4294967295,243,1770153403.1362984
4294967295,4278196454,4278320361,4294967295,16776425,4294967295,4289575380,255,4294965700,4294967295,243,4294967295,243,1770153403.1374595
4294967295,4294908137,4294966403,4294967295,4278320259,4294967295,4289579761,4294967295,4294904260,4294967295,4294902003,4294967295,4294902003,1770153403.1385267
4294967294,4278196459,4278258848,4294967295,16776352,4294967295,4289584359,254,4294965700,4294967295,243,4294967295,243,1770153403.1396616
4294967295,4294908140,4294966442,4294967294,4278320298,4294967295,11396062,4294967295,4294965700,4294967295,4294902003,4294967295,4294902003,1770153403.1408272
4294967295,4278196463,4278320334,4294967289,16776398,4294967295,4289591980,4294967295,4294965700,4294967295,4278190323,4294967295,4278190323,1770153403.1420693
4294967295,4278196448,4278320359,4294967295,16776423,4294967295,4289564328,255,4294965700,4294967295,243,4294967295,243,1770153404.1167336
4294967292,4278196450,130294,4294967040,16776438,4294967295,4289566920,16777212,4294965700,4294967295,4294967283,4294967295,4294967283,1770153404.117767
4294967293,4294908130,4294966519,4294967295,4278320375,4294967295,11376880,4294967293,4294965700,4294967295,4294967283,4294967295,4294967283,1770153404.1187725
4294967295,4278196450,4278320379,4294967293,16776443,4294967295,4289567632,255,4294965700,4294967295,243,4294967295,243,1770153404.1197233
4294967295,4278196454,4278320361,4294967295,16776425,4294967295,4289575380,255,4294965700,4294967295,243,4294967295,243,1770153404.1227186
4294967295,4294908137,4294966403,4294967295,4278320259,4294967295,4289579761,4294967295,4294904260,4294967295,4294902003,4294967295,4294902003,1770153404.1236877
4294967294,4278196459,4278258848,4294967295,16776352,4294967295,4289584359,254,4294965700,4294967295,243,4294967295,243,1770153404.1246507
4294967295,4294908140,4294966442,4294967294,4278320298,4294967295,11396062,4294967295,4294965700,4294967295,4294902003,4294967295,4294902003,1770153404.1262538
4294967295,4278196463,4278320334,4294967289,16776398,4294967295,4289591980,4294967295,4294965700,4294967295,4278190323,4294967295,4278190323,1770153404.127309
4294967295,4278196464,4278320341,4294967293,16776405,4294967295,4289593320,255,4294965700,4294967295,243,4294967295,243,1770153404.1286242
4294967295,4294908151,4294966755,4294967294,4278320611,4294967295,11415961,255,4294965700,4294967295,4294902003,4294967295,4294902003,1770153404.1297836
4294967292,4294908154,4294966724,4294967294,4278320580,4294967295,11421419,252,4294965700,4294967295,4294967283,4294967295,4294967283,1770153404.1307988
4294967295,4294908157,4294905313,4294967294,4278259169,4294967295,11458977,4294902015,4294904260,4294967295,4294967283,4294967295,4294967283,1770153404.1318986
4294967292,4294908157,4294966754,4294967295,4278320610,4294967295,11426505,4294967292,4294965700,4294967295,4294967283,4294967295,4294967283,1770153404.1328847
4294967294,4278196477,4278320614,4294967295,16776678,4294967295,4289617129,254,4294965700,4294967295,243,4294967295,243,1770153404.1342402
4294967295,4294908032,4294966658,4294967294,4278320514,4294967295,11431670,4294967295,4278192580,4294967295,4294967283,4294967295,4294967283,1770153404.1352413
4294967292,4278196352,4278320518,4294967294,16776582,4294967295,4289622422,252,4278254020,4294967295,243,4294967295,243,1770153404.136311
4294967294,4278196353,4278320528,4294967293,16776592,4294967295,4289624315,4294967294,4294965700,4294967295,4294902003,4294967295,4294902003,1770153404.1373813
4294967295,4278196355,4278320545,4294967295,16776609,4294967295,4289626877,4294967295,4294965700,4294967295,4294967283,4294967295,4294967283,1770153404.1385057
4294967295,4278196355,4278320547,4294967294,16776611,4294967295,4289627341,255,4294965700,4294967040,4294902003,4294967040,4294902003,1770153404.139581
4294967295,4294908036,4294966703,4278255615,4278320559,4294967295,11439346,4294967295,4294965700,4294967295,4294967283,4294967295,4294967283,1770153404.1406367
4294967295,4278196356,4278320563,4294967295,16776627,4294967295,4289629874,255,4294965700,4294967295,4278190323,4294967295,4278190323,1770153404.1417017
4294967295,4278196357,4278320574,4294967295,16776638,4294967295,4289631695,4294967295,4294965700,4294902015,243,4294902015,243,1770153404.1426816
4294967295,4278196359,4278320595,4294967294,16776659,4294967295,4289635299,255,4294965700,4294967295,4278190323,4294967295,4278190323,1770153404.1436784
4294967292,4278196362,4278320626,4294967292,16776690,16777215,4289640426,252,4294965700,4294967295,243,4294967295,243,1770153404.1448033
4294967295,4278196366,4278320895,4294967293,16776959,4294967295,4289647751,255,4294965700,4294967295,243,4294967295,243,1770153404.1457427
4294967293,4278196367,4278320873,4294967292,16776937,4294967295,4289649404,253,4294965700,4294967295,4294902003,4294967295,4294902003,1770153404.146785
4294967295,4278196367,4278320875,4294967294,16776939,4294967295,4289649868,255,4294965700,4294967295,4278190323,4294967295,4278190323,1770153404.1477773
4294967295,4294908048,4294967030,4294967294,4278320886,4294967295,11461609,4294967295,4294965700,4294967295,4294967283,4294967295,4294967283,1770153404.1488922
4294967295,4294908049,4294967039,4294967292,130815,4294967295,11463157,4294902015,4294965700,4294967295,243,4294967295,243,1770153404.1499434
4294967292,4294908049,4294966976,4294967293,4278320832,4294967295,11463133,4294967292,4278192580,4294967295,4294902003,4294967295,4294902003,1770153404.1509044
4294967293,4294908051,4294966995,4294967294,4278320851,4294967295,11466495,4294902013,4294904260,4294967295,4294967283,4294967295,4294967283,1770153404.1518767
4294967295,4294908051,4294966996,4294967295,4278320852,4294967295,11466439,4294967295,4294965700,4294967295,4294967283,4294967295,4294967283,1770153404.1528037
4294967294,4278196371,4278320854,4294967293,16776918,4294967295,4289657079,254,4294965700,4294967295,4294967283,4294967295,4294967283,1770153404.153674
4294967293,4278196372,4278320863,4294967295,16776927,4294967295,4289658339,4294967293,4294965700,4294967295,4294902003,4294967295,4294902003,1770153404.1545188
4294967294,4294908054,4294967028,4294967294,4278320884,4294967295,11471859,4294902014,4294965700,4294967295,243,4294967295,243,1770153404.1554072
4294967293,4294908055,4294967037,4294967295,4278320893,4294967295,11530751,4294902013,4278254020,4294967295,4294967283,4294967295,4294967283,1770153404.1562529
4294967293,4294908055,4294966915,4294967294,4278320771,4294967295,11474418,4294967293,4294965700,4294967295,4294967283,4294967295,4294967283,1770153404.157227
4294967295,4278196376,4278320784,4294967288,16776848,4294967295,4289666462,4294967295,4294965700,4294967295,243,4294967295,243,1770153404.1581428
4294967294,4278196378,4278320804,4294967294,16776868,4294967295,4289669767,254,4294965700,4294967295,243,4294967295,243,1770153404.1591625
4294967292,4278196379,4278320812,4294967295,16776876,4294967295,4289671083,4294967292,16775620,4294967295,4294902003,4294967295,4294902003,1770153404.1602173
4294967293,4294908059,16776883,4294967290,130739,4294901760,11482073,4294967293,4294966488,4294967295,4294902010,4294967295,4294902010,1770153404.161188
4294967293,4294908061,4294966975,4294967295,4278320831,4294967295,11533290,4294902013,4278254020,4294967295,4294967283,4294967295,4294967283,1770153404.1620975
4294967295,4294908062,4294966988,4294967294,4278320844,4294967295,11486426,4294967295,4278192580,4294967295,4294967283,4294967295,4294967283,1770153404.1630108
4294967294,4278196384,4278320870,4294967294,16776934,4294967295,4289680882,254,4294965700,4294967295,243,4294967295,243,1770153404.163929
4294967293,4278196385,4278320879,4294967292,16776943,4294967295,4289682174,253,4294965700,4294967295,4294902003,4294967295,4294902003,1770153404.164828
4294967295,4294908066,4294967033,4294967295,4278320889,4294967295,4289716724,4294967295,4278254020,4294967295,4294967283,4294967295,4294967283,1770153404.1657245
4294967294,4278196386,4278320894,4294967288,16776958,4294967295,4289684668,254,4294965700,4294967295,4278190323,4294967295,4278190323,1770153404.1666238
4294967294,4294908068,4294967280,4294967292,4278321136,4294967295,11497685,4294902014,4278192580,4294967295,4294967283,4294967295,4294967283,1770153404.1675704
4294967295,4278196388,4278321140,4294967288,16777204,4294967295,4289688309,4294967295,4294965700,4294967295,243,4294967295,243,1770153404.1685557
4294967293,4278196389,4278321145,4294967294,16777209,4294967295,4289689314,4294967293,4294965700,4294967295,4294902003,4294967295,4294902003,1770153404.1694417
4294967294,4278196389,4278321148,4294967293,16777212,4294967295,4289689850,254,4294965700,4294967295,243,4294967295,243,1770153404.1703708
4294967295,4294908070,4294967267,4294967295,4278321123,4294967295,11500693,4294967295,4278192580,4294967295,4294902003,4294967295,4294902003,1770153404.1713889
4294967295,4278196392,4278321144,4294967295,16777208,4294967295,4289694438,4294967295,4294965700,4294967295,4294967283,4294967295,4294967283,1770153404.1723204
4294967295,4294908072,4294967289,4294967295,4278321145,4294967295,11504334,4294967295,4294965700,4294967295,4294967283,4294967295,4294967283,1770153404.1732025
4294967295,4278196393,4278321099,4294967288,16777163,4294967295,4289697411,255,4294965700,4294967295,243,4294967295,243,1770153404.1741073
4294967295,4278196394,4278321110,4294967288,16777174,4294967295,4289699233,4294967295,4294965700,4294967295,4278190323,4294967295,4278190323,1770153404.1751637
4294967292,4278196397,4278321138,4294967295,16777202,4294967295,4289703854,4294967292,4294965700,4294967295,4294902003,4294967295,4294902003,1770153404.1761775
4294967294,4278196399,4278321038,4294967289,16777102,4294967295,4289708502,254,4278254020,4294967295,243,4294967295,243,1770153404.1771772
4294967295,4278196400,4278321048,4294967288,16777112,4294967295,4289710282,4294967295,4294965700,4294967295,4278190323,4294967295,4278190323,1770153404.178209
4294967295,4294908084,4294967234,4294967294,4278321090,4294967295,11527147,4294967295,4294965700,4294967295,243,4294967295,243,1770153404.179214
4294967295,4278196406,4278321109,4294967295,16777173,4294967295,4289720235,4294967295,4294965700,4294967295,16711923,4294967295,16711923,1770153404.1802819
4294967294,4278196406,4278321110,4294967292,16777174,4294967295,4289720531,4278190082,63940,4294967295,65523,4294967295,65523,1770153404.1813455
4294967294,4294908087,4294967266,4294967293,4278321122,4294967295,11532535,254,4294965700,4294967295,4294967283,4294967295,4294967283,1770153404.182339
4294967292,4278196408,4278321136,4294967288,16777200,4294967295,4289724907,252,4294965700,4294967295,243,4294967295,243,1770153404.1833138
4294967295,4278196409,131061,4294967042,16777205,4294967295,4289789144,4294967295,4294965700,4294967295,4294902003,4294967295,4294902003,1770153404.1844141
4294967295,4278196410,131071,4294967041,16777215,4294967295,4289788620,4294902015,4294965700,4294967295,4294902003,4294967295,4294902003,1770153404.1854708
4294967292,4278196410,4278317310,4294967292,16773374,4294967295,4289727684,252,4294965700,4294967295,243,4294967295,243,1770153404.1864295
4294967295,4278253754,4294906111,4294967289,16773375,4294967295,11596028,255,4294904260,4294967040,4294967283,4294967040,4294967283,1770153404.187388
4294967292,4278196410,4278317304,4294967290,16773368,4294967295,4289728714,252,4294966488,4294967295,4278190330,4294967295,4278190330,1770153404.1883736
4294967292,4294908092,4294963450,4294967294,4278317306,4294967295,11541708,4294967292,4294965700,4294967295,4294902003,4294967295,4294902003,1770153404.1894016
4294967294,4294908094,4294963440,4294967294,4278317296,4294967295,11545219,4294967294,4294965700,4294967295,4294902003,4294967295,4294902003,1770153404.1905787
4294967293,4278196416,4278317253,4294967293,16773317,4294967295,4289738994,253,4294965700,4294967295,243,4294967295,243,1770153404.1915267
4294902012,4278196417,4278317264,4294967293,16773328,4294967295,4289740782,252,4294965700,4294967295,243,4294967295,243,1770153404.1925056
4294967295,4278196417,4278317266,4294967295,16773330,4294967295,4289741054,4294967295,4294965700,4294967295,4278190323,4294967295,4278190323,1770153404.193543
1,4294965441,16773331,4294967288,4294906067,4294967295,4289774054,255,4294904260,4294967040,243,4294967040,243,1770153404.1945841
4294967292,4294908098,4294963420,4294967294,4278317276,4294967295,11552498,4294967292,4294965700,4294967295,4294902003,4294967295,4294902003,1770153404.1956441
4294967294,4294908100,4294963442,4294967294,4278317298,4294967295,11556330,4294967294,4294965700,4294967295,4294967283,4294967295,4294967283,1770153404.1967413
4294967292,6341,127226,4294967043,16773370,4294967295,4289747662,4294967292,4294965700,4294967295,4294902003,4294967295,4294902003,1770153404.19764
4294967295,4278196423,4278317204,4294967295,16773268,4294967295,4289752039,4294967295,4294965700,4294967295,243,4294967295,243,1770153404.198588
4294967295,4294965449,16773283,4294967295,4294906019,4294967295,4289754313,4294967295,4294965700,4294967295,4294967283,4294967295,4294967283,1770153404.1995466
4294967293,4294908105,4294963365,4294967294,4278317221,4294967295,11564793,4294967293,4294965700,4294967295,4294967283,4294967295,4294967283,1770153404.200501
4294967295,4278196425,127145,4294967046,16773289,4294967295,4289755321,255,4294965700,4294967295,243,4294967295,243,1770153404.2013988
4294967295,4294908107,4294963393,4294967288,4278317249,4294967295,11569349,255,4294965700,4294967295,4294902003,4294967295,4294902003,1770153404.2022638
4294967292,4278196428,4278317256,4294967292,16773320,4294967295,4289760449,252,4278254020,4294967295,243,4294967295,243,1770153404.2031941
4294967295,4278196448,4278320359,4294967295,16776423,4294967295,4289564328,255,4294965700,4294967295,243,4294967295,243,1770153404.2069094
4294967292,4278196450,130294,4294967040,16776438,4294967295,4289566920,16777212,4294965700,4294967295,4294967283,4294967295,4294967283,1770153404.2078469
4294967293,4294908130,4294966519,4294967295,4278320375,4294967295,11376880,4294967293,4294965700,4294967295,4294967283,4294967295,4294967283,1770153404.208777
4294967295,4278196450,4278320379,4294967293,16776443,4294967295,4289567632,255,4294965700,4294967295,243,4294967295,243,1770153404.2099805
4294967295,4278196454,4278320361,4294967295,16776425,4294967295,4289575380,255,4294965700,4294967295,243,4294967295,243,1770153404.2109475
4294967295,4294908137,4294966403,4294967295,4278320259,4294967295,4289579761,4294967295,4294904260,4294967295,4294902003,4294967295,4294902003,1770153404.212015
4294967294,4278196459,4278258848,4294967295,16776352,4294967295,4289584359,254,4294965700,4294967295,243,4294967295,243,1770153404.2131035
4294967295,4294908140,4294966442,4294967294,4278320298,4294967295,11396062,4294967295,4294965700,4294967295,4294902003,4294967295,4294902003,1770153404.2141683
4294967295,4278196463,4278320334,4294967289,16776398,4294967295,4289591980,4294967295,4294965700,4294967295,4278190323,4294967295,4278190323,1770153404.2151322
4294967295,4278196464,4278320341,4294967293,16776405,4294967295,4289593320,255,4294965700,4294967295,243,4294967295,243,1770153404.216081
4294967295,4294908151,4294966755,4294967294,4278320611,4294967295,11415961,255,4294965700,4294967295,4294902003,4294967295,4294902003,1770153404.2169104
4294967292,4294908154,4294966724,4294967294,4278320580,4294967295,11421419,252,4294965700,4294967295,4294967283,4294967295,4294967283,1770153404.217846
4294967295,4294908157,4294905313,4294967294,4278259169,4294967295,11458977,4294902015,4294904260,4294967295,4294967283,4294967295,4294967283,1770153404.2187705
4294967292,4294908157,4294966754,4294967295,4278320610,4294967295,11426505,4294967292,4294965700,4294967295,4294967283,4294967295,4294967283,1770153404.219845
4294967294,4278196477,4278320614,4294967295,16776678,4294967295,4289617129,254,4294965700,4294967295,243,4294967295,243,1770153404.2210343
4294967295,4294908032,4294966658,4294967294,4278320514,4294967295,11431670,4294967295,4278192580,4294967295,4294967283,4294967295,4294967283,1770153404.2220092
4294967292,4278196352,4278320518,4294967294,16776582,4294967295,4289622422,252,4278254020,4294967295,243,4294967295,243,1770153404.2231421
4294967294,4278196353,4278320528,4294967293,16776592,4294967295,4289624315,4294967294,4294965700,4294967295,4294902003,4294967295,4294902003,1770153404.2241569
4294967295,4278196355,4278320545,4294967295,16776609,4294967295,4289626877,4294967295,4294965700,4294967295,4294967283,4294967295,4294967283,1770153404.2251189
4294967295,4278196355,4278320547,4294967294,16776611,4294967295,4289627341,255,4294965700,4294967040,4294902003,4294967040,4294902003,1770153404.2285347
4294967295,4294908036,4294966703,4278255615,4278320559,4294967295,11439346,4294967295,4294965700,4294967295,4294967283,4294967295,4294967283,1770153404.2296185
4294967295,4278196356,4278320563,4294967295,16776627,4294967295,4289629874,255,4294965700,4294967295,4278190323,4294967295,4278190323,1770153404.2306304
4294967295,4278196357,4278320574,4294967295,16776638,4294967295,4289631695,4294967295,4294965700,4294902015,243,4294902015,243,1770153404.231649
4294967295,4278196359,4278320595,4294967294,16776659,4294967295,4289635299,255,4294965700,4294967295,4278190323,4294967295,4278190323,1770153404.2327337
4294967292,4278196362,4278320626,4294967292,16776690,16777215,4289640426,252,4294965700,4294967295,243,4294967295,243,1770153404.2337193
4294967295,4278196366,4278320895,4294967293,16776959,4294967295,4289647751,255,4294965700,4294967295,243,4294967295,243,1770153404.2346935
4294967293,4278196367,4278320873,4294967292,16776937,4294967295,4289649404,253,4294965700,4294967295,4294902003,4294967295,4294902003,1770153404.235612
4294967295,4278196367,4278320875,4294967294,16776939,4294967295,4289649868,255,4294965700,4294967295,4278190323,4294967295,4278190323,1770153404.2366464
4294967295,4294908048,4294967030,4294967294,4278320886,4294967295,11461609,4294967295,4294965700,4294967295,4294967283,4294967295,4294967283,1770153404.2377675
4294967295,4294908049,4294967039,4294967292,130815,4294967295,11463157,4294902015,4294965700,4294967295,243,4294967295,243,1770153404.2387326
4294967292,4294908049,4294966976,4294967293,4278320832,4294967295,11463133,4294967292,4278192580,4294967295,4294902003,4294967295,4294902003,1770153404.239675
4294967293,4294908051,4294966995,4294967294,4278320851,4294967295,11466495,4294902013,4294904260,4294967295,4294967283,4294967295,4294967283,1770153404.2406669
4294967295,4294908051,4294966996,4294967295,4278320852,4294967295,11466439,4294967295,4294965700,4294967295,4294967283,4294967295,4294967283,1770153404.2416134
4294967294,4278196371,4278320854,4294967293,16776918,4294967295,4289657079,254,4294965700,4294967295,4294967283,4294967295,4294967283,1770153404.2426476
4294967293,4278196372,4278320863,4294967295,16776927,4294967295,4289658339,4294967293,4294965700,4294967295,4294902003,4294967295,4294902003,1770153404.2436934
4294967294,4294908054,4294967028,4294967294,4278320884,4294967295,11471859,4294902014,4294965700,4294967295,243,4294967295,243,1770153404.244687
4294967293,4294908055,4294967037,4294967295,4278320893,4294967295,11530751,4294902013,4278254020,4294967295,4294967283,4294967295,4294967283,1770153404.245682
4294967293,4294908055,4294966915,4294967294,4278320771,4294967295,11474418,4294967293,4294965700,4294967295,4294967283,4294967295,4294967283,1770153404.2466593
4294967295,4278196376,4278320784,4294967288,16776848,4294967295,4289666462,4294967295,4294965700,4294967295,243,4294967295,243,1770153404.2476027
4294967294,4278196378,4278320804,4294967294,16776868,4294967295,4289669767,254,4294965700,4294967295,243,4294967295,243,1770153404.2485335
4294967292,4278196379,4278320812,4294967295,16776876,4294967295,4289671083,4294967292,16775620,4294967295,4294902003,4294967295,4294902003,1770153404.2494123
4294967293,4294908059,16776883,4294967290,130739,4294901760,11482073,4294967293,4294966488,4294967295,4294902010,4294967295,4294902010,1770153404.2503831
4294967293,4294908061,4294966975,4294967295,4278320831,4294967295,11533290,4294902013,4278254020,4294967295,4294967283,4294967295,4294967283,1770153404.2513938
4294967295,4294908062,4294966988,4294967294,4278320844,4294967295,11486426,4294967295,4278192580,4294967295,4294967283,4294967295,4294967283,1770153404.2523282
4294967294,4278196384,4278320870,4294967294,16776934,4294967295,4289680882,254,4294965700,4294967295,243,4294967295,243,1770153404.2533486
4294967293,4278196385,4278320879,4294967292,16776943,4294967295,4289682174,253,4294965700,4294967295,4294902003,4294967295,4294902003,1770153404.2543402
4294967295,4294908066,4294967033,4294967295,4278320889,4294967295,4289716724,4294967295,4278254020,4294967295,4294967283,4294967295,4294967283,1770153404.2552776
4294967294,4278196386,4278320894,4294967288,16776958,4294967295,4289684668,254,4294965700,4294967295,4278190323,4294967295,4278190323,1770153404.2562149
4294967294,4294908068,4294967280,4294967292,4278321136,4294967295,11497685,4294902014,4278192580,4294967295,4294967283,4294967295,4294967283,1770153404.2571092
4294967295,4278196388,4278321140,4294967288,16777204,4294967295,4289688309,4294967295,4294965700,4294967295,243,4294967295,243,1770153404.2579002
4294967293,4278196389,4278321145,4294967294,16777209,4294967295,4289689314,4294967293,4294965700,4294967295,4294902003,4294967295,4294902003,1770153404.2588608
4294967294,4278196389,4278321148,4294967293,16777212,4294967295,4289689850,254,4294965700,4294967295,243,4294967295,243,1770153404.2598348
4294967295,4294908070,4294967267,4294967295,4278321123,4294967295,11500693,4294967295,4278192580,4294967295,4294902003,4294967295,4294902003,1770153404.2608752
4294967295,4278196392,4278321144,4294967295,16777208,4294967295,4289694438,4294967295,4294965700,4294967295,4294967283,4294967295,4294967283,1770153404.2618804
4294967295,4294908072,4294967289,4294967295,4278321145,4294967295,11504334,4294967295,4294965700,4294967295,4294967283,4294967295,4294967283,1770153404.2629251
4294967295,4278196393,4278321099,4294967288,16777163,4294967295,4289697411,255,4294965700,4294967295,243,4294967295,243,1770153404.2638268
4294967295,4278196394,4278321110,4294967288,16777174,4294967295,4289699233,4294967295,4294965700,4294967295,4278190323,4294967295,4278190323,1770153404.2647395
4294967292,4278196397,4278321138,4294967295,16777202,4294967295,4289703854,4294967292,4294965700,4294967295,4294902003,4294967295,4294902003,1770153404.2657368
4294967294,4278196399,4278321038,4294967289,16777102,4294967295,4289708502,254,4278254020,4294967295,243,4294967295,243,1770153404.2666383
4294967295,4278196400,4278321048,4294967288,16777112,4294967295,4289710282,4294967295,4294965700,4294967295,4278190323,4294967295,4278190323,1770153404.2675004
4294967295,4294908084,4294967234,4294967294,4278321090,4294967295,11527147,4294967295,4294965700,4294967295,243,4294967295,243,1770153404.2684877
4294967295,4278196406,4278321109,4294967295,16777173,4294967295,4289720235,4294967295,4294965700,4294967295,16711923,4294967295,16711923,1770153404.269394
4294967294,4278196406,4278321110,4294967292,16777174,4294967295,4289720531,4278190082,63940,4294967295,65523,4294967295,65523,1770153404.2703068
4294967294,4294908087,4294967266,4294967293,4278321122,4294967295,11532535,254,4294965700,4294967295,4294967283,4294967295,4294967283,1770153404.2712107
4294967292,4278196408,4278321136,4294967288,16777200,4294967295,4289724907,252,4294965700,4294967295,243,4294967295,243,1770153404.2723508
4294967295,4278196409,131061,4294967042,16777205,4294967295,4289789144,4294967295,4294965700,4294967295,4294902003,4294967295,4294902003,1770153404.2733605
4294967295,4278196410,131071,4294967041,16777215,4294967295,4289788620,4294902015,4294965700,4294967295,4294902003,4294967295,4294902003,1770153404.274395
4294967292,4278196410,4278317310,4294967292,16773374,4294967295,4289727684,252,4294965700,4294967295,243,4294967295,243,1770153404.2754164
4294967295,4278253754,4294906111,4294967289,16773375,4294967295,11596028,255,4294904260,4294967040,4294967283,4294967040,4294967283,1770153404.2764225
4294967292,4278196410,4278317304,4294967290,16773368,4294967295,4289728714,252,4294966488,4294967295,4278190330,4294967295,4278190330,1770153404.277429
4294967292,4294908092,4294963450,4294967294,4278317306,4294967295,11541708,4294967292,4294965700,4294967295,4294902003,4294967295,4294902003,1770153404.2783444
4294967294,4294908094,4294963440,4294967294,4278317296,4294967295,11545219,4294967294,4294965700,4294967295,4294902003,4294967295,4294902003,1770153404.2792838
4294967293,4278196416,4278317253,4294967293,16773317,4294967295,4289738994,253,4294965700,4294967295,243,4294967295,243,1770153404.2801857
4294902012,4278196417,4278317264,4294967293,16773328,4294967295,4289740782,252,4294965700,4294967295,243,4294967295,243,1770153404.281101
4294967295,4278196417,4278317266,4294967295,16773330,4294967295,4289741054,4294967295,4294965700,4294967295,4278190323,4294967295,4278190323,1770153404.282023
1,4294965441,16773331,4294967288,4294906067,4294967295,4289774054,255,4294904260,4294967040,243,4294967040,243,1770153404.2829046
4294967292,4294908098,4294963420,4294967294,4278317276,4294967295,11552498,4294967292,4294965700,4294967295,4294902003,4294967295,4294902003,1770153404.2838025
4294967294,4294908100,4294963442,4294967294,4278317298,4294967295,11556330,4294967294,4294965700,4294967295,4294967283,4294967295,4294967283,1770153404.2847033
4294967292,6341,127226,4294967043,16773370,4294967295,4289747662,4294967292,4294965700,4294967295,4294902003,4294967295,4294902003,1770153404.2857375
4294967295,4278196423,4278317204,4294967295,16773268,4294967295,4289752039,4294967295,4294965700,4294967295,243,4294967295,243,1770153404.2867274
4294967295,4294965449,16773283,4294967295,4294906019,4294967295,4289754313,4294967295,4294965700,4294967295,4294967283,4294967295,4294967283,1770153404.2876494
4294967293,4294908105,4294963365,4294967294,4278317221,4294967295,11564793,4294967293,4294965700,4294967295,4294967283,4294967295,4294967283,1770153404.288501
4294967295,4278196425,127145,4294967046,16773289,4294967295,4289755321,255,4294965700,4294967295,243,4294967295,243,1770153404.289389
4294967295,4294908107,4294963393,4294967288,4278317249,4294967295,11569349,255,4294965700,4294967295,4294902003,4294967295,4294902003,1770153404.290292
4294967292,4278196428,4278317256,4294967292,16773320,4294967295,4289760449,252,4278254020,4294967295,243,4294967295,243,1770153404.2912138
4294967295,4278253772,4294906061,4294967289,16773325,4294967295,11571449,255,4294904260,4294967040,4294967283,4294967040,4294967283,1770153404.292093
4294967295,4278196448,4278320359,4294967295,16776423,4294967295,4289564328,255,4294965700,4294967295,243,4294967295,243,1770153404.2961047
4294967292,4278196450,130294,4294967040,16776438,4294967295,4289566920,16777212,4294965700,4294967295,4294967283,4294967295,4294967283,1770153404.2973225
4294967293,4294908130,4294966519,4294967295,4278320375,4294967295,11376880,4294967293,4294965700,4294967295,4294967283,4294967295,4294967283,1770153404.2983675
4294967295,4278196450,4278320379,4294967293,16776443,4294967295,4289567632,255,4294965700,4294967295,243,4294967295,243,1770153404.2993665
4294967295,4278196454,4278320361,4294967295,16776425,4294967295,4289575380,255,4294965700,4294967295,243,4294967295,243,1770153404.3003914
4294967295,4294908137,4294966403,4294967295,4278320259,4294967295,4289579761,4294967295,4294904260,4294967295,4294902003,4294967295,4294902003,1770153404.3013313
4294967294,4278196459,4278258848,4294967295,16776352,4294967295,4289584359,254,4294965700,4294967295,243,4294967295,243,1770153404.3022096
4294967295,4294908140,4294966442,4294967294,4278320298,4294967295,11396062,4294967295,4294965700,4294967295,4294902003,4294967295,4294902003,1770153404.3033416
4294967295,4278196463,4278320334,4294967289,16776398,4294967295,4289591980,4294967295,4294965700,4294967295,4278190323,4294967295,4278190323,1770153404.3043423
4294967295,4278196464,4278320341,4294967293,16776405,4294967295,4289593320,255,4294965700,4294967295,243,4294967295,243,1770153404.3053756
4294967295,4294908151,4294966755,4294967294,4278320611,4294967295,11415961,255,4294965700,4294967295,4294902003,4294967295,4294902003,1770153404.3063576
4294967292,4294908154,4294966724,4294967294,4278320580,4294967295,11421419,252,4294965700,4294967295,4294967283,4294967295,4294967283,1770153404.307324
4294967295,4294908157,4294905313,4294967294,4278259169,4294967295,11458977,4294902015,4294904260,4294967295,4294967283,4294967295,4294967283,1770153404.3082414
4294967292,4294908157,4294966754,4294967295,4278320610,4294967295,11426505,4294967292,4294965700,4294967295,4294967283,4294967295,4294967283,1770153404.309376
4294967294,4278196477,4278320614,4294967295,16776678,4294967295,4289617129,254,4294965700,4294967295,243,4294967295,243,1770153404.3104181
4294967295,4294908032,4294966658,4294967294,4278320514,4294967295,11431670,4294967295,4278192580,4294967295,4294967283,4294967295,4294967283,1770153404.3114405
4294967292,4278196352,4278320518,4294967294,16776582,4294967295,4289622422,252,4278254020,4294967295,243,4294967295,243,1770153404.3125002
4294967294,4278196353,4278320528,4294967293,16776592,4294967295,4289624315,4294967294,4294965700,4294967295,4294902003,4294967295,4294902003,1770153404.3135269
4294967295,4278196355,4278320545,4294967295,16776609,4294967295,4289626877,4294967295,4294965700,4294967295,4294967283,4294967295,4294967283,1770153404.3145726
4294967295,4278196355,4278320547,4294967294,16776611,4294967295,4289627341,255,4294965700,4294967040,4294902003,4294967040,4294902003,1770153404.315604
4294967295,4294908036,4294966703,4278255615,4278320559,4294967295,11439346,4294967295,4294965700,4294967295,4294967283,4294967295,4294967283,1770153404.3165808
4294967295,4278196356,4278320563,4294967295,16776627,4294967295,4289629874,255,4294965700,4294967295,4278190323,4294967295,4278190323,1770153404.3175502
4294967295,4278196357,4278320574,4294967295,16776638,4294967295,4289631695,4294967295,4294965700,4294902015,243,4294902015,243,1770153404.3184798
4294967295,4278196359,4278320595,4294967294,16776659,4294967295,4289635299,255,4294965700,4294967295,4278190323,4294967295,4278190323,1770153404.3193603
4294967292,4278196362,4278320626,4294967292,16776690,16777215,4289640426,252,4294965700,4294967295,243,4294967295,243,1770153404.3202212
4294967295,4278196366,4278320895,4294967293,16776959,4294967295,4289647751,255,4294965700,4294967295,243,4294967295,243,1770153404.3210828
4294967293,4278196367,4278320873,4294967292,16776937,4294967295,4289649404,253,4294965700,4294967295,4294902003,4294967295,4294902003,1770153404.3219447
4294967295,4278196367,4278320875,4294967294,16776939,4294967295,4289649868,255,4294965700,4294967295,4278190323,4294967295,4278190323,1770153404.3228307
4294967295,4294908048,4294967030,4294967294,4278320886,4294967295,11461609,4294967295,4294965700,4294967295,4294967283,4294967295,4294967283,1770153404.3238423
4294967295,4294908049,4294967039,4294967292,130815,4294967295,11463157,4294902015,4294965700,4294967295,243,4294967295,243,1770153404.3247705
4294967292,4294908049,4294966976,4294967293,4278320832,4294967295,11463133,4294967292,4278192580,4294967295,4294902003,4294967295,4294902003,1770153404.325689
4294967293,4294908051,4294966995,4294967294,4278320851,4294967295,11466495,4294902013,4294904260,4294967295,4294967283,4294967295,4294967283,1770153404.3267004
4294967295,4294908051,4294966996,4294967295,4278320852,4294967295,11466439,4294967295,4294965700,4294967295,4294967283,4294967295,4294967283,1770153404.3277867
4294967294,4278196371,4278320854,4294967293,16776918,4294967295,4289657079,254,4294965700,4294967295,4294967283,4294967295,4294967283,1770153404.3309615
4294967293,4278196372,4278320863,4294967295,16776927,4294967295,4289658339,4294967293,4294965700,4294967295,4294902003,4294967295,4294902003,1770153404.3319588
4294967294,4294908054,4294967028,4294967294,4278320884,4294967295,11471859,4294902014,4294965700,4294967295,243,4294967295,243,1770153404.3329363
4294967293,4294908055,4294967037,4294967295,4278320893,4294967295,11530751,4294902013,4278254020,4294967295,4294967283,4294967295,4294967283,1770153404.3338542
4294967293,4294908055,4294966915,4294967294,4278320771,4294967295,11474418,4294967293,4294965700,4294967295,4294967283,4294967295,4294967283,1770153404.3349028
4294967295,4278196376,4278320784,4294967288,16776848,4294967295,4289666462,4294967295,4294965700,4294967295,243,4294967295,243,1770153404.3358264
4294967294,4278196378,4278320804,4294967294,16776868,4294967295,4289669767,254,4294965700,4294967295,243,4294967295,243,1770153404.3368056
4294967292,4278196379,4278320812,4294967295,16776876,4294967295,4289671083,4294967292,16775620,4294967295,4294902003,4294967295,4294902003,1770153404.3377209
4294967293,4294908059,16776883,4294967290,130739,4294901760,11482073,4294967293,4294966488,4294967295,4294902010,4294967295,4294902010,1770153404.33861
4294967293,4294908061,4294966975,4294967295,4278320831,4294967295,11533290,4294902013,4278254020,4294967295,4294967283,4294967295,4294967283,1770153404.339573
4294967295,4294908062,4294966988,4294967294,4278320844,4294967295,11486426,4294967295,4278192580,4294967295,4294967283,4294967295,4294967283,1770153404.340553
4294967294,4278196384,4278320870,4294967294,16776934,4294967295,4289680882,254,4294965700,4294967295,243,4294967295,243,1770153404.3415282
4294967293,4278196385,4278320879,4294967292,16776943,4294967295,4289682174,253,4294965700,4294967295,4294902003,4294967295,4294902003,1770153404.3424208
4294967295,4294908066,4294967033,4294967295,4278320889,4294967295,4289716724,4294967295,4278254020,4294967295,4294967283,4294967295,4294967283,1770153404.3433266
4294967294,4278196386,4278320894,4294967288,16776958,4294967295,4289684668,254,4294965700,4294967295,4278190323,4294967295,4278190323,1770153404.3442976
4294967294,4294908068,4294967280,4294967292,4278321136,4294967295,11497685,4294902014,4278192580,4294967295,4294967283,4294967295,4294967283,1770153404.34545
4294967295,4278196388,4278321140,4294967288,16777204,4294967295,4289688309,4294967295,4294965700,4294967295,243,4294967295,243,1770153404.3466136
4294967293,4278196389,4278321145,4294967294,16777209,4294967295,4289689314,4294967293,4294965700,4294967295,4294902003,4294967295,4294902003,1770153404.3475802
4294967294,4278196389,4278321148,4294967293,16777212,4294967295,4289689850,254,4294965700,4294967295,243,4294967295,243,1770153404.3485868
4294967295,4294908070,4294967267,4294967295,4278321123,4294967295,11500693,4294967295,4278192580,4294967295,4294902003,4294967295,4294902003,1770153404.34952
4294967295,4278196392,4278321144,4294967295,16777208,4294967295,4289694438,4294967295,4294965700,4294967295,4294967283,4294967295,4294967283,1770153404.350489
4294967295,4294908072,4294967289,4294967295,4278321145,4294967295,11504334,4294967295,4294965700,4294967295,4294967283,4294967295,4294967283,1770153404.3515387
4294967295,4278196393,4278321099,4294967288,16777163,4294967295,4289697411,255,4294965700,4294967295,243,4294967295,243,1770153404.3525052
4294967295,4278196394,4278321110,4294967288,16777174,4294967295,4289699233,4294967295,4294965700,4294967295,4278190323,4294967295,4278190323,1770153404.353407
4294967292,4278196397,4278321138,4294967295,16777202,4294967295,4289703854,4294967292,4294965700,4294967295,4294902003,4294967295,4294902003,1770153404.354347
4294967294,4278196399,4278321038,4294967289,16777102,4294967295,4289708502,254,4278254020,4294967295,243,4294967295,243,1770153404.3553271
4294967295,4278196400,4278321048,4294967288,16777112,4294967295,4289710282,4294967295,4294965700,4294967295,4278190323,4294967295,4278190323,1770153404.3562381
4294967295,4294908084,4294967234,4294967294,4278321090,4294967295,11527147,4294967295,4294965700,4294967295,243,4294967295,243,1770153404.3570206
4294967295,4278196406,4278321109,4294967295,16777173,4294967295,4289720235,4294967295,4294965700,4294967295,16711923,4294967295,16711923,1770153404.3578916
4294967294,4278196406,4278321110,4294967292,16777174,4294967295,4289720531,4278190082,63940,4294967295,65523,4294967295,65523,1770153404.3586907
4294967294,4294908087,4294967266,4294967293,4278321122,4294967295,11532535,254,4294965700,4294967295,4294967283,4294967295,4294967283,1770153404.3595853
4294967292,4278196408,4278321136,4294967288,16777200,4294967295,4289724907,252,4294965700,4294967295,243,4294967295,243,1770153404.3606002
4294967295,4278196409,131061,4294967042,16777205,4294967295,4289789144,4294967295,4294965700,4294967295,4294902003,4294967295,4294902003,1770153404.3615568
4294967295,4278196410,131071,4294967041,16777215,4294967295,4289788620,4294902015,4294965700,4294967295,4294902003,4294967295,4294902003,1770153404.3625627
4294967292,4278196410,4278317310,4294967292,16773374,4294967295,4289727684,252,4294965700,4294967295,243,4294967295,243,1770153404.3635163
4294967295,4278253754,4294906111,4294967289,16773375,4294967295,11596028,255,4294904260,4294967040,4294967283,4294967040,4294967283,1770153404.3645124
4294967292,4278196410,4278317304,4294967290,16773368,4294967295,4289728714,252,4294966488,4294967295,4278190330,4294967295,4278190330,1770153404.3654323
4294967292,4294908092,4294963450,4294967294,4278317306,4294967295,11541708,4294967292,4294965700,4294967295,4294902003,4294967295,4294902003,1770153404.3663316
4294967294,4294908094,4294963440,4294967294,4278317296,4294967295,11545219,4294967294,4294965700,4294967295,4294902003,4294967295,4294902003,1770153404.3675694
4294967293,4278196416,4278317253,4294967293,16773317,4294967295,4289738994,253,4294965700,4294967295,243,4294967295,243,1770153404.3685942
4294902012,4278196417,4278317264,4294967293,16773328,4294967295,4289740782,252,4294965700,4294967295,243,4294967295,243,1770153404.3695166
4294967295,4278196417,4278317266,4294967295,16773330,4294967295,4289741054,4294967295,4294965700,4294967295,4278190323,4294967295,4278190323,1770153404.3704262
1,4294965441,16773331,4294967288,4294906067,4294967295,4289774054,255,4294904260,4294967040,243,4294967040,243,1770153404.3713028
4294967292,4294908098,4294963420,4294967294,4278317276,4294967295,11552498,4294967292,4294965700,4294967295,4294902003,4294967295,4294902003,1770153404.3721657
4294967294,4294908100,4294963442,4294967294,4278317298,4294967295,11556330,4294967294,4294965700,4294967295,4294967283,4294967295,4294967283,1770153404.3730698
4294967292,6341,127226,4294967043,16773370,4294967295,4289747662,4294967292,4294965700,4294967295,4294902003,4294967295,4294902003,1770153404.3739424
4294967295,4278196423,4278317204,4294967295,16773268,4294967295,4289752039,4294967295,4294965700,4294967295,243,4294967295,243,1770153404.3748295
4294967295,4294965449,16773283,4294967295,4294906019,4294967295,4289754313,4294967295,4294965700,4294967295,4294967283,4294967295,4294967283,1770153404.3757887
4294967293,4294908105,4294963365,4294967294,4278317221,4294967295,11564793,4294967293,4294965700,4294967295,4294967283,4294967295,4294967283,1770153404.3768213
4294967295,4278196425,127145,4294967046,16773289,4294967295,4289755321,255,4294965700,4294967295,243,4294967295,243,1770153404.3778765
4294967295,4294908107,4294963393,4294967288,4278317249,4294967295,11569349,255,4294965700,4294967295,4294902003,4294967295,4294902003,1770153404.3788388
4294967292,4278196428,4278317256,4294967292,16773320,4294967295,4289760449,252,4278254020,4294967295,243,4294967295,243,1770153404.3797476
4294967295,4278253772,4294906061,4294967289,16773325,4294967295,11571449,255,4294904260,4294967040,4294967283,4294967040,4294967283,1770153404.3806608
4294967295,4278196429,4278317270,4294967295,16773334,4294967295,4289762773,4294967295,4278254020,4294967295,243,4294967295,243,1770153404.3815475
